operon_id,subtype,subtype_score,operon_length,n_crispr,n_spacers,n_tracr,n_cas,n_genes,evalue,gene_name
2061766007@2974,VI,VI,4144,1,5,0,1,2,0.0,Cas13b
2061766007@542,VI,VI,5735,1,12,0,2,3,0.0,Cas13b
3300000318@28,VI,VI,3734,1,6,0,1,1,0.0,Cas13b
3300000318@46,VI,VI,10225,1,5,0,3,5,0.0,Cas13b
3300000839@161,VI,VI,3510,1,7,0,1,1,0.0,Cas13b
3300001096@44,VI,VI,4935,1,20,0,1,2,0.0,Cas13b
3300001350@84,VI,VI,4731,1,5,0,2,2,0.0,Cas13b
3300001351@84,VI,VI,4731,1,5,0,2,2,0.0,Cas13b
3300001368@2,VI,VI,4572,1,6,0,2,3,0.0,Cas13b
3300001368@36,VI,VI,4070,1,6,0,1,1,0.0,Cas13b
3300001484@37,VI,VI,7518,1,22,0,2,3,0.0,Cas13b
3300001485@55,VI,VI,6304,1,18,0,3,3,0.0,Cas13b
3300001520@15,VI,VI,9620,1,8,0,3,6,0.0,Cas13b
3300001592@135,VI,VI,4479,1,5,0,1,3,0.0,Cas13b
3300001598@283,VI,VI,6018,1,16,0,2,4,0.0,Cas13b
3300001598@480,VI,VI,7932,1,23,0,3,4,0.0,Cas13b
3300001784@19,VI,VI,4820,1,9,0,1,2,0.0,Cas13b
3300001784@237,VI,VI,5287,1,17,0,2,3,0.0,Cas13b
3300001865@199,VI,VI,4807,1,9,0,1,2,0.0,Cas13b
3300001868@56,VI,VI,4853,1,11,0,1,3,0.0,Cas13b
3300001869@56,VI,VI,4853,1,11,0,1,3,0.0,Cas13b
3300001881@54,VI,VI,4204,1,13,0,1,1,0.0,Cas13b
3300002026@227,VI,VI,4496,1,8,0,1,2,0.0,Cas13b
3300002026@665,VI,VI,3919,1,8,0,1,2,0.0,Cas13b
3300002101@63,VI,VI,5067,1,14,0,1,3,0.0,Cas13b
3300002103@44,VI,VI,4853,1,11,0,1,3,0.0,Cas13b
3300002344@5,VI,VI,5203,1,16,0,2,2,0.0,Cas13b
3300002346@2,VI,VI,5203,1,16,0,2,2,0.0,Cas13b
3300002542@93,VI,VI,3881,1,5,0,1,1,0.0,Cas13b
3300002641@352,VI,VI,9620,1,8,0,3,6,0.0,Cas13b
3300002641@598,VI,VI,6304,1,18,0,3,3,0.0,Cas13b
3300002641@707,VI,VI,7518,1,22,0,2,3,0.0,Cas13b
3300002839@128,VI,VI,4844,1,11,0,1,3,0.0,Cas13b
3300002854@244,VI,VI,4643,1,19,0,1,1,0.0,Cas13b
3300002854@550,VI,VI,5251,1,25,0,1,1,0.0,Cas13b
3300002855@59,VI,VI,5251,1,25,0,1,1,0.0,Cas13b
3300002855@92,VI,VI,4643,1,19,0,1,1,0.0,Cas13b
3300002898@231,VI,VI,4271,1,12,0,1,1,0.0,Cas13b
3300002988@40,VI,VI,5785,1,25,0,2,4,0.0,Cas13b
3300003329@23,VI,VI,2933,1,5,0,1,1,0.0,Cas13b
3300003369@24,VI,VI,4669,1,16,0,2,2,0.0,Cas13b
3300003473@57,VI,VI,5730,1,24,0,2,2,0.0,Cas13b
3300003770@59,VI,VI,5203,1,16,0,2,3,0.0,Cas13b
3300003778@58,VI,VI,5201,1,16,0,2,3,0.0,Cas13b
3300003842@73,VI,VI,5203,1,16,0,2,2,0.0,Cas13b
3300004628@331,VI,VI,5287,1,17,0,2,3,0.0,Cas13b
3300004628@76,VI,VI,4807,1,9,0,1,2,0.0,Cas13b
3300004634@56,VI,VI,2782,1,10,0,1,1,0.0,Cas13b
3300005284@88,VI,VI,8277,1,24,0,3,3,0.0,Cas13b
3300005403@71,VI,VI,7243,1,13,0,2,4,0.0,Cas13b
3300005563@106,VI,VI,5070,1,20,0,1,1,0.0,Cas13b
3300005827@10,VI,VI,5751,1,27,0,1,2,0.0,Cas13b
3300005916@151,VI,VI,4972,1,12,0,2,4,0.0,Cas13b
3300005920@33,VI,VI,4396,1,4,0,2,2,0.0,Cas13b
3300005932@64,VI,VI,4232,1,10,0,1,1,0.0,Cas13b
3300005961@169,VI,VI,4388,1,9,0,1,1,0.0,Cas13b
3300005961@48,VI,VI,8401,1,34,0,3,5,0.0,Cas13b
3300006192@99,VI,VI,4233,1,6,0,1,2,0.0,Cas13b
3300006247@161,VI,VI,4291,1,10,0,1,1,0.0,Cas13b
3300006253@81,VI,VI,3991,1,6,0,1,1,0.0,Cas13b
3300006317@389,VI,VI,3905,1,5,0,1,2,0.0,Cas13b
3300006488@42,VI,VI,4771,1,12,0,1,2,0.0,Cas13b
3300006498@107,VI,VI,4670,1,10,0,1,2,0.0,Cas13b
3300007194@103,VI,VI,4105,1,12,0,1,3,0.0,Cas13b
3300007206@33,VI,VI,4150,1,4,0,1,2,0.0,Cas13b
3300007297@135,VI,VI,4129,1,8,0,1,1,0.0,Cas13b
3300007314@38,VI,VI,4052,1,7,0,1,3,0.0,Cas13b
3300007527@64,VI,VI,4173,1,4,0,1,2,0.0,Cas13b
3300007646@305,VI,VI,4057,1,7,0,1,1,0.0,Cas13b
3300007740@5,VI,VI,4746,1,6,0,1,2,0.0,Cas13b
3300007746@94,VI,VI,4286,1,10,0,1,1,0.0,Cas13b
3300007976@277,VI,VI,4021,1,8,0,1,3,0.0,Cas13b
3300008094@105,VI,VI,3758,1,5,0,1,1,0.0,Cas13b
3300008096@146,VI,VI,6456,1,4,0,2,2,0.0,Cas13b
3300008138@75,VI,VI,5427,1,22,0,1,2,0.0,Cas13b
3300008142@142,VI,VI,4888,1,13,0,1,2,0.0,Cas13b
3300008150@339,VI,VI,4423,1,7,0,1,2,0.0,Cas13b
3300008150@431,VI,VI,4344,1,5,0,1,3,0.0,Cas13b
3300008275@201,VI,VI,4023,1,8,0,1,2,0.0,Cas13b
3300008412@184,VI,VI,4970,1,15,0,1,2,0.0,Cas13b
3300008480@185,VI,VI,4387,1,10,0,2,2,0.0,Cas13b
3300008481@163,VI,VI,4291,1,10,0,1,1,0.0,Cas13b
3300008492@5,VI,VI,4818,1,12,0,1,2,0.0,Cas13b
3300008494@1,VI,VI,4808,1,12,0,1,3,0.0,Cas13b
3300008506@183,VI,VI,3991,1,6,0,1,1,0.0,Cas13b
3300008634@342,VI,VI,2908,1,10,0,1,1,0.0,Cas13b
3300008664@337,VI,VI,4129,1,8,0,1,1,0.0,Cas13b
3300008680@200,VI,VI,4604,1,9,0,1,2,0.0,Cas13b
3300008680@79,VI,VI,4362,1,11,0,1,1,0.0,Cas13b
3300009073@5,VI,VI,5572,1,24,0,1,3,0.0,Cas13b
3300009074@18,VI,VI,4731,1,5,0,2,2,0.0,Cas13b
3300009393@61,VI,VI,4888,1,13,0,1,2,0.0,Cas13b
3300009421@87,VI,VI,4390,1,13,0,1,1,0.0,Cas13b
3300009430@29,VI,VI,4251,1,5,0,1,1,0.0,Cas13b
3300009517@287,VI,VI,5203,1,16,0,2,3,0.0,Cas13b
3300009695@118,VI,VI,4216,1,12,0,1,1,0.0,Cas13b
3300009768@253,VI,VI,3764,1,4,0,1,1,0.0,Cas13b
3300009870@874,VI,VI,5541,1,24,0,2,2,0.0,Cas13b
3300010163@511,VI,VI,6071,1,11,0,1,3,0.0,Cas13b
3300010163@786,VI,VI,5716,1,6,0,2,2,0.0,Cas13b
3300010353@23,VI,VI,8630,1,68,0,1,2,0.0,Cas13b
3300010430@26,VI,VI,4345,1,4,0,2,2,0.0,Cas13b
3300011134@40,VI,VI,5640,1,22,0,2,4,0.0,Cas13b
3300011503@5,VI,VI,5036,1,13,0,2,2,0.0,Cas13b
3300011692@5,VI,VI,5439,1,19,0,2,3,0.0,Cas13b
3300011909@25,VI,VI,5088,1,15,0,2,2,0.0,Cas13b
3300011909@6,VI,VI,4983,1,11,0,1,2,0.0,Cas13b
3300011933@33,VI,VI,4519,1,4,0,1,2,0.0,Cas13b
3300011933@40,VI,VI,4283,1,5,0,1,2,0.0,Cas13b
3300011967@23,VI,VI,4283,1,5,0,1,2,0.0,Cas13b
3300011967@27,VI,VI,4519,1,4,0,1,3,0.0,Cas13b
3300011970@13,VI,VI,4784,1,8,0,1,2,0.0,Cas13b
3300011970@141,VI,VI,4435,1,8,0,1,2,0.0,Cas13b
3300011973@10,VI,VI,4555,1,8,0,1,2,0.0,Cas13b
3300011973@24,VI,VI,4983,1,11,0,1,2,0.0,Cas13b
3300011973@39,VI,VI,5088,1,15,0,2,2,0.0,Cas13b
3300011974@175,VI,VI,4753,1,11,0,1,2,0.0,Cas13b
3300011974@24,VI,VI,4858,1,13,0,1,2,0.0,Cas13b
3300011976@369,VI,VI,4429,1,5,0,2,2,0.0,Cas13b
3300011976@63,VI,VI,4291,1,10,0,1,1,0.0,Cas13b
3300011976@84,VI,VI,4617,1,8,0,1,2,0.0,Cas13b
3300011978@47,VI,VI,5088,1,15,0,2,2,0.0,Cas13b
3300011978@53,VI,VI,4983,1,11,0,1,2,0.0,Cas13b
3300011985@210,VI,VI,4784,1,8,0,1,2,0.0,Cas13b
3300011985@35,VI,VI,4435,1,8,0,1,2,0.0,Cas13b
3300011988@15,VI,VI,5023,1,15,0,1,2,0.0,Cas13b
3300011988@31,VI,VI,4983,1,11,0,1,2,0.0,Cas13b
3300011988@44,VI,VI,5088,1,15,0,2,2,0.0,Cas13b
3300011988@75,VI,VI,5805,1,28,0,1,2,0.0,Cas13b
3300011990@183,VI,VI,5180,1,14,0,1,2,0.0,Cas13b
3300011990@233,VI,VI,4539,1,14,0,1,3,0.0,Cas13b
3300012007@5,VI,VI,7249,1,11,0,2,5,0.0,Cas13b
3300012016@102,VI,VI,5961,1,34,0,1,1,0.0,Cas13b
3300012020@40,VI,VI,6682,1,25,0,2,2,0.0,Cas13b
3300012533@188,VI,VI,4453,1,6,0,3,3,0.0,Cas13b
3300012943@19,VI,VI,3624,1,7,0,1,1,0.0,Cas13b
3300012956@386,VI,VI,6948,1,24,0,2,3,0.0,Cas13b
3300012983@187,VI,VI,9559,1,9,0,4,4,0.0,Cas13b
3300013075@2,VI,VI,4773,1,18,0,1,2,0.0,Cas13b
3300013901@5,VI,VI,6267,1,4,0,2,2,0.0,Cas13b
3300013939@6,VI,VI,4323,1,11,0,1,2,0.0,Cas13b
3300014026@551,VI,VI,4122,1,8,0,1,1,0.0,Cas13b
3300014038@275,VI,VI,4933,1,14,0,1,2,0.0,Cas13b
3300014043@40,VI,VI,7883,1,19,0,3,5,0.0,Cas13b
3300014047@14,VI,VI,4719,1,11,0,1,1,0.0,Cas13b
3300014057@249,VI,VI,4689,1,12,0,1,2,0.0,Cas13b
3300014060@71,VI,VI,4154,1,11,0,1,1,0.0,Cas13b
3300014203@300,VI,VI,4050,1,7,0,1,2,0.0,Cas13b
3300014292@5,VI,VI,3583,1,4,0,1,1,0.0,Cas13b
3300014293@30,VI,VI,4464,1,13,0,1,1,0.0,Cas13b
3300015369@17,VI,VI,8523,1,24,0,2,3,0.0,Cas13b
3300017646@29,VI,VI,3916,1,5,0,1,2,0.0,Cas13b
3300017652@144,VI,VI,3916,1,5,0,1,2,0.0,Cas13b
3300017658@16,VI,VI,4708,1,17,0,1,3,0.0,Cas13b
3300017814@551,VI,VI,5287,1,17,0,2,3,0.0,Cas13b
3300017814@619,VI,VI,4807,1,9,0,1,2,0.0,Cas13b
3300017817@149,VI,VI,4132,1,9,0,1,1,0.0,Cas13b
3300018475@1308,VI,VI,3673,1,7,0,1,1,0.0,Cas13b
3300018475@656,VI,VI,4119,1,7,0,1,1,0.0,Cas13b
3300018493@247,VI,VI,4863,1,7,0,2,3,0.0,Cas13b
3300018493@878,VI,VI,4119,1,7,0,1,1,0.0,Cas13b
3300018493@965,VI,VI,3666,1,7,0,1,1,0.0,Cas13b
3300018494@561,VI,VI,4119,1,7,0,1,1,0.0,Cas13b
3300018494@580,VI,VI,3666,1,7,0,1,1,0.0,Cas13b
3300018494@886,VI,VI,4863,1,7,0,2,3,0.0,Cas13b
3300018495@491,VI,VI,4119,1,7,0,1,1,0.0,Cas13b
3300018495@541,VI,VI,3666,1,7,0,1,1,0.0,Cas13b
3300018495@987,VI,VI,4863,1,7,0,2,3,0.0,Cas13b
3300018878@1191,VI,VI,4863,1,7,0,2,3,0.0,Cas13b
3300018878@411,VI,VI,3666,1,7,0,1,1,0.0,Cas13b
3300018878@818,VI,VI,4119,1,7,0,1,1,0.0,Cas13b
3300019376@84,VI,VI,4863,1,7,0,2,3,0.0,Cas13b
3300019378@172,VI,VI,4863,1,7,0,2,3,0.0,Cas13b
3300019760@28,VI,VI,4592,1,4,0,3,3,0.0,Cas13b
3300019845@27,VI,VI,6325,1,18,0,2,3,0.0,Cas13b
3300020057@94,VI,VI,4052,1,11,0,1,2,0.0,Cas13b
3300020079@9,VI,VI,4863,1,7,0,2,3,0.0,Cas13b
3300020112@206,VI,VI,4628,1,14,0,1,1,0.0,Cas13b
3300020137@158,VI,VI,4305,1,10,0,1,1,0.0,Cas13b
3300020144@14,VI,VI,4368,1,11,0,1,3,0.0,Cas13b
3300020148@162,VI,VI,4368,1,11,0,1,3,0.0,Cas13b
3300020271@1,VI,VI,2642,1,13,0,1,1,0.0,Cas13b
3300020383@28,VI,VI,4328,1,13,0,1,2,0.0,Cas13b
3300020398@28,VI,VI,4328,1,13,0,1,2,0.0,Cas13b
3300020412@5,VI,VI,4328,1,13,0,1,1,0.0,Cas13b
3300020425@5,VI,VI,4328,1,13,0,1,1,0.0,Cas13b
3300020426@56,VI,VI,4328,1,13,0,1,1,0.0,Cas13b
3300020427@25,VI,VI,4328,1,13,0,1,2,0.0,Cas13b
3300020435@38,VI,VI,4328,1,13,0,1,2,0.0,Cas13b
3300020467@46,VI,VI,4328,1,13,0,1,1,0.0,Cas13b
3300020591@6,VI,VI,4773,1,18,0,1,2,0.0,Cas13b
3300020596@126,VI,VI,4052,1,11,0,1,1,0.0,Cas13b
3300022561@366,VI,VI,4216,1,12,0,1,1,0.0,Cas13b
3300022589@232,VI,VI,4863,1,7,0,2,3,0.0,Cas13b
3300022601@169,VI,VI,4863,1,7,0,2,3,0.0,Cas13b
3300022654@183,VI,VI,4863,1,7,0,2,3,0.0,Cas13b
3300022660@1112,VI,VI,4863,1,7,0,2,3,0.0,Cas13b
3300022660@691,VI,VI,4119,1,7,0,1,1,0.0,Cas13b
3300022660@736,VI,VI,3666,1,7,0,1,1,0.0,Cas13b
3300022661@604,VI,VI,4119,1,7,0,1,1,0.0,Cas13b
3300022661@884,VI,VI,3666,1,7,0,1,1,0.0,Cas13b
3300022661@935,VI,VI,4863,1,7,0,2,3,0.0,Cas13b
3300022741@159,VI,VI,4072,1,9,0,1,1,0.0,Cas13b
3300022742@112,VI,VI,4230,1,11,0,1,1,0.0,Cas13b
3300022753@1067,VI,VI,3666,1,7,0,1,1,0.0,Cas13b
3300022753@307,VI,VI,4119,1,7,0,1,1,0.0,Cas13b
3300022753@860,VI,VI,4863,1,7,0,2,3,0.0,Cas13b
3300022834@40,VI,VI,7815,1,15,0,2,5,0.0,Cas13b
3300022864@2,VI,VI,5007,1,15,0,1,2,0.0,Cas13b
3300022864@20,VI,VI,5134,1,12,0,2,3,0.0,Cas13b
3300022882@49,VI,VI,7818,1,15,0,2,5,0.0,Cas13b
3300022919@50,VI,VI,4342,1,12,0,1,1,0.0,Cas13b
3300023233@36,VI,VI,4139,1,10,0,1,1,0.0,Cas13b
3300023233@8,VI,VI,7818,1,15,0,2,5,0.0,Cas13b
3300023241@33,VI,VI,7818,1,15,0,2,5,0.0,Cas13b
3300023244@20,VI,VI,7818,1,15,0,2,5,0.0,Cas13b
3300023253@28,VI,VI,5007,1,15,0,1,2,0.0,Cas13b
3300023371@1332,VI,VI,4119,1,7,0,1,1,0.0,Cas13b
3300023371@1375,VI,VI,3673,1,7,0,1,1,0.0,Cas13b
3300023371@1597,VI,VI,4863,1,7,0,2,3,0.0,Cas13b
3300024040@10,VI,VI,6414,1,44,0,1,4,0.0,Cas13b
3300024046@39,VI,VI,4368,1,11,0,1,3,0.0,Cas13b
3300024048@58,VI,VI,7818,1,15,0,2,5,0.0,Cas13b
3300024048@70,VI,VI,4974,1,10,0,3,3,0.0,Cas13b
3300024268@1338,VI,VI,3666,1,7,0,1,1,0.0,Cas13b
3300024268@1403,VI,VI,4863,1,7,0,2,3,0.0,Cas13b
3300024269@1225,VI,VI,4863,1,7,0,2,3,0.0,Cas13b
3300024269@862,VI,VI,4474,1,6,0,1,1,0.0,Cas13b
3300024269@883,VI,VI,4119,1,7,0,1,1,0.0,Cas13b
3300024269@909,VI,VI,3673,1,7,0,1,1,0.0,Cas13b
3300024270@1523,VI,VI,4863,1,7,0,2,3,0.0,Cas13b
3300024270@719,VI,VI,3666,1,7,0,1,1,0.0,Cas13b
3300024270@868,VI,VI,4119,1,7,0,1,1,0.0,Cas13b
3300024272@625,VI,VI,3673,1,7,0,1,1,0.0,Cas13b
3300024272@95,VI,VI,4863,1,7,0,2,3,0.0,Cas13b
3300024303@1099,VI,VI,4863,1,7,0,2,3,0.0,Cas13b
3300024303@1361,VI,VI,3673,1,7,0,1,1,0.0,Cas13b
3300025140@12,VI,VI,3750,1,5,0,1,1,0.0,Cas13b
3300025147@2,VI,VI,4216,1,12,0,1,1,0.0,Cas13b
3300025154@151,VI,VI,5589,1,9,0,3,3,0.0,Cas13b
3300025154@84,VI,VI,4292,1,14,0,1,1,0.0,Cas13b
3300025308@92,VI,VI,5379,1,19,0,2,2,0.0,Cas13b
3300025530@230,VI,VI,3881,1,5,0,1,1,0.0,Cas13b
3300025572@369,VI,VI,4211,1,10,0,1,1,0.0,Cas13b
3300025572@374,VI,VI,3881,1,5,0,1,1,0.0,Cas13b
3300025575@127,VI,VI,4853,1,11,0,1,3,0.0,Cas13b
3300025586@77,VI,VI,4951,1,12,0,2,3,0.0,Cas13b
3300025586@79,VI,VI,4833,1,10,0,3,3,0.0,Cas13b
3300025600@143,VI,VI,6482,1,11,0,2,5,0.0,Cas13b
3300025642@114,VI,VI,3417,1,12,0,1,1,0.0,Cas13b
3300026284@49,VI,VI,5399,1,19,0,2,2,0.0,Cas13b
3300026299@143,VI,VI,4611,1,7,0,2,2,0.0,Cas13b
3300026302@269,VI,VI,5203,1,16,0,2,2,0.0,Cas13b
3300027009@37,VI,VI,4825,1,13,0,2,2,0.0,Cas13b
3300027009@68,VI,VI,6038,1,14,0,2,2,0.0,Cas13b
3300027028@28,VI,VI,4599,1,17,0,1,2,0.0,Cas13b
3300027262@94,VI,VI,4390,1,13,0,1,2,0.0,Cas13b
3300027271@98,VI,VI,4132,1,9,0,1,1,0.0,Cas13b
3300027274@8,VI,VI,4547,1,17,0,1,1,0.0,Cas13b
3300027373@57,VI,VI,7243,1,13,0,2,4,0.0,Cas13b
3300027498@195,VI,VI,4390,1,13,0,1,2,0.0,Cas13b
3300027623@131,VI,VI,4521,1,15,0,1,2,0.0,Cas13b
3300027673@224,VI,VI,5062,1,34,0,2,4,0.0,Cas13b
3300027673@236,VI,VI,4388,1,9,0,1,1,0.0,Cas13b
3300027724@33,VI,VI,4978,1,5,0,2,2,0.0,Cas13b
3300027851@223,VI,VI,4059,1,10,0,1,1,0.0,Cas13b
3300028242@707,VI,VI,4863,1,7,0,2,3,0.0,Cas13b
3300028326@531,VI,VI,4820,1,9,0,1,2,0.0,Cas13b
3300028376@3,VI,VI,4483,1,17,0,1,1,0.0,Cas13b
3300028454@145,VI,VI,3553,1,3,0,1,1,0.0,Cas13b
3300028549@622,VI,VI,4326,1,14,0,1,3,0.0,Cas13b
3300028582@171,VI,VI,7808,1,24,0,3,5,0.0,Cas13b
3300028588@88,VI,VI,5635,1,14,0,2,2,0.0,Cas13b
3300028591@1037,VI,VI,5170,1,22,0,1,1,0.0,Cas13b
3300028591@114,VI,VI,8374,1,7,0,3,6,0.0,Cas13b
3300028591@499,VI,VI,4580,1,5,0,1,1,0.0,Cas13b
3300028591@649,VI,VI,10189,1,22,0,3,5,0.0,Cas13b
3300028676@11,VI,VI,5233,1,15,0,2,4,0.0,Cas13b
3300028733@8,VI,VI,9941,1,8,0,3,4,0.0,Cas13b
3300028738@134,VI,VI,5330,1,28,0,1,1,0.0,Cas13b
3300028738@167,VI,VI,4905,1,11,0,2,2,0.0,Cas13b
3300028738@168,VI,VI,6649,1,38,0,2,3,0.0,Cas13b
3300028738@44,VI,VI,5233,1,15,0,2,4,0.0,Cas13b
3300028739@39,VI,VI,5693,1,25,0,2,2,0.0,Cas13b
3300028739@7,VI,VI,5233,1,15,0,2,2,0.0,Cas13b
3300028743@32,VI,VI,9941,1,8,0,3,4,0.0,Cas13b
3300028764@21,VI,VI,4319,1,15,0,2,4,0.0,Cas13b
3300028764@21,VI,VI,4319,1,15,0,2,4,0.0,Cas13b
3300028767@167,VI,VI,7599,1,15,0,3,6,0.0,Cas13b
3300028767@62,VI,VI,5330,1,28,0,1,1,0.0,Cas13b
3300028769@3,VI,VI,5233,1,15,0,2,2,0.0,Cas13b
3300028769@73,VI,VI,5627,1,24,0,2,2,0.0,Cas13b
3300028774@53,VI,VI,5585,1,33,0,1,1,0.0,Cas13b
3300028774@70,VI,VI,5019,1,27,0,1,3,0.0,Cas13b
3300028774@95,VI,VI,5233,1,15,0,2,2,0.0,Cas13b
3300028805@151,VI,VI,14583,1,32,0,4,8,0.0,Cas13b
3300028833@132,VI,VI,8379,1,36,0,1,3,0.0,Cas13b
3300028833@597,VI,VI,7458,1,17,0,2,3,0.0,Cas13b
3300028853@3,VI,VI,5233,1,15,0,2,2,0.0,Cas13b
3300028857@14,VI,VI,5330,1,28,0,1,1,0.0,Cas13b
3300028857@19,VI,VI,7599,1,15,0,3,6,0.0,Cas13b
3300028858@1,VI,VI,5889,1,28,0,2,2,0.0,Cas13b
3300028858@8,VI,VI,5233,1,15,0,2,2,0.0,Cas13b
3300028862@216,VI,VI,12672,1,15,0,4,8,0.0,Cas13b
3300028862@92,VI,VI,4905,1,11,0,2,2,0.0,Cas13b
3300028864@171,VI,VI,5233,1,15,0,2,4,0.0,Cas13b
3300028864@214,VI,VI,5330,1,28,0,1,1,0.0,Cas13b
3300028864@232,VI,VI,4216,1,11,0,1,1,0.0,Cas13b
3300028864@252,VI,VI,4755,1,23,0,1,1,0.0,Cas13b
3300028864@99,VI,VI,5522,1,20,0,2,2,0.0,Cas13b
3300028868@1,VI,VI,5324,1,18,0,2,3,0.0,Cas13b
3300028886@1170,VI,VI,8287,1,19,0,3,4,0.0,Cas13b
3300028886@320,VI,VI,7324,1,21,0,1,3,0.0,Cas13b
3300028886@48,VI,VI,7230,1,12,0,2,5,0.0,Cas13b
3300028886@492,VI,VI,4372,1,22,0,2,2,0.0,Cas13b
3300028888@268,VI,VI,6677,1,12,0,3,3,0.0,Cas13b
3300028888@436,VI,VI,2616,1,6,0,1,1,0.0,Cas13b
3300028914@200,VI,VI,4066,1,8,0,2,2,0.0,Cas13b
3300028914@98,VI,VI,5093,1,5,0,1,2,0.0,Cas13b
3300028916@124,VI,VI,4287,1,4,0,2,2,0.0,Cas13b
3300028968@37,VI,VI,5283,1,21,0,1,3,0.0,Cas13b
3300029025@61,VI,VI,4613,1,11,0,1,2,0.0,Cas13b
3300029105@56,VI,VI,6763,1,12,0,3,4,0.0,Cas13b
3300029221@264,VI,VI,4825,1,11,0,2,2,0.0,Cas13b
3300029297@74,VI,VI,11280,1,20,0,3,7,0.0,Cas13b
3300029305@1543,VI,VI,3666,1,7,0,1,1,0.0,Cas13b
3300029305@2702,VI,VI,4863,1,7,0,2,3,0.0,Cas13b
3300029305@5575,VI,VI,4474,1,6,0,1,1,0.0,Cas13b
3300029388@37,VI,VI,8316,1,5,0,3,6,0.0,Cas13b
3300029435@205,VI,VI,5100,1,7,0,3,3,0.0,Cas13b
3300029445@388,VI,VI,5100,1,7,0,3,3,0.0,Cas13b
3300029449@21,VI,VI,5338,1,9,0,2,4,0.0,Cas13b
3300029573@371,VI,VI,6709,1,5,0,3,3,0.0,Cas13b
3300029615@66,VI,VI,4445,1,11,0,1,2,0.0,Cas13b
3300029705@1974,VI,VI,4474,1,6,0,1,1,0.0,Cas13b
3300029705@200,VI,VI,3666,1,7,0,1,1,0.0,Cas13b
3300029705@956,VI,VI,4863,1,7,0,2,3,0.0,Cas13b
3300029718@163,VI,VI,8290,1,7,0,3,3,0.0,Cas13b
3300029720@258,VI,VI,3427,1,6,0,1,1,0.0,Cas13b
3300029788@176,VI,VI,5092,1,7,0,3,3,0.0,Cas13b
3300029795@388,VI,VI,5100,1,7,0,3,3,0.0,Cas13b
3300029831@28,VI,VI,5668,1,8,0,2,3,0.0,Cas13b
3300029882@16,VI,VI,4108,1,14,0,1,1,0.0,Cas13b
3300029908@112,VI,VI,5530,1,22,0,2,2,0.0,Cas13b
3300029908@181,VI,VI,3770,1,5,0,1,1,0.0,Cas13b
3300029910@109,VI,VI,4174,1,15,0,1,1,0.0,Cas13b
3300029923@117,VI,VI,6139,1,30,0,2,2,0.0,Cas13b
3300029923@164,VI,VI,8422,1,28,0,3,4,0.0,Cas13b
3300029923@168,VI,VI,5233,1,15,0,2,2,0.0,Cas13b
3300029923@227,VI,VI,4216,1,11,0,1,2,0.0,Cas13b
3300029923@249,VI,VI,5019,1,27,0,1,3,0.0,Cas13b
3300029944@29,VI,VI,3844,1,10,0,1,1,0.0,Cas13b
3300029959@213,VI,VI,7243,1,13,0,2,4,0.0,Cas13b
3300029969@34,VI,VI,5404,1,4,0,2,3,0.0,Cas13b
3300029981@34,VI,VI,5330,1,28,0,1,1,0.0,Cas13b
3300029981@44,VI,VI,5035,1,15,0,2,2,0.0,Cas13b
3300029981@50,VI,VI,4636,1,27,0,1,3,0.0,Cas13b
3300029981@65,VI,VI,5233,1,15,0,2,2,0.0,Cas13b
3300029987@104,VI,VI,5233,1,15,0,2,4,0.0,Cas13b
3300029987@29,VI,VI,4579,1,30,0,1,1,0.0,Cas13b
3300029987@39,VI,VI,6308,1,33,0,2,2,0.0,Cas13b
3300029989@105,VI,VI,4657,1,27,0,1,3,0.0,Cas13b
3300029989@11,VI,VI,7693,1,38,0,2,3,0.0,Cas13b
3300029989@126,VI,VI,8673,1,15,0,3,6,0.0,Cas13b
3300029989@201,VI,VI,4905,1,11,0,2,2,0.0,Cas13b
3300029995@24,VI,VI,5233,1,15,0,2,4,0.0,Cas13b
3300029995@52,VI,VI,4228,1,15,0,1,1,0.0,Cas13b
3300029998@133,VI,VI,7941,1,15,0,3,6,0.0,Cas13b
3300029998@190,VI,VI,8332,1,28,0,3,4,0.0,Cas13b
3300030000@105,VI,VI,6308,1,33,0,2,2,0.0,Cas13b
3300030000@162,VI,VI,5233,1,15,0,2,2,0.0,Cas13b
3300030000@191,VI,VI,5889,1,28,0,2,2,0.0,Cas13b
3300030001@61,VI,VI,7122,1,28,0,2,3,0.0,Cas13b
3300030001@74,VI,VI,5019,1,27,0,1,3,0.0,Cas13b
3300030001@85,VI,VI,3542,1,8,0,1,1,0.0,Cas13b
3300030001@89,VI,VI,13199,1,15,0,4,8,0.0,Cas13b
3300030002@117,VI,VI,5233,1,15,0,2,2,0.0,Cas13b
3300030002@143,VI,VI,5390,1,18,0,2,2,0.0,Cas13b
3300030002@35,VI,VI,4216,1,11,0,1,2,0.0,Cas13b
3300030019@227,VI,VI,7908,1,15,0,3,6,0.0,Cas13b
3300030019@27,VI,VI,5585,1,33,0,1,1,0.0,Cas13b
3300030019@284,VI,VI,6547,1,38,0,2,2,0.0,Cas13b
3300030042@75,VI,VI,3448,1,4,0,1,1,0.0,Cas13b
3300030047@190,VI,VI,5019,1,27,0,1,3,0.0,Cas13b
3300030047@199,VI,VI,13191,1,15,0,4,8,0.0,Cas13b
3300030047@53,VI,VI,8924,1,38,0,3,4,0.0,Cas13b
3300030048@16,VI,VI,9218,1,22,0,2,3,0.0,Cas13b
3300030048@38,VI,VI,5233,1,15,0,2,2,0.0,Cas13b
3300030055@33,VI,VI,9306,1,33,0,4,6,0.0,Cas13b
3300030055@33,VI,VI,9306,1,33,0,4,6,0.0,Cas13b
3300030055@38,VI,VI,6308,1,33,0,2,5,0.0,Cas13b
3300030114@137,VI,VI,5324,1,18,0,2,3,0.0,Cas13b
3300030114@36,VI,VI,4482,1,5,0,2,2,0.0,Cas13b
3300030114@9,VI,VI,4165,1,12,0,1,2,0.0,Cas13b
3300030339@113,VI,VI,7000,1,38,0,2,3,0.0,Cas13b
3300030339@118,VI,VI,5019,1,27,0,1,3,0.0,Cas13b
3300030339@138,VI,VI,7932,1,15,0,3,6,0.0,Cas13b
3300030342@108,VI,VI,8673,1,15,0,3,6,0.0,Cas13b
3300030342@145,VI,VI,4706,1,10,0,2,2,0.0,Cas13b
3300030342@26,VI,VI,4905,1,11,0,2,2,0.0,Cas13b
3300030342@56,VI,VI,5330,1,28,0,1,1,0.0,Cas13b
3300030446@235,VI,VI,4957,1,13,0,2,2,0.0,Cas13b
3300030446@407,VI,VI,4419,1,5,0,1,2,0.0,Cas13b
3300030491@16,VI,VI,5019,1,27,0,1,1,0.0,Cas13b
3300030491@48,VI,VI,5233,1,15,0,2,4,0.0,Cas13b
3300030491@61,VI,VI,5324,1,18,0,2,3,0.0,Cas13b
3300030492@12,VI,VI,5035,1,15,0,2,2,0.0,Cas13b
3300030492@39,VI,VI,7932,1,15,0,3,6,0.0,Cas13b
3300030503@178,VI,VI,4174,1,15,0,1,1,0.0,Cas13b
3300030618@14,VI,VI,4174,1,15,0,1,1,0.0,Cas13b
3300030673@36,VI,VI,4936,1,12,0,2,2,0.0,Cas13b
3300030673@59,VI,VI,4670,1,27,0,1,1,0.0,Cas13b
3300030673@80,VI,VI,7710,1,15,0,3,6,0.0,Cas13b
3300030685@166,VI,VI,5889,1,28,0,2,2,0.0,Cas13b
3300030685@82,VI,VI,5233,1,15,0,2,2,0.0,Cas13b
3300030838@40,VI,VI,5233,1,15,0,2,4,0.0,Cas13b
3300030943@132,VI,VI,4905,1,11,0,2,2,0.0,Cas13b
3300030943@219,VI,VI,5233,1,15,0,2,2,0.0,Cas13b
3300030943@307,VI,VI,4219,1,12,0,1,1,0.0,Cas13b
3300030943@68,VI,VI,5019,1,27,0,1,3,0.0,Cas13b
3300031088@98,VI,VI,4202,1,9,0,1,1,0.0,Cas13b
3300031209@13,VI,VI,4609,1,16,0,1,1,0.0,Cas13b
3300031212@20,VI,VI,5841,1,16,0,2,2,0.0,Cas13b
3300031213@35,VI,VI,4280,1,11,0,1,1,0.0,Cas13b
3300031218@35,VI,VI,4082,1,8,0,1,1,0.0,Cas13b
3300031219@32,VI,VI,4148,1,9,0,1,1,0.0,Cas13b
3300031220@69,VI,VI,3944,1,6,0,1,1,0.0,Cas13b
3300031221@197,VI,VI,4807,1,19,0,1,1,0.0,Cas13b
3300031223@225,VI,VI,4280,1,11,0,1,1,0.0,Cas13b
3300031243@59,VI,VI,3950,1,6,0,1,1,0.0,Cas13b
3300031244@7,VI,VI,5233,1,15,0,2,2,0.0,Cas13b
3300031331@58,VI,VI,3868,1,6,0,1,1,0.0,Cas13b
3300031334@20,VI,VI,4082,1,8,0,1,1,0.0,Cas13b
3300031391@193,VI,VI,4609,1,16,0,1,1,0.0,Cas13b
3300031393@482,VI,VI,4609,1,16,0,1,1,0.0,Cas13b
3300031396@33,VI,VI,4675,1,17,0,1,1,0.0,Cas13b
3300031397@1588,VI,VI,4507,1,19,0,1,1,0.0,Cas13b
3300031521@113,VI,VI,6547,1,38,0,2,2,0.0,Cas13b
3300031521@412,VI,VI,5019,1,27,0,1,1,0.0,Cas13b
3300031521@432,VI,VI,5233,1,15,0,2,2,0.0,Cas13b
3300031521@486,VI,VI,5209,1,20,0,2,2,0.0,Cas13b
3300031521@541,VI,VI,4905,1,11,0,2,2,0.0,Cas13b
3300031555@1315,VI,VI,3673,1,7,0,1,1,0.0,Cas13b
3300031555@2324,VI,VI,4863,1,7,0,2,3,0.0,Cas13b
3300031555@2328,VI,VI,4474,1,6,0,1,1,0.0,Cas13b
3300031643@32,VI,VI,4476,1,10,0,1,2,0.0,Cas13b
3300031645@49,VI,VI,4383,1,3,0,1,2,0.0,Cas13b
3300031657@100,VI,VI,4383,1,3,0,1,2,0.0,Cas13b
3300031684@47,VI,VI,4873,1,20,0,1,1,0.0,Cas13b
3300031722@118,VI,VI,5233,1,15,0,2,2,0.0,Cas13b
3300031722@260,VI,VI,5522,1,20,0,2,2,0.0,Cas13b
3300031722@328,VI,VI,5330,1,28,0,1,1,0.0,Cas13b
3300031722@38,VI,VI,4755,1,23,0,1,3,0.0,Cas13b
3300031834@116,VI,VI,5277,1,19,0,1,3,0.0,Cas13b
3300031867@167,VI,VI,5050,1,4,0,2,5,0.0,Cas13b
3300031918@108,VI,VI,8673,1,15,0,3,6,0.0,Cas13b
3300031918@145,VI,VI,4706,1,10,0,2,2,0.0,Cas13b
3300031918@26,VI,VI,4905,1,11,0,2,2,0.0,Cas13b
3300031918@56,VI,VI,5330,1,28,0,1,1,0.0,Cas13b
3300031992@105,VI,VI,5356,1,17,0,1,3,0.0,Cas13b
3300031992@168,VI,VI,8379,1,36,0,1,3,0.0,Cas13b
3300031993@436,VI,VI,4789,1,7,0,2,2,0.0,Cas13b
3300031993@595,VI,VI,6229,1,11,0,2,2,0.0,Cas13b
3300031994@770,VI,VI,14583,1,32,0,4,8,0.0,Cas13b
3300031998@101,VI,VI,4858,1,8,0,2,2,0.0,Cas13b
3300031998@202,VI,VI,5176,1,6,0,1,2,0.0,Cas13b
3300031998@383,VI,VI,5067,1,10,0,2,2,0.0,Cas13b
3300032007@160,VI,VI,7230,1,12,0,2,5,0.0,Cas13b
3300032007@365,VI,VI,4825,1,12,0,1,1,0.0,Cas13b
3300032007@417,VI,VI,8287,1,19,0,3,4,0.0,Cas13b
3300032030@206,VI,VI,4554,1,9,0,1,1,0.0,Cas13b
3300032030@230,VI,VI,10139,1,16,0,3,6,0.0,Cas13b
3300032030@390,VI,VI,4954,1,6,0,2,2,0.0,Cas13b
3300032030@607,VI,VI,5140,1,15,0,1,2,0.0,Cas13b
3300032038@254,VI,VI,9845,1,5,0,3,4,0.0,Cas13b
3300032167@3248,VI,VI,4474,1,6,0,1,1,0.0,Cas13b
3300032167@3367,VI,VI,3666,1,7,0,1,1,0.0,Cas13b
3300032167@769,VI,VI,4863,1,7,0,2,3,0.0,Cas13b
3300032177@79,VI,VI,4177,1,5,0,1,2,0.0,Cas13b
3300032737@2,VI,VI,7108,1,4,0,2,5,0.0,Cas13b
3300033162@14,VI,VI,4813,1,22,0,1,2,0.0,Cas13b
3300033186@71,VI,VI,3774,1,10,0,1,1,0.0,Cas13b
3300033406@123,VI,VI,6566,1,7,0,2,4,0.0,Cas13b
3300033408@111,VI,VI,5344,1,18,0,2,2,0.0,Cas13b
3300033413@68,VI,VI,5344,1,18,0,2,2,0.0,Cas13b
3300033419@39,VI,VI,5344,1,18,0,2,2,0.0,Cas13b
3300033419@50,VI,VI,3997,1,6,0,1,1,0.0,Cas13b
3300033420@49,VI,VI,4496,1,8,0,1,2,0.0,Cas13b
3300033446@14,VI,VI,4496,1,8,0,1,2,0.0,Cas13b
3300033463@186,VI,VI,6018,1,7,0,2,2,0.0,Cas13b
3300033474@2,VI,VI,7108,1,4,0,2,5,0.0,Cas13b
3300033509@213,VI,VI,3863,1,7,0,1,1,0.0,Cas13b
3300033512@91,VI,VI,7043,1,5,0,3,5,0.0,Cas13b
3300033516@189,VI,VI,4259,1,13,0,1,1,0.0,Cas13b
3300033553@171,VI,VI,5055,1,16,0,2,4,0.0,Cas13b
3300033553@298,VI,VI,4745,1,13,0,1,3,0.0,Cas13b
3300033559@98,VI,VI,3797,1,6,0,1,1,0.0,Cas13b
3300033757@399,VI,VI,3689,1,4,0,1,1,0.0,Cas13b
3300035039@22,VI,VI,4219,1,15,0,1,1,0.0,Cas13b
3300035050@94,VI,VI,4219,1,15,0,1,2,0.0,Cas13b
3300035051@17,VI,VI,4153,1,14,0,1,1,0.0,Cas13b
3300035052@39,VI,VI,4087,1,13,0,1,1,0.0,Cas13b
3300035181@777,VI,VI,4190,1,11,0,1,1,0.0,Cas13b
3300035395@97,VI,VI,4496,1,8,0,1,2,0.0,Cas13b
3300035396@41,VI,VI,4496,1,8,0,1,2,0.0,Cas13b
3300035501@79,VI,VI,8345,1,21,0,4,6,0.0,Cas13b
3300035520@228,VI,VI,9019,1,14,0,4,4,0.0,Cas13b
3300035525@32,VI,VI,7125,1,5,0,2,3,0.0,Cas13b
3300035535@30,VI,VI,7125,1,5,0,2,3,0.0,Cas13b
3300035541@148,VI,VI,2878,1,14,0,1,1,0.0,Cas13b
3300035698@1952,VI,VI,4883,1,13,0,1,3,0.0,Cas13b
3300035698@486,VI,VI,4399,1,13,0,1,1,0.0,Cas13b
3300035698@78,VI,VI,7818,1,15,0,2,5,0.0,Cas13b
3300037010@902,VI,VI,4863,1,9,0,1,4,0.0,Cas13b
3300037264@178,VI,VI,5264,1,22,0,1,2,0.0,Cas13b
3300037274@57,VI,VI,4746,1,14,0,1,2,0.0,Cas13b
3300037311@702,VI,VI,4512,1,9,0,1,2,0.0,Cas13b
3300037322@133,VI,VI,5814,1,23,0,2,2,0.0,Cas13b
3300037322@39,VI,VI,5085,1,23,0,1,2,0.0,Cas13b
3300037332@2,VI,VI,5945,1,25,0,2,2,0.0,Cas13b
3300037400@247,VI,VI,8560,1,35,0,2,2,0.0,Cas13b
3300037455@213,VI,VI,8825,1,5,0,4,5,0.0,Cas13b
3300037462@793,VI,VI,7664,1,52,0,1,4,0.0,Cas13b
3300037472@109,VI,VI,4760,1,7,0,2,2,0.0,Cas13b
3300037826@331,VI,VI,7554,1,5,0,3,4,0.0,Cas13b
3300038439@21,VI,VI,6277,1,9,0,2,4,0.0,Cas13b
3300038762@20,VI,VI,6241,1,9,0,4,5,0.0,Cas13b
3300038762@20,VI,VI,6241,1,9,0,4,5,0.0,Cas13b
3300039333@49,VI,VI,4547,1,10,0,1,2,0.0,Cas13b
3300039340@175,VI,VI,4415,1,8,0,1,2,0.0,Cas13b
3300042876@276,VI,VI,5495,1,20,0,2,3,0.0,Cas13b
3300042971@136,VI,VI,4163,1,11,0,1,1,0.0,Cas13b
3300043184@1080,VI,VI,4512,1,9,0,1,2,0.0,Cas13b
3300043184@25,VI,VI,6059,1,32,0,1,2,0.0,Cas13b
3300043244@85,VI,VI,6059,1,32,0,1,1,0.0,Cas13b
3300043961@20,VI,VI,4163,1,11,0,1,1,0.0,Cas13b
3300043962@155,VI,VI,4163,1,11,0,1,1,0.0,Cas13b
3300044477@173,VI,VI,5660,1,33,0,1,2,0.0,Cas13b
3300044477@86,VI,VI,4636,1,19,0,1,1,0.0,Cas13b
3300044554@77,VI,VI,4163,1,11,0,1,1,0.0,Cas13b
3300044558@21,VI,VI,4163,1,11,0,1,1,0.0,Cas13b
3300044559@109,VI,VI,4163,1,11,0,1,1,0.0,Cas13b
3300044564@118,VI,VI,4163,1,11,0,1,1,0.0,Cas13b
3300044565@133,VI,VI,4163,1,11,0,1,1,0.0,Cas13b
3300044658@42,VI,VI,6199,1,10,0,2,4,0.0,Cas13b
3300044673@96,VI,VI,5495,1,20,0,2,2,0.0,Cas13b
3300044712@385,VI,VI,4638,1,6,0,2,2,0.0,Cas13b
3300044712@699,VI,VI,5495,1,20,0,2,2,0.0,Cas13b
3300044712@952,VI,VI,7093,1,44,0,2,3,0.0,Cas13b
3300044819@22,VI,VI,5810,1,22,0,1,3,0.0,Cas13b
3300044940@128,VI,VI,5471,1,24,0,1,1,0.0,Cas13b
3300044941@624,VI,VI,4094,1,3,0,1,1,0.0,Cas13b
3300044993@604,VI,VI,5734,1,28,0,1,2,0.0,Cas13b
3300044994@534,VI,VI,5734,1,28,0,1,3,0.0,Cas13b
3300044998@1458,VI,VI,5734,1,28,0,1,3,0.0,Cas13b
3300045051@127,VI,VI,6237,1,38,0,1,1,0.0,Cas13b
3300045051@137,VI,VI,5495,1,20,0,2,3,0.0,Cas13b
3300045483@261,VI,VI,4879,1,11,0,2,2,0.0,Cas13b
3300045595@190,VI,VI,3704,1,4,0,1,1,0.0,Cas13b
3300045596@67,VI,VI,3902,1,7,0,1,1,0.0,Cas13b
3300045598@128,VI,VI,4163,1,11,0,1,1,0.0,Cas13b
3300045600@180,VI,VI,3704,1,4,0,1,1,0.0,Cas13b
3300045902@756,VI,VI,5734,1,28,0,1,1,0.0,Cas13b
3300045911@725,VI,VI,5734,1,28,0,1,3,0.0,Cas13b
3300045912@1632,VI,VI,5734,1,28,0,1,1,0.0,Cas13b
3300045921@637,VI,VI,4094,1,3,0,1,1,0.0,Cas13b
3300045922@906,VI,VI,5471,1,24,0,1,1,0.0,Cas13b
3300045972@111,VI,VI,5008,1,14,0,2,2,0.0,Cas13b
3300045988@7557,VI,VI,5252,1,10,0,2,4,0.0,Cas13b
3300046047@129,VI,VI,3836,1,6,0,1,1,0.0,Cas13b
3300046839@203,VI,VI,4163,1,11,0,1,1,0.0,Cas13b
3300047189@15,VI,VI,4507,1,20,0,1,1,0.0,Cas13b
3300047643@107,VI,VI,3448,1,13,0,1,1,0.0,Cas13b
3300048050@57,VI,VI,6295,1,33,0,1,3,0.0,Cas13b
3300048569@29,VI,VI,4048,1,11,0,1,1,0.0,Cas13b
3300048574@526,VI,VI,6689,1,36,0,2,2,0.0,Cas13b
3300048574@757,VI,VI,4736,1,8,0,2,2,0.0,Cas13b
3300048575@259,VI,VI,5977,1,27,0,2,2,0.0,Cas13b
3300048575@842,VI,VI,6226,1,29,0,2,4,0.0,Cas13b
3300048576@1032,VI,VI,5839,1,28,0,2,4,0.0,Cas13b
3300048576@185,VI,VI,4696,1,21,0,1,1,0.0,Cas13b
3300048576@308,VI,VI,5053,1,13,0,2,2,0.0,Cas13b
3300048576@503,VI,VI,4736,1,8,0,2,3,0.0,Cas13b
3300048576@896,VI,VI,3607,1,5,0,1,2,0.0,Cas13b
3300048577@1014,VI,VI,5713,1,23,0,2,2,0.0,Cas13b
3300048577@439,VI,VI,4736,1,8,0,2,2,0.0,Cas13b
3300048577@756,VI,VI,4762,1,22,0,1,2,0.0,Cas13b
3300048578@207,VI,VI,5119,1,14,0,2,4,0.0,Cas13b
3300048598@108,VI,VI,3607,1,5,0,1,2,0.0,Cas13b
3300048599@1302,VI,VI,4696,1,21,0,1,1,0.0,Cas13b
3300048599@1520,VI,VI,3607,1,5,0,1,1,0.0,Cas13b
3300050124@66,VI,VI,4982,1,13,0,1,3,0.0,Cas13b
3300050334@617,VI,VI,4494,1,10,0,1,2,0.0,Cas13b
3300050587@223,VI,VI,4494,1,10,0,1,2,0.0,Cas13b
3300050821@2409,VI,VI,3352,1,8,0,1,2,0.0,Cas13b
3300051094@134,VI,VI,4936,1,25,0,1,1,0.0,Cas13b
3300051198@389,VI,VI,4384,1,3,0,2,2,0.0,Cas13b
3300051379@219,VI,VI,5493,1,27,0,1,2,0.0,Cas13b
3300051648@99,VI,VI,4163,1,11,0,1,1,0.0,Cas13b
3300053092@23,VI,VI,5231,1,14,0,1,2,0.0,Cas13b
3300053686@45,VI,VI,4341,1,14,0,1,2,0.0,Cas13b
3300054989@190,VI,VI,4120,1,21,0,1,2,0.0,Cas13b
7000000018@5,VI,VI,3950,1,6,0,1,2,0.0,Cas13b
7000000140@22,VI,VI,3597,1,4,0,1,2,0.0,Cas13b
7000000222@3,VI,VI,4068,1,4,0,1,2,0.0,Cas13b
7000000462@12,VI,VI,4058,1,5,0,1,1,0.0,Cas13b
BackhedF_2015@1085,VI,VI,4613,1,9,0,1,2,0.0,Cas13b
BackhedF_2015@1216,VI,VI,4418,1,8,0,1,2,0.0,Cas13b
BackhedF_2015@1299,VI,VI,4415,1,8,0,1,2,0.0,Cas13b
BackhedF_2015@19801,VI,VI,6991,1,9,0,3,3,0.0,Cas13b
BackhedF_2015@2021,VI,VI,6991,1,9,0,3,5,0.0,Cas13b
BackhedF_2015@30416,VI,VI,6763,1,12,0,3,5,0.0,Cas13b
BackhedF_2015@8562,VI,VI,5206,1,20,0,1,2,0.0,Cas13b
BackhedF_2015@9798,VI,VI,4547,1,10,0,1,2,0.0,Cas13b
BritoIL_2016@10031,VI,VI,4004,1,7,0,2,2,0.0,Cas13b
BritoIL_2016@10610,VI,VI,6783,1,12,0,3,5,0.0,Cas13b
BritoIL_2016@12054,VI,VI,6422,1,6,0,2,2,0.0,Cas13b
BritoIL_2016@14771,VI,VI,6260,1,4,0,3,4,0.0,Cas13b
BritoIL_2016@16357,VI,VI,4785,1,8,0,1,2,0.0,Cas13b
BritoIL_2016@16407,VI,VI,4136,1,9,0,2,2,0.0,Cas13b
BritoIL_2016@16836,VI,VI,4137,1,9,0,1,1,0.0,Cas13b
BritoIL_2016@1985,VI,VI,4093,1,7,0,1,1,0.0,Cas13b
BritoIL_2016@22172,VI,VI,6857,1,14,0,3,4,0.0,Cas13b
BritoIL_2016@25292,VI,VI,8353,1,8,0,3,3,0.0,Cas13b
BritoIL_2016@27014,VI,VI,4005,1,7,0,1,1,0.0,Cas13b
BritoIL_2016@27248,VI,VI,6800,1,12,0,3,4,0.0,Cas13b
BritoIL_2016@28490,VI,VI,4209,1,13,0,1,2,0.0,Cas13b
BritoIL_2016@30315,VI,VI,3700,1,9,0,1,2,0.0,Cas13b
BritoIL_2016@30390,VI,VI,6734,1,11,0,3,4,0.0,Cas13b
BritoIL_2016@32235,VI,VI,4467,1,14,0,1,1,0.0,Cas13b
BritoIL_2016@32328,VI,VI,5466,1,12,0,2,3,0.0,Cas13b
BritoIL_2016@33735,VI,VI,6782,1,12,0,3,5,0.0,Cas13b
BritoIL_2016@5099,VI,VI,6322,1,5,0,3,4,0.0,Cas13b
BritoIL_2016@5159,VI,VI,5606,1,4,0,1,2,0.0,Cas13b
BritoIL_2016@5635,VI,VI,4606,1,16,0,1,1,0.0,Cas13b
BritoIL_2016@7437,VI,VI,10799,1,20,0,4,6,0.0,Cas13b
BritoIL_2016@8681,VI,VI,6851,1,13,0,3,4,0.0,Cas13b
BritoIL_2016@9060,VI,VI,6588,1,9,0,3,4,0.0,Cas13b
Castro-NallarE_2015@56,VI,VI,3927,1,5,0,1,2,0.0,Cas13b
Castro-NallarE_2015@97,VI,VI,3583,1,4,0,1,1,0.0,Cas13b
CM_madagascar@6746,VI,VI,6695,1,7,0,4,5,0.0,Cas13b
CM_periimplantitis@1083,VI,VI,4460,1,7,0,1,2,0.0,Cas13b
CM_periimplantitis@1542,VI,VI,4917,1,10,0,1,3,0.0,Cas13b
CM_periimplantitis@1896,VI,VI,4617,1,8,0,1,2,0.0,Cas13b
CM_periimplantitis@1902,VI,VI,4454,1,3,0,1,2,0.0,Cas13b
CM_periimplantitis@1941,VI,VI,4354,1,4,0,1,2,0.0,Cas13b
CM_periimplantitis@2558,VI,VI,4824,1,11,0,2,2,0.0,Cas13b
CM_periimplantitis@2686,VI,VI,5352,1,19,0,2,3,0.0,Cas13b
CM_periimplantitis@2710,VI,VI,4361,1,4,0,2,2,0.0,Cas13b
CM_periimplantitis@2968,VI,VI,4908,1,10,0,1,2,0.0,Cas13b
CM_periimplantitis@3562,VI,VI,5433,1,15,0,1,4,0.0,Cas13b
CM_periimplantitis@3609,VI,VI,5002,1,15,0,1,2,0.0,Cas13b
CM_periimplantitis@3631,VI,VI,4980,1,11,0,1,2,0.0,Cas13b
CM_periimplantitis@403,VI,VI,4618,1,8,0,1,2,0.0,Cas13b
CM_periimplantitis@462,VI,VI,4460,1,7,0,1,2,0.0,Cas13b
CM_periimplantitis@493,VI,VI,5313,1,16,0,1,3,0.0,Cas13b
CM_periimplantitis@711,VI,VI,4508,1,6,0,1,2,0.0,Cas13b
CM_periimplantitis@80,VI,VI,4298,1,5,0,2,3,0.0,Cas13b
CM_periimplantitis@80,VI,VI,4298,1,5,0,2,3,0.0,Cas13b
CM_periimplantitis@878,VI,VI,5313,1,16,0,1,3,0.0,Cas13b
CosteaPI_2017@10203,VI,VI,5252,1,10,0,2,4,0.0,Cas13b
CosteaPI_2017@10818,VI,VI,4209,1,10,0,1,1,0.0,Cas13b
CosteaPI_2017@12823,VI,VI,6526,1,9,0,3,4,0.0,Cas13b
CosteaPI_2017@13360,VI,VI,4476,1,14,0,1,1,0.0,Cas13b
CosteaPI_2017@14178,VI,VI,6521,1,8,0,3,4,0.0,Cas13b
CosteaPI_2017@15521,VI,VI,4538,1,15,0,1,1,0.0,Cas13b
CosteaPI_2017@15688,VI,VI,6402,1,6,0,3,4,0.0,Cas13b
CosteaPI_2017@15757,VI,VI,4475,1,14,0,1,1,0.0,Cas13b
CosteaPI_2017@1666,VI,VI,4408,1,13,0,1,1,0.0,Cas13b
CosteaPI_2017@17058,VI,VI,4408,1,13,0,1,1,0.0,Cas13b
CosteaPI_2017@20482,VI,VI,8147,1,5,0,3,3,0.0,Cas13b
CosteaPI_2017@22853,VI,VI,8511,1,10,0,3,6,0.0,Cas13b
CosteaPI_2017@2494,VI,VI,4538,1,15,0,1,1,0.0,Cas13b
CosteaPI_2017@25559,VI,VI,4538,1,15,0,1,1,0.0,Cas13b
CosteaPI_2017@26311,VI,VI,6578,1,10,0,4,4,0.0,Cas13b
CosteaPI_2017@32329,VI,VI,4538,1,15,0,1,1,0.0,Cas13b
CosteaPI_2017@34230,VI,VI,7345,1,10,0,2,5,0.0,Cas13b
CosteaPI_2017@3562,VI,VI,4538,1,15,0,1,1,0.0,Cas13b
CosteaPI_2017@39032,VI,VI,3946,1,6,0,1,1,0.0,Cas13b
CosteaPI_2017@40947,VI,VI,6455,1,7,0,3,4,0.0,Cas13b
CosteaPI_2017@41109,VI,VI,4747,1,13,0,1,3,0.0,Cas13b
CosteaPI_2017@42304,VI,VI,5117,1,6,0,2,3,0.0,Cas13b
CosteaPI_2017@45976,VI,VI,4541,1,15,0,1,1,0.0,Cas13b
CosteaPI_2017@5243,VI,VI,4473,1,14,0,1,1,0.0,Cas13b
CosteaPI_2017@7115,VI,VI,4539,1,15,0,1,1,0.0,Cas13b
ERZ1024261@18,VI,VI,11320,1,25,0,3,5,0.0,Cas13b
ERZ1024264@51,VI,VI,10480,1,26,0,4,5,0.0,Cas13b
ERZ1024271@383,VI,VI,9210,1,14,0,3,5,0.0,Cas13b
ERZ1024272@53,VI,VI,11412,1,48,0,4,4,0.0,Cas13b
ERZ1024274@122,VI,VI,11320,1,25,0,3,5,0.0,Cas13b
ERZ1024275@336,VI,VI,4548,1,10,0,1,1,0.0,Cas13b
ERZ1024276@667,VI,VI,4611,1,7,0,1,1,0.0,Cas13b
ERZ1024278@786,VI,VI,9210,1,14,0,3,6,0.0,Cas13b
ERZ1024279@7,VI,VI,9210,1,14,0,3,6,0.0,Cas13b
ERZ1024281@526,VI,VI,7518,1,12,0,3,4,0.0,Cas13b
ERZ1024288@160,VI,VI,8223,1,20,0,3,5,0.0,Cas13b
ERZ1024292@344,VI,VI,4613,1,7,0,1,1,0.0,Cas13b
ERZ1024293@356,VI,VI,4633,1,10,0,1,2,0.0,Cas13b
ERZ1024295@348,VI,VI,10035,1,15,0,4,4,0.0,Cas13b
ERZ1024295@528,VI,VI,4359,1,4,0,2,2,0.0,Cas13b
ERZ1024295@528,VI,VI,4359,1,4,0,2,2,0.0,Cas13b
ERZ1024302@115,VI,VI,8749,1,19,0,5,6,0.0,Cas13b
ERZ1024302@324,VI,VI,4633,1,10,0,1,2,0.0,Cas13b
ERZ1026772@125,VI,VI,6727,1,12,0,3,4,0.0,Cas13b
ERZ1026801@205,VI,VI,6529,1,9,0,3,4,0.0,Cas13b
ERZ1026816@2,VI,VI,7698,1,15,0,3,4,0.0,Cas13b
ERZ1026888@29,VI,VI,6924,1,15,0,3,4,0.0,Cas13b
ERZ1026928@1,VI,VI,6615,1,6,0,2,2,0.0,Cas13b
ERZ1026929@19,VI,VI,6682,1,7,0,2,2,0.0,Cas13b
ERZ1026935@62,VI,VI,4880,1,15,0,1,3,0.0,Cas13b
ERZ1026973@15,VI,VI,4547,1,10,0,1,2,0.0,Cas13b
ERZ1029110@1100,VI,VI,5904,1,14,0,1,3,0.0,Cas13b
ERZ1029110@127,VI,VI,8335,1,32,0,2,3,0.0,Cas13b
ERZ1029110@1458,VI,VI,4768,1,11,0,1,1,0.0,Cas13b
ERZ1029110@1645,VI,VI,5473,1,4,0,1,2,0.0,Cas13b
ERZ1029110@184,VI,VI,11308,1,43,0,4,5,0.0,Cas13b
ERZ1029110@267,VI,VI,5383,1,15,0,1,1,0.0,Cas13b
ERZ1029110@274,VI,VI,4081,1,7,0,1,1,0.0,Cas13b
ERZ1029111@1924,VI,VI,8269,1,6,0,5,6,0.0,Cas13b
ERZ1029111@2199,VI,VI,5575,1,9,0,1,2,0.0,Cas13b
ERZ1029111@2425,VI,VI,4727,1,6,0,1,1,0.0,Cas13b
ERZ1029111@2477,VI,VI,10247,1,23,0,4,5,0.0,Cas13b
ERZ1029111@39,VI,VI,4613,1,7,0,1,1,0.0,Cas13b
ERZ1029111@607,VI,VI,5747,1,23,0,1,2,0.0,Cas13b
ERZ1029111@656,VI,VI,9210,1,14,0,3,6,0.0,Cas13b
ERZ1029112@148,VI,VI,5957,1,8,0,2,2,0.0,Cas13b
ERZ1029112@1501,VI,VI,9523,1,13,0,4,5,0.0,Cas13b
ERZ1029112@1670,VI,VI,4844,1,6,0,1,3,0.0,Cas13b
ERZ1029112@1981,VI,VI,11413,1,48,0,4,4,0.0,Cas13b
ERZ1029112@2286,VI,VI,9671,1,10,0,4,4,0.0,Cas13b
ERZ1029112@2647,VI,VI,8856,1,9,0,2,4,0.0,Cas13b
ERZ1029112@303,VI,VI,7177,1,7,0,3,3,0.0,Cas13b
ERZ1029112@3201,VI,VI,8610,1,5,0,4,4,0.0,Cas13b
ERZ1029112@69,VI,VI,8552,1,4,0,3,5,0.0,Cas13b
ERZ1029114@1012,VI,VI,7059,1,9,0,3,4,0.0,Cas13b
ERZ1029114@1013,VI,VI,5244,1,15,0,1,3,0.0,Cas13b
ERZ1029114@1254,VI,VI,7697,1,6,0,3,6,0.0,Cas13b
ERZ1029114@1308,VI,VI,9808,1,17,0,4,5,0.0,Cas13b
ERZ1029114@1363,VI,VI,4768,1,11,0,1,2,0.0,Cas13b
ERZ1029114@1377,VI,VI,7076,1,5,0,3,3,0.0,Cas13b
ERZ1029114@1383,VI,VI,6499,1,8,0,2,2,0.0,Cas13b
ERZ1029114@156,VI,VI,6726,1,5,0,3,3,0.0,Cas13b
ERZ1029114@1767,VI,VI,6974,1,11,0,2,2,0.0,Cas13b
ERZ1029114@1871,VI,VI,6567,1,7,0,2,4,0.0,Cas13b
ERZ1029114@1902,VI,VI,4969,1,4,0,2,2,0.0,Cas13b
ERZ1029114@313,VI,VI,8911,1,5,0,4,4,0.0,Cas13b
ERZ1029114@606,VI,VI,6705,1,19,0,2,2,0.0,Cas13b
ERZ1029114@624,VI,VI,4081,1,7,0,1,1,0.0,Cas13b
ERZ1029114@677,VI,VI,7133,1,7,0,3,4,0.0,Cas13b
ERZ1029114@83,VI,VI,5394,1,5,0,2,3,0.0,Cas13b
ERZ1029115@1046,VI,VI,4724,1,6,0,1,1,0.0,Cas13b
ERZ1029115@1118,VI,VI,4154,1,3,0,1,1,0.0,Cas13b
ERZ1029115@1400,VI,VI,7448,1,6,0,3,6,0.0,Cas13b
ERZ1029115@1610,VI,VI,5965,1,8,0,2,2,0.0,Cas13b
ERZ1029115@179,VI,VI,5195,1,10,0,2,2,0.0,Cas13b
ERZ1029115@1991,VI,VI,4081,1,7,0,1,1,0.0,Cas13b
ERZ1029115@2122,VI,VI,5737,1,6,0,1,3,0.0,Cas13b
ERZ1029115@2442,VI,VI,5992,1,3,0,1,3,0.0,Cas13b
ERZ1029115@2986,VI,VI,5394,1,12,0,2,2,0.0,Cas13b
ERZ1029115@2994,VI,VI,7560,1,11,0,2,5,0.0,Cas13b
ERZ1029115@3680,VI,VI,8839,1,4,0,4,4,0.0,Cas13b
ERZ1029115@3925,VI,VI,5076,1,7,0,2,2,0.0,Cas13b
ERZ1029115@4031,VI,VI,4140,1,10,0,1,1,0.0,Cas13b
ERZ1029115@437,VI,VI,6655,1,14,0,2,2,0.0,Cas13b
ERZ1029115@715,VI,VI,4781,1,6,0,4,5,0.0,Cas13b
ERZ1029115@869,VI,VI,5741,1,4,0,2,2,0.0,Cas13b
ERZ1029115@921,VI,VI,6410,1,16,0,2,2,0.0,Cas13b
ERZ1029116@1013,VI,VI,4620,1,10,0,1,1,0.0,Cas13b
ERZ1029116@1171,VI,VI,9831,1,4,0,3,6,0.0,Cas13b
ERZ1029116@1335,VI,VI,7820,1,9,0,2,2,0.0,Cas13b
ERZ1029116@1389,VI,VI,4658,1,5,0,2,2,0.0,Cas13b
ERZ1029116@1591,VI,VI,9509,1,13,0,4,5,0.0,Cas13b
ERZ1029116@1594,VI,VI,9013,1,11,0,3,6,0.0,Cas13b
ERZ1029116@176,VI,VI,10124,1,20,0,4,4,0.0,Cas13b
ERZ1029116@1774,VI,VI,6123,1,4,0,4,4,0.0,Cas13b
ERZ1029116@1927,VI,VI,4711,1,9,0,1,1,0.0,Cas13b
ERZ1029116@2247,VI,VI,6517,1,6,0,3,6,0.0,Cas13b
ERZ1029116@35,VI,VI,5394,1,12,0,2,2,0.0,Cas13b
ERZ1029116@350,VI,VI,5817,1,24,0,1,2,0.0,Cas13b
ERZ1033947@110,VI,VI,4845,1,13,0,1,2,0.0,Cas13b
ERZ1034158@104,VI,VI,5195,1,18,0,1,3,0.0,Cas13b
ERZ1034216@12,VI,VI,4621,1,9,0,1,2,0.0,Cas13b
ERZ1034318@98,VI,VI,5195,1,18,0,1,3,0.0,Cas13b
ERZ1034601@107,VI,VI,6695,1,7,0,4,5,0.0,Cas13b
ERZ1034626@116,VI,VI,6384,1,8,0,3,4,0.0,Cas13b
ERZ1034949@20,VI,VI,5497,1,13,0,2,2,0.0,Cas13b
ERZ1035010@62,VI,VI,6555,1,17,0,2,3,0.0,Cas13b
ERZ1036438@7,VI,VI,4283,1,6,0,1,2,0.0,Cas13b
ERZ10407477@51,VI,VI,7303,1,11,0,2,3,0.0,Cas13b
ERZ10407479@205,VI,VI,5072,1,3,0,2,3,0.0,Cas13b
ERZ10407480@1,VI,VI,7124,1,11,0,3,3,0.0,Cas13b
ERZ10407576@120,VI,VI,6766,1,5,0,3,3,0.0,Cas13b
ERZ10544617@172,VI,VI,3910,1,6,0,1,1,0.0,Cas13b
ERZ10544651@148,VI,VI,5456,1,6,0,3,3,0.0,Cas13b
ERZ10544663@101,VI,VI,5214,1,5,0,3,4,0.0,Cas13b
ERZ10552023@35,VI,VI,3852,1,5,0,2,2,0.0,Cas13b
ERZ10759773@155,VI,VI,3929,1,6,0,1,1,0.0,Cas13b
ERZ1106984@241,VI,VI,6717,1,12,0,3,5,0.0,Cas13b
ERZ11448882@49,VI,VI,4111,1,8,0,1,1,0.0,Cas13b
ERZ11466701@25,VI,VI,4408,1,15,0,1,2,0.0,Cas13b
ERZ11466716@83,VI,VI,9380,1,11,0,4,6,0.0,Cas13b
ERZ11466722@101,VI,VI,7998,1,11,0,3,4,0.0,Cas13b
ERZ11466733@103,VI,VI,6323,1,11,0,3,4,0.0,Cas13b
ERZ11466733@127,VI,VI,5778,1,10,0,3,4,0.0,Cas13b
ERZ11466755@28,VI,VI,6823,1,6,0,3,5,0.0,Cas13b
ERZ11466771@138,VI,VI,7800,1,8,0,3,4,0.0,Cas13b
ERZ11466771@45,VI,VI,9380,1,11,0,4,6,0.0,Cas13b
ERZ11466792@156,VI,VI,15126,1,12,0,5,12,0.0,Cas13b
ERZ11466796@412,VI,VI,6401,1,6,0,3,4,0.0,Cas13b
ERZ11466799@200,VI,VI,9446,1,12,0,4,5,0.0,Cas13b
ERZ11466804@123,VI,VI,4155,1,8,0,1,1,0.0,Cas13b
ERZ11466806@85,VI,VI,5398,1,14,0,2,2,0.0,Cas13b
ERZ11466811@135,VI,VI,5572,1,7,0,3,5,0.0,Cas13b
ERZ11466826@327,VI,VI,8153,1,12,0,3,6,0.0,Cas13b
ERZ11466831@30,VI,VI,4235,1,11,0,1,1,0.0,Cas13b
ERZ11474002@57,VI,VI,7327,1,14,0,3,3,0.0,Cas13b
ERZ11474009@15,VI,VI,5284,1,11,0,2,3,0.0,Cas13b
ERZ11474032@5,VI,VI,5133,1,8,0,2,2,0.0,Cas13b
ERZ11723978@9,VI,VI,4287,1,3,0,1,3,0.0,Cas13b
ERZ11772270@18,VI,VI,4447,1,13,0,1,1,0.0,Cas13b
ERZ11772390@8,VI,VI,4448,1,7,0,1,2,0.0,Cas13b
ERZ11772391@9,VI,VI,4787,1,8,0,1,2,0.0,Cas13b
ERZ12190797@48,VI,VI,8304,1,7,0,4,4,0.0,Cas13b
ERZ12202417@173,VI,VI,4482,1,3,0,1,1,0.0,Cas13b
ERZ12202418@241,VI,VI,4687,1,16,0,1,1,0.0,Cas13b
ERZ12202532@82,VI,VI,4544,1,5,0,1,1,0.0,Cas13b
ERZ12202543@149,VI,VI,4423,1,5,0,1,1,0.0,Cas13b
ERZ12202683@179,VI,VI,4566,1,5,0,1,1,0.0,Cas13b
ERZ12202683@84,VI,VI,5962,1,9,0,2,3,0.0,Cas13b
ERZ12202736@111,VI,VI,4610,1,6,0,1,1,0.0,Cas13b
ERZ12202736@89,VI,VI,7963,1,11,0,2,2,0.0,Cas13b
ERZ12202740@360,VI,VI,4714,1,6,0,1,1,0.0,Cas13b
ERZ12202740@506,VI,VI,9289,1,10,0,4,4,0.0,Cas13b
ERZ12202772@136,VI,VI,4497,1,4,0,1,1,0.0,Cas13b
ERZ12202796@188,VI,VI,4657,1,5,0,1,1,0.0,Cas13b
ERZ12202890@1,VI,VI,4228,1,9,0,1,1,0.0,Cas13b
ERZ12202890@86,VI,VI,6431,1,9,0,2,2,0.0,Cas13b
ERZ12202954@152,VI,VI,4497,1,4,0,1,1,0.0,Cas13b
ERZ12203019@19,VI,VI,3796,1,17,0,1,3,0.0,Cas13b
ERZ12203019@43,VI,VI,4228,1,9,0,1,1,0.0,Cas13b
ERZ12203157@109,VI,VI,8808,1,20,0,4,5,0.0,Cas13b
ERZ12203157@144,VI,VI,5190,1,13,0,2,2,0.0,Cas13b
ERZ12289689@96,VI,VI,4388,1,10,0,1,2,0.0,Cas13b
ERZ12289693@9,VI,VI,8773,1,6,0,3,5,0.0,Cas13b
ERZ12289766@158,VI,VI,8669,1,22,0,2,5,0.0,Cas13b
ERZ12289766@220,VI,VI,5129,1,14,0,1,1,0.0,Cas13b
ERZ12289766@273,VI,VI,4566,1,5,0,1,1,0.0,Cas13b
ERZ12289766@410,VI,VI,4862,1,7,0,2,2,0.0,Cas13b
ERZ12289767@115,VI,VI,4005,1,12,0,1,1,0.0,Cas13b
ERZ12289767@158,VI,VI,6664,1,22,0,2,3,0.0,Cas13b
ERZ12289768@119,VI,VI,5142,1,8,0,1,2,0.0,Cas13b
ERZ12289768@319,VI,VI,5522,1,23,0,1,1,0.0,Cas13b
ERZ12289768@332,VI,VI,8808,1,20,0,4,6,0.0,Cas13b
ERZ12289769@232,VI,VI,5522,1,23,0,1,1,0.0,Cas13b
ERZ12289769@245,VI,VI,8949,1,22,0,4,5,0.0,Cas13b
ERZ12289770@236,VI,VI,4930,1,8,0,2,3,0.0,Cas13b
ERZ12289770@414,VI,VI,7234,1,20,0,1,3,0.0,Cas13b
ERZ12289770@780,VI,VI,8808,1,20,0,4,6,0.0,Cas13b
ERZ12289772@229,VI,VI,4507,1,8,0,1,1,0.0,Cas13b
ERZ12295380@85,VI,VI,8304,1,7,0,4,4,0.0,Cas13b
ERZ12298775@28,VI,VI,6137,1,5,0,2,3,0.0,Cas13b
ERZ12298779@9,VI,VI,5049,1,5,0,2,2,0.0,Cas13b
ERZ12298797@45,VI,VI,5049,1,5,0,2,2,0.0,Cas13b
ERZ12298802@3,VI,VI,8064,1,12,0,3,4,0.0,Cas13b
ERZ12302812@112,VI,VI,6168,1,37,0,1,1,0.0,Cas13b
ERZ12302812@129,VI,VI,11019,1,33,0,4,4,0.0,Cas13b
ERZ12302812@246,VI,VI,7583,1,23,0,2,3,0.0,Cas13b
ERZ12302812@456,VI,VI,6704,1,7,0,2,2,0.0,Cas13b
ERZ12302812@727,VI,VI,5334,1,9,0,2,2,0.0,Cas13b
ERZ12302813@469,VI,VI,7458,1,19,0,1,3,0.0,Cas13b
ERZ12302813@544,VI,VI,6510,1,3,0,2,4,0.0,Cas13b
ERZ12302814@192,VI,VI,6934,1,11,0,2,4,0.0,Cas13b
ERZ12302817@537,VI,VI,7518,1,22,0,2,3,0.0,Cas13b
ERZ12302817@743,VI,VI,11019,1,29,0,4,5,0.0,Cas13b
ERZ12302818@949,VI,VI,9620,1,8,0,3,6,0.0,Cas13b
ERZ12302819@1040,VI,VI,4941,1,6,0,2,2,0.0,Cas13b
ERZ12302819@1086,VI,VI,3944,1,8,0,1,1,0.0,Cas13b
ERZ12302820@820,VI,VI,5340,1,3,0,2,2,0.0,Cas13b
ERZ12302821@152,VI,VI,10711,1,32,0,4,4,0.0,Cas13b
ERZ12302822@184,VI,VI,7775,1,21,0,2,2,0.0,Cas13b
ERZ12302822@2,VI,VI,9620,1,8,0,3,6,0.0,Cas13b
ERZ12302850@128,VI,VI,6792,1,6,0,1,3,0.0,Cas13b
ERZ12302850@381,VI,VI,5193,1,16,0,1,2,0.0,Cas13b
ERZ12302851@392,VI,VI,7404,1,13,0,3,4,0.0,Cas13b
ERZ12302851@593,VI,VI,6934,1,11,0,2,4,0.0,Cas13b
ERZ12302852@148,VI,VI,4470,1,11,0,1,1,0.0,Cas13b
ERZ12593096@6,VI,VI,3708,1,5,0,1,1,0.0,Cas13b
ERZ12593127@45,VI,VI,3708,1,5,0,1,1,0.0,Cas13b
ERZ12593164@4,VI,VI,3708,1,5,0,1,1,0.0,Cas13b
ERZ12593176@21,VI,VI,3216,1,5,0,1,1,0.0,Cas13b
ERZ12593177@76,VI,VI,3708,1,5,0,1,1,0.0,Cas13b
ERZ1303856@152,VI,VI,4417,1,8,0,1,3,0.0,Cas13b
ERZ1303940@16,VI,VI,7058,1,10,0,4,4,0.0,Cas13b
ERZ1303940@16,VI,VI,7058,1,10,0,4,4,0.0,Cas13b
ERZ1304044@87,VI,VI,5795,1,29,0,2,2,0.0,Cas13b
ERZ1304057@108,VI,VI,4210,1,10,0,1,1,0.0,Cas13b
ERZ1304057@165,VI,VI,3806,1,4,0,1,1,0.0,Cas13b
ERZ1304068@65,VI,VI,4219,1,5,0,1,2,0.0,Cas13b
ERZ1304181@79,VI,VI,4747,1,14,0,1,3,0.0,Cas13b
ERZ1304466@422,VI,VI,4555,1,11,0,1,2,0.0,Cas13b
ERZ1304561@34,VI,VI,7058,1,10,0,3,3,0.0,Cas13b
ERZ1304772@174,VI,VI,7152,1,26,0,2,5,0.0,Cas13b
ERZ1304830@3,VI,VI,6782,1,6,0,3,3,0.0,Cas13b
ERZ1308053@39,VI,VI,4747,1,13,0,1,3,0.0,Cas13b
ERZ1308114@159,VI,VI,4143,1,9,0,1,1,0.0,Cas13b
ERZ1309139@425,VI,VI,4916,1,14,0,1,1,0.0,Cas13b
ERZ1309468@204,VI,VI,4417,1,8,0,1,3,0.0,Cas13b
ERZ1309490@438,VI,VI,4555,1,11,0,1,2,0.0,Cas13b
ERZ1309786@160,VI,VI,4746,1,13,0,1,3,0.0,Cas13b
ERZ1309885@18,VI,VI,5189,1,10,0,3,3,0.0,Cas13b
ERZ1310175@68,VI,VI,4747,1,13,0,1,3,0.0,Cas13b
ERZ1310180@54,VI,VI,4747,1,13,0,1,3,0.0,Cas13b
ERZ1310267@99,VI,VI,4747,1,13,0,1,3,0.0,Cas13b
ERZ1310337@116,VI,VI,5381,1,10,0,2,3,0.0,Cas13b
ERZ1310386@49,VI,VI,9894,1,10,0,4,7,0.0,Cas13b
ERZ1310737@192,VI,VI,5204,1,20,0,1,3,0.0,Cas13b
ERZ1310973@155,VI,VI,4746,1,13,0,1,3,0.0,Cas13b
ERZ1311059@81,VI,VI,4747,1,13,0,1,3,0.0,Cas13b
ERZ1311071@180,VI,VI,6710,1,5,0,3,3,0.0,Cas13b
ERZ1311482@119,VI,VI,4747,1,13,0,1,3,0.0,Cas13b
ERZ1311496@73,VI,VI,4747,1,13,0,1,3,0.0,Cas13b
ERZ1311546@100,VI,VI,10606,1,5,0,4,6,0.0,Cas13b
ERZ1311600@43,VI,VI,4747,1,13,0,1,3,0.0,Cas13b
ERZ1311621@217,VI,VI,6712,1,5,0,3,3,0.0,Cas13b
ERZ1314575@195,VI,VI,9394,1,11,0,4,5,0.0,Cas13b
ERZ1314619@48,VI,VI,4726,1,10,0,1,3,0.0,Cas13b
ERZ1314653@75,VI,VI,4822,1,13,0,1,3,0.0,Cas13b
ERZ1314689@42,VI,VI,4747,1,13,0,1,3,0.0,Cas13b
ERZ1314691@58,VI,VI,4747,1,13,0,1,3,0.0,Cas13b
ERZ1314775@46,VI,VI,7117,1,11,0,3,3,0.0,Cas13b
ERZ13405063@180,VI,VI,5165,1,8,0,2,3,0.0,Cas13b
ERZ13405065@3,VI,VI,9000,1,6,0,3,4,0.0,Cas13b
ERZ13405066@1,VI,VI,4043,1,7,0,1,2,0.0,Cas13b
ERZ13405072@12,VI,VI,7887,1,8,0,3,4,0.0,Cas13b
ERZ13405076@166,VI,VI,6352,1,9,0,3,4,0.0,Cas13b
ERZ13405566@70,VI,VI,3774,1,4,0,1,1,0.0,Cas13b
ERZ13448297@100,VI,VI,4388,1,10,0,1,2,0.0,Cas13b
ERZ13448298@30,VI,VI,8773,1,6,0,3,5,0.0,Cas13b
ERZ13616153@175,VI,VI,4079,1,8,0,1,1,0.0,Cas13b
ERZ13616192@132,VI,VI,5773,1,14,0,2,2,0.0,Cas13b
ERZ13616192@155,VI,VI,4079,1,8,0,1,1,0.0,Cas13b
ERZ13616290@32,VI,VI,5019,1,5,0,2,3,0.0,Cas13b
ERZ13616637@11,VI,VI,5083,1,7,0,2,2,0.0,Cas13b
ERZ13616907@15,VI,VI,6816,1,12,0,3,4,0.0,Cas13b
ERZ13616907@151,VI,VI,6518,1,9,0,3,4,0.0,Cas13b
ERZ13617306@148,VI,VI,6816,1,12,0,3,4,0.0,Cas13b
ERZ13617508@285,VI,VI,7221,1,7,0,3,4,0.0,Cas13b
ERZ13617659@20,VI,VI,6452,1,8,0,3,3,0.0,Cas13b
ERZ13617676@5,VI,VI,9359,1,11,0,2,5,0.0,Cas13b
ERZ14206912@10,VI,VI,3256,1,4,0,1,1,0.0,Cas13b
ERZ14207223@50,VI,VI,4688,1,10,0,1,2,0.0,Cas13b
ERZ14207239@11,VI,VI,4654,1,6,0,1,2,0.0,Cas13b
ERZ14207247@19,VI,VI,5012,1,14,0,1,2,0.0,Cas13b
ERZ14207252@5,VI,VI,4587,1,5,0,1,2,0.0,Cas13b
ERZ14207262@5,VI,VI,4587,1,5,0,1,2,0.0,Cas13b
ERZ14207275@14,VI,VI,4717,1,7,0,1,2,0.0,Cas13b
ERZ14207275@25,VI,VI,4892,1,12,0,2,3,0.0,Cas13b
ERZ14207277@10,VI,VI,4296,1,3,0,2,2,0.0,Cas13b
ERZ14207277@17,VI,VI,4917,1,10,0,1,2,0.0,Cas13b
ERZ14207281@21,VI,VI,4495,1,6,0,2,2,0.0,Cas13b
ERZ14207281@6,VI,VI,4353,1,4,0,1,2,0.0,Cas13b
ERZ14207290@28,VI,VI,4617,1,8,0,1,2,0.0,Cas13b
ERZ14207290@38,VI,VI,4567,1,7,0,2,3,0.0,Cas13b
ERZ14207291@3,VI,VI,5087,1,15,0,2,2,0.0,Cas13b
ERZ14207293@101,VI,VI,4721,1,7,0,1,2,0.0,Cas13b
ERZ14207293@72,VI,VI,4494,1,6,0,2,2,0.0,Cas13b
ERZ14207295@12,VI,VI,4917,1,10,0,1,2,0.0,Cas13b
ERZ14207295@2,VI,VI,4824,1,11,0,2,3,0.0,Cas13b
ERZ14207299@14,VI,VI,4617,1,8,0,1,2,0.0,Cas13b
ERZ14207299@20,VI,VI,3340,1,9,0,1,1,0.0,Cas13b
ERZ14208412@1,VI,VI,5372,1,5,0,1,2,0.0,Cas13b
ERZ14208419@5,VI,VI,4905,1,5,0,2,2,0.0,Cas13b
ERZ14208469@37,VI,VI,6088,1,16,0,1,2,0.0,Cas13b
ERZ14208504@26,VI,VI,4905,1,5,0,2,2,0.0,Cas13b
ERZ14209125@102,VI,VI,5128,1,11,0,2,2,0.0,Cas13b
ERZ14209517@48,VI,VI,4319,1,11,0,1,1,0.0,Cas13b
ERZ14209523@112,VI,VI,3963,1,7,0,1,1,0.0,Cas13b
ERZ14209532@38,VI,VI,5965,1,30,0,1,4,0.0,Cas13b
ERZ14209540@32,VI,VI,7578,1,16,0,3,4,0.0,Cas13b
ERZ14209540@427,VI,VI,4195,1,11,0,1,1,0.0,Cas13b
ERZ14209541@363,VI,VI,4507,1,3,0,1,1,0.0,Cas13b
ERZ14209542@103,VI,VI,6699,1,8,0,2,3,0.0,Cas13b
ERZ14209542@117,VI,VI,6637,1,3,0,3,4,0.0,Cas13b
ERZ14209542@302,VI,VI,4195,1,11,0,1,1,0.0,Cas13b
ERZ14210015@123,VI,VI,5521,1,18,0,1,1,0.0,Cas13b
ERZ14210016@123,VI,VI,3825,1,5,0,1,1,0.0,Cas13b
ERZ14210016@17,VI,VI,6151,1,6,0,2,4,0.0,Cas13b
ERZ14211589@35,VI,VI,4433,1,7,0,1,2,0.0,Cas13b
ERZ14211604@25,VI,VI,4679,1,9,0,1,2,0.0,Cas13b
ERZ14211607@2,VI,VI,4026,1,6,0,1,2,0.0,Cas13b
ERZ14211622@1,VI,VI,4653,1,6,0,1,2,0.0,Cas13b
ERZ14211623@25,VI,VI,4679,1,9,0,1,2,0.0,Cas13b
ERZ14214055@1,VI,VI,4748,1,12,0,1,2,0.0,Cas13b
ERZ14214125@13,VI,VI,4785,1,8,0,1,2,0.0,Cas13b
ERZ14214125@22,VI,VI,4558,1,7,0,2,2,0.0,Cas13b
ERZ14214131@56,VI,VI,4527,1,8,0,1,2,0.0,Cas13b
ERZ14214133@27,VI,VI,3776,1,3,0,1,1,0.0,Cas13b
ERZ14214137@2,VI,VI,4826,1,11,0,2,2,0.0,Cas13b
ERZ14214137@63,VI,VI,4851,1,9,0,1,3,0.0,Cas13b
ERZ14214140@46,VI,VI,4917,1,10,0,1,2,0.0,Cas13b
ERZ14221202@15,VI,VI,3837,1,8,0,1,1,0.0,Cas13b
ERZ14221216@1,VI,VI,4748,1,12,0,1,2,0.0,Cas13b
ERZ14222125@160,VI,VI,4713,1,11,0,1,2,0.0,Cas13b
ERZ14222127@276,VI,VI,4517,1,4,0,1,2,0.0,Cas13b
ERZ14222128@198,VI,VI,4519,1,4,0,1,2,0.0,Cas13b
ERZ14222128@509,VI,VI,4892,1,12,0,2,2,0.0,Cas13b
ERZ14236288@14,VI,VI,4352,1,4,0,1,2,0.0,Cas13b
ERZ14236288@46,VI,VI,4361,1,4,0,2,2,0.0,Cas13b
ERZ14236290@13,VI,VI,4749,1,12,0,1,2,0.0,Cas13b
ERZ14236295@37,VI,VI,4790,1,8,0,1,2,0.0,Cas13b
ERZ14236300@118,VI,VI,4690,1,9,0,2,2,0.0,Cas13b
ERZ14236300@6,VI,VI,4982,1,11,0,1,2,0.0,Cas13b
ERZ14236300@82,VI,VI,5495,1,23,0,1,2,0.0,Cas13b
ERZ1426822@138,VI,VI,4956,1,15,0,1,2,0.0,Cas13b
ERZ1426827@776,VI,VI,4294,1,12,0,1,2,0.0,Cas13b
ERZ1426847@546,VI,VI,3965,1,7,0,1,2,0.0,Cas13b
ERZ14651271@110,VI,VI,4615,1,11,0,1,2,0.0,Cas13b
ERZ15184724@6,VI,VI,5096,1,11,0,2,2,0.0,Cas13b
ERZ15184745@8,VI,VI,6168,1,27,0,2,2,0.0,Cas13b
ERZ15184890@44,VI,VI,4385,1,7,0,3,4,0.0,Cas13b
ERZ15184903@102,VI,VI,5058,1,15,0,2,2,0.0,Cas13b
ERZ15184906@39,VI,VI,5427,1,16,0,3,3,0.0,Cas13b
ERZ15184906@39,VI,VI,5427,1,16,0,3,3,0.0,Cas13b
ERZ15184915@339,VI,VI,4978,1,5,0,2,2,0.0,Cas13b
ERZ15184959@19,VI,VI,5630,1,19,0,2,2,0.0,Cas13b
ERZ15184999@72,VI,VI,4798,1,9,0,1,2,0.0,Cas13b
ERZ15185004@77,VI,VI,4449,1,4,0,1,2,0.0,Cas13b
ERZ15185023@8,VI,VI,3586,1,5,0,1,1,0.0,Cas13b
ERZ15185053@106,VI,VI,6267,1,8,0,2,5,0.0,Cas13b
ERZ15185457@9,VI,VI,5764,1,21,0,2,2,0.0,Cas13b
ERZ15185468@7,VI,VI,4798,1,9,0,1,2,0.0,Cas13b
ERZ15185469@5,VI,VI,4504,1,13,0,1,2,0.0,Cas13b
ERZ15185498@199,VI,VI,4245,1,11,0,1,1,0.0,Cas13b
ERZ15185540@77,VI,VI,4737,1,6,0,2,2,0.0,Cas13b
ERZ15185566@50,VI,VI,5396,1,17,0,3,4,0.0,Cas13b
ERZ15185924@5,VI,VI,5631,1,19,0,2,2,0.0,Cas13b
ERZ15186026@29,VI,VI,5165,1,13,0,1,3,0.0,Cas13b
ERZ15232920@18,VI,VI,4745,1,7,0,1,3,0.0,Cas13b
ERZ15232922@7,VI,VI,4798,1,9,0,1,2,0.0,Cas13b
ERZ15232937@27,VI,VI,5496,1,17,0,2,2,0.0,Cas13b
ERZ15609684@46,VI,VI,4838,1,14,0,3,5,0.0,Cas13b
ERZ15609684@46,VI,VI,4838,1,14,0,3,5,0.0,Cas13b
ERZ15609684@46,VI,VI,4838,1,14,0,3,5,0.0,Cas13b
ERZ15609709@33,VI,VI,4403,1,11,0,1,1,0.0,Cas13b
ERZ15609711@183,VI,VI,4599,1,16,0,1,2,0.0,Cas13b
ERZ15609719@243,VI,VI,7218,1,8,0,4,4,0.0,Cas13b
ERZ15609724@340,VI,VI,7011,1,8,0,3,3,0.0,Cas13b
ERZ15609725@333,VI,VI,4137,1,9,0,1,1,0.0,Cas13b
ERZ15609727@5,VI,VI,7218,1,8,0,4,5,0.0,Cas13b
ERZ15609728@385,VI,VI,5025,1,6,0,2,2,0.0,Cas13b
ERZ15609731@61,VI,VI,7011,1,8,0,3,3,0.0,Cas13b
ERZ15609737@352,VI,VI,5232,1,9,0,2,2,0.0,Cas13b
ERZ15609747@49,VI,VI,4267,1,11,0,1,1,0.0,Cas13b
ERZ15609753@71,VI,VI,7218,1,8,0,4,5,0.0,Cas13b
ERZ15609755@202,VI,VI,7820,1,16,0,3,3,0.0,Cas13b
ERZ15609756@181,VI,VI,7187,1,17,0,3,4,0.0,Cas13b
ERZ15609756@241,VI,VI,7820,1,16,0,3,3,0.0,Cas13b
ERZ15609757@288,VI,VI,7218,1,8,0,4,5,0.0,Cas13b
ERZ15609757@71,VI,VI,4836,1,3,0,2,2,0.0,Cas13b
ERZ15609765@67,VI,VI,5074,1,18,0,1,2,0.0,Cas13b
ERZ15609772@180,VI,VI,5232,1,9,0,2,2,0.0,Cas13b
ERZ15609787@135,VI,VI,7044,1,6,0,3,3,0.0,Cas13b
ERZ15609787@211,VI,VI,4533,1,15,0,1,1,0.0,Cas13b
ERZ15609788@141,VI,VI,7112,1,18,0,3,4,0.0,Cas13b
ERZ15609799@102,VI,VI,4681,1,12,0,1,3,0.0,Cas13b
ERZ15609804@117,VI,VI,6405,1,7,0,3,4,0.0,Cas13b
ERZ15609809@11,VI,VI,4333,1,12,0,1,2,0.0,Cas13b
ERZ15609811@9,VI,VI,6988,1,9,0,3,3,0.0,Cas13b
ERZ15609812@374,VI,VI,7709,1,18,0,3,3,0.0,Cas13b
ERZ15609813@116,VI,VI,5080,1,6,0,2,2,0.0,Cas13b
ERZ15609839@107,VI,VI,4681,1,12,0,1,3,0.0,Cas13b
ERZ15609839@99,VI,VI,8705,1,12,0,3,6,0.0,Cas13b
ERZ15609846@73,VI,VI,8644,1,9,0,3,6,0.0,Cas13b
ERZ15609850@298,VI,VI,6589,1,9,0,3,4,0.0,Cas13b
ERZ15609852@589,VI,VI,3873,1,5,0,1,2,0.0,Cas13b
ERZ15609892@238,VI,VI,6619,1,15,0,2,3,0.0,Cas13b
ERZ15609931@267,VI,VI,8055,1,20,0,3,3,0.0,Cas13b
ERZ15609937@270,VI,VI,5355,1,11,0,2,2,0.0,Cas13b
ERZ15609957@29,VI,VI,6853,1,7,0,3,3,0.0,Cas13b
ERZ15609960@298,VI,VI,6853,1,7,0,3,3,0.0,Cas13b
ERZ15609981@202,VI,VI,5364,1,11,0,2,2,0.0,Cas13b
ERZ15610000@364,VI,VI,7080,1,9,0,3,3,0.0,Cas13b
ERZ15610008@189,VI,VI,4599,1,16,0,1,1,0.0,Cas13b
ERZ15610060@303,VI,VI,5166,1,8,0,2,2,0.0,Cas13b
ERZ15610073@178,VI,VI,5561,1,14,0,3,3,0.0,Cas13b
ERZ15610075@529,VI,VI,4907,1,4,0,2,2,0.0,Cas13b
ERZ15610075@58,VI,VI,4567,1,14,0,1,1,0.0,Cas13b
ERZ15610076@462,VI,VI,5186,1,8,0,2,2,0.0,Cas13b
ERZ15610083@392,VI,VI,4071,1,8,0,1,1,0.0,Cas13b
ERZ15610084@82,VI,VI,6271,1,5,0,3,3,0.0,Cas13b
ERZ15610087@349,VI,VI,5288,1,10,0,2,2,0.0,Cas13b
ERZ15610089@235,VI,VI,10467,1,12,0,4,8,0.0,Cas13b
ERZ15610091@127,VI,VI,6922,1,14,0,3,3,0.0,Cas13b
ERZ15610109@438,VI,VI,8109,1,5,0,3,6,0.0,Cas13b
ERZ15610114@227,VI,VI,6318,1,6,0,3,4,0.0,Cas13b
ERZ15610141@284,VI,VI,8176,1,7,0,3,7,0.0,Cas13b
ERZ15610143@15,VI,VI,9258,1,9,0,4,5,0.0,Cas13b
ERZ15610143@271,VI,VI,4215,1,10,0,1,2,0.0,Cas13b
ERZ15610144@263,VI,VI,6858,1,13,0,3,3,0.0,Cas13b
ERZ15610145@92,VI,VI,4934,1,15,0,2,2,0.0,Cas13b
ERZ15610150@159,VI,VI,6451,1,8,0,3,3,0.0,Cas13b
ERZ15610150@382,VI,VI,6783,1,6,0,3,4,0.0,Cas13b
ERZ15610517@146,VI,VI,6318,1,6,0,3,4,0.0,Cas13b
ERZ15610527@391,VI,VI,6318,1,6,0,3,4,0.0,Cas13b
ERZ15610544@332,VI,VI,7820,1,16,0,3,3,0.0,Cas13b
ERZ15610544@472,VI,VI,9047,1,18,0,4,5,0.0,Cas13b
ERZ15610545@17,VI,VI,8124,1,21,0,3,4,0.0,Cas13b
ERZ15610548@431,VI,VI,8291,1,7,0,5,5,0.0,Cas13b
ERZ15610548@431,VI,VI,8291,1,7,0,5,5,0.0,Cas13b
ERZ15610554@354,VI,VI,6528,1,9,0,3,3,0.0,Cas13b
ERZ15610555@100,VI,VI,7218,1,8,0,4,5,0.0,Cas13b
ERZ15610562@228,VI,VI,6962,1,9,0,3,4,0.0,Cas13b
ERZ15610565@196,VI,VI,8447,1,6,0,3,6,0.0,Cas13b
ERZ15610565@296,VI,VI,6396,1,9,0,3,3,0.0,Cas13b
ERZ15610565@331,VI,VI,5165,1,8,0,2,3,0.0,Cas13b
ERZ15610567@519,VI,VI,9573,1,7,0,4,6,0.0,Cas13b
ERZ15610567@665,VI,VI,7652,1,17,0,3,4,0.0,Cas13b
ERZ15610568@357,VI,VI,6858,1,14,0,3,4,0.0,Cas13b
ERZ15610568@406,VI,VI,6729,1,10,0,2,4,0.0,Cas13b
ERZ15610574@177,VI,VI,7299,1,14,0,2,3,0.0,Cas13b
ERZ15610581@360,VI,VI,7310,1,14,0,3,4,0.0,Cas13b
ERZ15610583@409,VI,VI,4558,1,7,0,2,2,0.0,Cas13b
ERZ1573380@1,VI,VI,4930,1,14,0,1,1,0.0,Cas13b
ERZ1583860@10,VI,VI,4555,1,11,0,1,2,0.0,Cas13b
ERZ1583861@6,VI,VI,4555,1,11,0,1,2,0.0,Cas13b
ERZ1584477@10,VI,VI,4417,1,8,0,1,3,0.0,Cas13b
ERZ1584519@10,VI,VI,4417,1,8,0,1,3,0.0,Cas13b
ERZ1590106@3,VI,VI,6782,1,6,0,3,3,0.0,Cas13b
ERZ1593430@3,VI,VI,4747,1,13,0,1,3,0.0,Cas13b
ERZ1593450@6,VI,VI,4747,1,13,0,1,3,0.0,Cas13b
ERZ1594219@4,VI,VI,9894,1,10,0,4,7,0.0,Cas13b
ERZ1600958@6,VI,VI,5204,1,20,0,1,3,0.0,Cas13b
ERZ1611970@17,VI,VI,4901,1,4,0,2,2,0.0,Cas13b
ERZ1611970@4,VI,VI,4210,1,10,0,1,1,0.0,Cas13b
ERZ1621403@5,VI,VI,4746,1,13,0,1,3,0.0,Cas13b
ERZ1632215@8,VI,VI,9383,1,11,0,4,5,0.0,Cas13b
ERZ1633189@5,VI,VI,4747,1,13,0,1,3,0.0,Cas13b
ERZ1633399@5,VI,VI,4747,1,13,0,1,3,0.0,Cas13b
ERZ1642085@12,VI,VI,4746,1,13,0,1,3,0.0,Cas13b
ERZ1643211@680,VI,VI,4001,1,8,0,1,1,0.0,Cas13b
ERZ1667810@10,VI,VI,5761,1,8,0,3,3,0.0,Cas13b
ERZ1667811@217,VI,VI,8577,1,23,0,3,5,0.0,Cas13b
ERZ1667811@8,VI,VI,12523,1,11,0,5,8,0.0,Cas13b
ERZ1667812@159,VI,VI,5814,1,5,0,2,3,0.0,Cas13b
ERZ1667812@251,VI,VI,10394,1,48,0,2,2,0.0,Cas13b
ERZ1667812@306,VI,VI,10416,1,22,0,4,4,0.0,Cas13b
ERZ1667813@412,VI,VI,12641,1,18,0,4,5,0.0,Cas13b
ERZ1667813@412,VI,VI,12641,1,18,0,4,5,0.0,Cas13b
ERZ1667814@443,VI,VI,8966,1,3,0,3,5,0.0,Cas13b
ERZ1667815@738,VI,VI,10071,1,20,0,4,5,0.0,Cas13b
ERZ1667816@13,VI,VI,7881,1,20,0,4,5,0.0,Cas13b
ERZ1667818@211,VI,VI,5554,1,8,0,2,3,0.0,Cas13b
ERZ1667818@51,VI,VI,9370,1,6,0,3,6,0.0,Cas13b
ERZ1667838@10,VI,VI,5761,1,8,0,3,3,0.0,Cas13b
ERZ1667839@443,VI,VI,8966,1,3,0,3,5,0.0,Cas13b
ERZ1667840@159,VI,VI,5814,1,5,0,2,3,0.0,Cas13b
ERZ1667840@251,VI,VI,10394,1,48,0,2,2,0.0,Cas13b
ERZ1667840@306,VI,VI,10416,1,22,0,4,4,0.0,Cas13b
ERZ1667841@217,VI,VI,8577,1,23,0,3,5,0.0,Cas13b
ERZ1667841@8,VI,VI,12523,1,11,0,5,8,0.0,Cas13b
ERZ1667842@13,VI,VI,7881,1,20,0,4,5,0.0,Cas13b
ERZ1667843@738,VI,VI,10071,1,20,0,4,5,0.0,Cas13b
ERZ1667844@412,VI,VI,12641,1,18,0,4,5,0.0,Cas13b
ERZ1667844@412,VI,VI,12641,1,18,0,4,5,0.0,Cas13b
ERZ1667846@211,VI,VI,5554,1,8,0,2,3,0.0,Cas13b
ERZ1667846@51,VI,VI,9370,1,6,0,3,6,0.0,Cas13b
ERZ1667847@1191,VI,VI,5511,1,5,0,2,3,0.0,Cas13b
ERZ1667847@1229,VI,VI,7670,1,10,0,3,5,0.0,Cas13b
ERZ1667847@412,VI,VI,9275,1,9,0,4,5,0.0,Cas13b
ERZ1667847@661,VI,VI,5554,1,8,0,2,3,0.0,Cas13b
ERZ1667847@780,VI,VI,10393,1,48,0,2,2,0.0,Cas13b
ERZ1667847@809,VI,VI,8968,1,3,0,3,5,0.0,Cas13b
ERZ1674045@19,VI,VI,4294,1,5,0,1,2,0.0,Cas13b
ERZ1674101@52,VI,VI,4394,1,6,0,1,2,0.0,Cas13b
ERZ1674152@36,VI,VI,3648,1,5,0,1,1,0.0,Cas13b
ERZ1674226@50,VI,VI,4222,1,4,0,1,2,0.0,Cas13b
ERZ1674228@52,VI,VI,4222,1,4,0,1,2,0.0,Cas13b
ERZ1674239@19,VI,VI,3778,1,7,0,1,1,0.0,Cas13b
ERZ1674308@52,VI,VI,4394,1,6,0,1,2,0.0,Cas13b
ERZ1687457@99,VI,VI,4747,1,13,0,1,3,0.0,Cas13b
ERZ1687463@79,VI,VI,4747,1,14,0,1,3,0.0,Cas13b
ERZ1687474@75,VI,VI,4822,1,14,0,1,2,0.0,Cas13b
ERZ1687510@43,VI,VI,4747,1,13,0,1,3,0.0,Cas13b
ERZ1687608@54,VI,VI,4747,1,13,0,1,3,0.0,Cas13b
ERZ1687627@81,VI,VI,4747,1,13,0,1,3,0.0,Cas13b
ERZ1687629@48,VI,VI,4726,1,10,0,1,3,0.0,Cas13b
ERZ1687639@68,VI,VI,4747,1,13,0,1,3,0.0,Cas13b
ERZ1687644@58,VI,VI,4747,1,14,0,1,3,0.0,Cas13b
ERZ1687675@73,VI,VI,4747,1,13,0,1,3,0.0,Cas13b
ERZ1687792@39,VI,VI,4747,1,13,0,1,3,0.0,Cas13b
ERZ1687841@115,VI,VI,4747,1,13,0,1,3,0.0,Cas13b
ERZ1687844@42,VI,VI,4747,1,13,0,1,3,0.0,Cas13b
ERZ1689305@55,VI,VI,4816,1,18,0,1,2,0.0,Cas13b
ERZ1689382@13,VI,VI,3822,1,5,0,1,1,0.0,Cas13b
ERZ1689478@21,VI,VI,3822,1,5,0,1,1,0.0,Cas13b
ERZ1689848@40,VI,VI,4816,1,18,0,1,1,0.0,Cas13b
ERZ1689880@62,VI,VI,4816,1,18,0,1,1,0.0,Cas13b
ERZ1689903@5,VI,VI,3822,1,5,0,1,1,0.0,Cas13b
ERZ1690074@83,VI,VI,4816,1,18,0,1,1,0.0,Cas13b
ERZ1690183@37,VI,VI,3822,1,5,0,1,1,0.0,Cas13b
ERZ1694687@12,VI,VI,5208,1,20,0,1,2,0.0,Cas13b
ERZ1694994@34,VI,VI,5208,1,20,0,1,3,0.0,Cas13b
ERZ1699259@5,VI,VI,6170,1,40,0,1,3,0.0,Cas13b
ERZ1740124@20,VI,VI,3819,1,3,0,1,1,0.0,Cas13b
ERZ1740161@19,VI,VI,4724,1,11,0,1,2,0.0,Cas13b
ERZ1740171@13,VI,VI,3883,1,4,0,1,1,0.0,Cas13b
ERZ1740206@47,VI,VI,4115,1,9,0,1,3,0.0,Cas13b
ERZ1741846@89,VI,VI,6400,1,8,0,2,3,0.0,Cas13b
ERZ1741880@93,VI,VI,6763,1,12,0,3,5,0.0,Cas13b
ERZ1741883@86,VI,VI,6991,1,9,0,3,3,0.0,Cas13b
ERZ1742115@94,VI,VI,4613,1,9,0,1,2,0.0,Cas13b
ERZ1742125@206,VI,VI,4547,1,10,0,1,2,0.0,Cas13b
ERZ1742130@49,VI,VI,4418,1,8,0,1,2,0.0,Cas13b
ERZ1742294@87,VI,VI,4551,1,9,0,1,2,0.0,Cas13b
ERZ1742303@3,VI,VI,4505,1,4,0,1,2,0.0,Cas13b
ERZ1742315@1,VI,VI,4916,1,10,0,1,2,0.0,Cas13b
ERZ1742733@264,VI,VI,4680,1,11,0,1,2,0.0,Cas13b
ERZ1742781@288,VI,VI,6574,1,10,0,3,3,0.0,Cas13b
ERZ1742851@115,VI,VI,7241,1,11,0,3,4,0.0,Cas13b
ERZ1743992@42,VI,VI,6852,1,7,0,4,4,0.0,Cas13b
ERZ1744002@38,VI,VI,6711,1,5,0,3,3,0.0,Cas13b
ERZ1744175@52,VI,VI,4298,1,5,0,2,3,0.0,Cas13b
ERZ1744175@52,VI,VI,4298,1,5,0,2,3,0.0,Cas13b
ERZ1744175@57,VI,VI,4980,1,11,0,1,2,0.0,Cas13b
ERZ1744175@74,VI,VI,5352,1,19,0,2,2,0.0,Cas13b
ERZ1744177@5,VI,VI,5313,1,16,0,1,3,0.0,Cas13b
ERZ1744180@6,VI,VI,4618,1,8,0,1,2,0.0,Cas13b
ERZ1744186@105,VI,VI,5002,1,15,0,1,2,0.0,Cas13b
ERZ1744951@51,VI,VI,4623,1,10,0,1,2,0.0,Cas13b
ERZ1744964@276,VI,VI,5023,1,16,0,1,3,0.0,Cas13b
ERZ1744999@120,VI,VI,4296,1,3,0,2,2,0.0,Cas13b
ERZ1744999@168,VI,VI,4496,1,6,0,1,3,0.0,Cas13b
ERZ1744999@57,VI,VI,5079,1,16,0,1,2,0.0,Cas13b
ERZ1745024@154,VI,VI,4345,1,9,0,1,1,0.0,Cas13b
ERZ1745027@76,VI,VI,5636,1,10,0,3,3,0.0,Cas13b
ERZ1745231@50,VI,VI,5033,1,6,0,3,3,0.0,Cas13b
ERZ1745276@76,VI,VI,6791,1,13,0,3,4,0.0,Cas13b
ERZ1745293@30,VI,VI,5533,1,25,0,1,3,0.0,Cas13b
ERZ1745325@5,VI,VI,5074,1,18,0,1,2,0.0,Cas13b
ERZ1745326@89,VI,VI,4152,1,4,0,2,3,0.0,Cas13b
ERZ1745326@89,VI,VI,4152,1,4,0,2,3,0.0,Cas13b
ERZ1745419@319,VI,VI,6469,1,10,0,1,3,0.0,Cas13b
ERZ1745423@75,VI,VI,4814,1,14,0,2,3,0.0,Cas13b
ERZ1745454@6,VI,VI,4417,1,9,0,1,2,0.0,Cas13b
ERZ1745537@55,VI,VI,4481,1,9,0,1,3,0.0,Cas13b
ERZ1745579@86,VI,VI,5206,1,20,0,1,2,0.0,Cas13b
ERZ1745594@194,VI,VI,4415,1,8,0,1,2,0.0,Cas13b
ERZ1745618@37,VI,VI,6991,1,9,0,3,3,0.0,Cas13b
ERZ1749013@27,VI,VI,7105,1,9,0,3,4,0.0,Cas13b
ERZ1749013@3,VI,VI,5296,1,10,0,3,3,0.0,Cas13b
ERZ1749022@57,VI,VI,6284,1,4,0,2,2,0.0,Cas13b
ERZ1749288@56,VI,VI,7120,1,11,0,3,3,0.0,Cas13b
ERZ1749367@19,VI,VI,7034,1,8,0,3,4,0.0,Cas13b
ERZ1749367@69,VI,VI,5223,1,9,0,2,2,0.0,Cas13b
ERZ1753527@23,VI,VI,8844,1,12,0,3,6,0.0,Cas13b
ERZ1755029@19,VI,VI,4697,1,7,0,2,2,0.0,Cas13b
ERZ1755383@40,VI,VI,8505,1,10,0,3,5,0.0,Cas13b
ERZ1755405@63,VI,VI,5140,1,19,0,1,2,0.0,Cas13b
ERZ1755413@30,VI,VI,8505,1,10,0,3,5,0.0,Cas13b
ERZ1755419@110,VI,VI,8505,1,10,0,3,5,0.0,Cas13b
ERZ1755434@88,VI,VI,8505,1,10,0,3,5,0.0,Cas13b
ERZ1755440@60,VI,VI,4610,1,11,0,2,3,0.0,Cas13b
ERZ1755484@13,VI,VI,4565,1,4,0,2,2,0.0,Cas13b
ERZ1755559@10,VI,VI,4565,1,4,0,2,2,0.0,Cas13b
ERZ1755709@12,VI,VI,4615,1,11,0,1,2,0.0,Cas13b
ERZ1755945@6,VI,VI,4944,1,16,0,1,3,0.0,Cas13b
ERZ1756021@280,VI,VI,2542,1,8,0,1,1,0.0,Cas13b
ERZ1756080@632,VI,VI,4510,1,12,0,1,2,0.0,Cas13b
ERZ1756108@335,VI,VI,3768,1,6,0,1,1,0.0,Cas13b
ERZ1756109@356,VI,VI,8236,1,22,0,3,4,0.0,Cas13b
ERZ1756109@548,VI,VI,5903,1,6,0,2,2,0.0,Cas13b
ERZ1756110@343,VI,VI,3916,1,3,0,1,1,0.0,Cas13b
ERZ1756174@222,VI,VI,4143,1,9,0,1,1,0.0,Cas13b
ERZ1760229@224,VI,VI,3837,1,7,0,1,2,0.0,Cas13b
ERZ1761405@5,VI,VI,6170,1,40,0,1,3,0.0,Cas13b
ERZ1761919@6,VI,VI,4908,1,10,0,1,2,0.0,Cas13b
ERZ1761965@11,VI,VI,4551,1,7,0,1,2,0.0,Cas13b
ERZ1761996@5,VI,VI,5313,1,16,0,1,3,0.0,Cas13b
ERZ1762035@6,VI,VI,4618,1,8,0,1,2,0.0,Cas13b
ERZ1762134@6,VI,VI,5002,1,15,0,1,2,0.0,Cas13b
ERZ1762251@6,VI,VI,4454,1,3,0,1,2,0.0,Cas13b
ERZ1762266@3,VI,VI,5313,1,16,0,1,3,0.0,Cas13b
ERZ1762269@1,VI,VI,4412,1,7,0,1,2,0.0,Cas13b
ERZ1762344@6,VI,VI,4917,1,10,0,1,3,0.0,Cas13b
ERZ1762361@2,VI,VI,4616,1,8,0,1,2,0.0,Cas13b
ERZ1762386@18,VI,VI,5352,1,19,0,2,2,0.0,Cas13b
ERZ1762386@5,VI,VI,4980,1,11,0,1,2,0.0,Cas13b
ERZ1762387@4,VI,VI,4298,1,5,0,2,3,0.0,Cas13b
ERZ1762387@4,VI,VI,4298,1,5,0,2,3,0.0,Cas13b
ERZ1762407@12,VI,VI,4361,1,4,0,2,2,0.0,Cas13b
ERZ1762407@5,VI,VI,4354,1,4,0,1,2,0.0,Cas13b
ERZ1764644@46,VI,VI,4482,1,9,0,1,2,0.0,Cas13b
ERZ1764654@5,VI,VI,4549,1,10,0,1,2,0.0,Cas13b
ERZ1767136@20,VI,VI,4118,1,12,0,1,1,0.0,Cas13b
ERZ1767186@170,VI,VI,5582,1,12,0,2,2,0.0,Cas13b
ERZ1767187@267,VI,VI,8844,1,12,0,3,6,0.0,Cas13b
ERZ1767191@384,VI,VI,5582,1,12,0,2,2,0.0,Cas13b
ERZ1767203@245,VI,VI,5582,1,12,0,2,2,0.0,Cas13b
ERZ1767225@247,VI,VI,8844,1,12,0,3,6,0.0,Cas13b
ERZ1767244@101,VI,VI,5582,1,12,0,2,2,0.0,Cas13b
ERZ1767246@162,VI,VI,8844,1,12,0,3,6,0.0,Cas13b
ERZ1767277@246,VI,VI,5582,1,12,0,2,2,0.0,Cas13b
ERZ1767278@164,VI,VI,8844,1,12,0,3,6,0.0,Cas13b
ERZ1767296@73,VI,VI,8844,1,12,0,3,6,0.0,Cas13b
ERZ1767302@143,VI,VI,8844,1,12,0,3,6,0.0,Cas13b
ERZ1767329@59,VI,VI,8844,1,12,0,3,6,0.0,Cas13b
ERZ1767359@217,VI,VI,5582,1,12,0,2,2,0.0,Cas13b
ERZ1767375@120,VI,VI,8844,1,12,0,3,6,0.0,Cas13b
ERZ1767425@162,VI,VI,5582,1,12,0,2,2,0.0,Cas13b
ERZ1767432@240,VI,VI,5582,1,12,0,2,2,0.0,Cas13b
ERZ1767471@138,VI,VI,5992,1,4,0,2,4,0.0,Cas13b
ERZ1767482@149,VI,VI,4965,1,13,0,1,1,0.0,Cas13b
ERZ1767482@248,VI,VI,4989,1,9,0,1,1,0.0,Cas13b
ERZ1767482@249,VI,VI,4452,1,17,0,1,1,0.0,Cas13b
ERZ1767517@174,VI,VI,7087,1,18,0,2,3,0.0,Cas13b
ERZ1767517@49,VI,VI,6495,1,7,0,3,3,0.0,Cas13b
ERZ1767575@43,VI,VI,4974,1,14,0,1,1,0.0,Cas13b
ERZ1767606@157,VI,VI,5065,1,11,0,3,3,0.0,Cas13b
ERZ1767606@157,VI,VI,5065,1,11,0,3,3,0.0,Cas13b
ERZ1767626@121,VI,VI,4180,1,11,0,1,1,0.0,Cas13b
ERZ1767626@194,VI,VI,5394,1,13,0,2,2,0.0,Cas13b
ERZ1767626@202,VI,VI,4160,1,8,0,1,1,0.0,Cas13b
ERZ1767637@34,VI,VI,8778,1,11,0,3,8,0.0,Cas13b
ERZ1767638@26,VI,VI,5224,1,11,0,2,2,0.0,Cas13b
ERZ1767641@16,VI,VI,3875,1,4,0,1,1,0.0,Cas13b
ERZ1767641@234,VI,VI,5795,1,5,0,1,3,0.0,Cas13b
ERZ1767641@78,VI,VI,4833,1,12,0,1,1,0.0,Cas13b
ERZ2107274@82,VI,VI,4888,1,13,0,1,2,0.0,Cas13b
ERZ2107752@13,VI,VI,4364,1,4,0,2,2,0.0,Cas13b
ERZ2108417@164,VI,VI,4291,1,10,0,1,1,0.0,Cas13b
ERZ2108446@208,VI,VI,4280,1,4,0,1,3,0.0,Cas13b
ERZ2108526@99,VI,VI,6456,1,4,0,2,2,0.0,Cas13b
ERZ2108529@147,VI,VI,3649,1,5,0,1,1,0.0,Cas13b
ERZ2109067@37,VI,VI,4052,1,7,0,1,3,0.0,Cas13b
ERZ2110838@139,VI,VI,4687,1,10,0,1,3,0.0,Cas13b
ERZ2110838@65,VI,VI,4255,1,10,0,2,2,0.0,Cas13b
ERZ2111868@71,VI,VI,4023,1,8,0,1,1,0.0,Cas13b
ERZ2113202@33,VI,VI,4084,1,3,0,1,2,0.0,Cas13b
ERZ2118351@122,VI,VI,4057,1,7,0,1,1,0.0,Cas13b
ERZ2118361@1,VI,VI,4818,1,12,0,1,3,0.0,Cas13b
ERZ2120345@127,VI,VI,6738,1,42,0,1,2,0.0,Cas13b
ERZ2121225@36,VI,VI,4150,1,4,0,1,2,0.0,Cas13b
ERZ2227732@1,VI,VI,5202,1,9,0,2,2,0.0,Cas13b
ERZ2227930@1,VI,VI,5203,1,9,0,2,2,0.0,Cas13b
ERZ2271642@4,VI,VI,5195,1,13,0,2,2,0.0,Cas13b
ERZ2272033@3,VI,VI,5005,1,5,0,2,2,0.0,Cas13b
ERZ2272223@5,VI,VI,5599,1,9,0,2,3,0.0,Cas13b
ERZ2272247@2,VI,VI,5165,1,8,0,2,2,0.0,Cas13b
ERZ2272289@4,VI,VI,5066,1,7,0,2,2,0.0,Cas13b
ERZ2272650@4,VI,VI,4806,1,3,0,2,2,0.0,Cas13b
ERZ2272773@2,VI,VI,5465,1,13,0,2,4,0.0,Cas13b
ERZ2286749@18,VI,VI,4590,1,18,0,1,1,0.0,Cas13b
ERZ2606006@119,VI,VI,4070,1,6,0,1,1,0.0,Cas13b
ERZ2606006@149,VI,VI,4925,1,23,0,1,1,0.0,Cas13b
ERZ2610401@1,VI,VI,3641,1,5,0,1,1,0.0,Cas13b
ERZ2610408@1,VI,VI,4156,1,3,0,1,2,0.0,Cas13b
ERZ2610417@33,VI,VI,3858,1,4,0,1,1,0.0,Cas13b
ERZ2610433@1,VI,VI,3969,1,7,0,1,1,0.0,Cas13b
ERZ2662920@55,VI,VI,6588,1,9,0,3,4,0.0,Cas13b
ERZ2663039@65,VI,VI,6588,1,9,0,3,4,0.0,Cas13b
ERZ2663265@44,VI,VI,6588,1,9,0,3,4,0.0,Cas13b
ERZ2663268@43,VI,VI,6588,1,9,0,3,4,0.0,Cas13b
ERZ2663287@26,VI,VI,4041,1,9,0,1,2,0.0,Cas13b
ERZ2663322@58,VI,VI,6588,1,9,0,3,4,0.0,Cas13b
ERZ2663328@39,VI,VI,3270,1,9,0,1,2,0.0,Cas13b
ERZ2663331@49,VI,VI,6588,1,9,0,3,4,0.0,Cas13b
ERZ2663669@39,VI,VI,6588,1,9,0,3,4,0.0,Cas13b
ERZ2663770@24,VI,VI,6588,1,9,0,3,4,0.0,Cas13b
ERZ2663886@53,VI,VI,6588,1,9,0,3,4,0.0,Cas13b
ERZ2664144@49,VI,VI,6588,1,9,0,3,4,0.0,Cas13b
ERZ2664192@33,VI,VI,6588,1,9,0,3,4,0.0,Cas13b
ERZ2664258@58,VI,VI,6588,1,9,0,3,4,0.0,Cas13b
ERZ2773107@22,VI,VI,4328,1,13,0,1,1,0.0,Cas13b
ERZ2773470@17,VI,VI,4328,1,13,0,1,2,0.0,Cas13b
ERZ2781372@44,VI,VI,4328,1,9,0,1,2,0.0,Cas13b
ERZ2782268@39,VI,VI,4328,1,13,0,1,2,0.0,Cas13b
ERZ2782390@2,VI,VI,4328,1,13,0,1,1,0.0,Cas13b
ERZ2782469@37,VI,VI,4328,1,13,0,1,2,0.0,Cas13b
ERZ2782649@30,VI,VI,4328,1,9,0,1,2,0.0,Cas13b
ERZ2782921@14,VI,VI,4328,1,13,0,1,2,0.0,Cas13b
ERZ2782991@23,VI,VI,4328,1,13,0,1,1,0.0,Cas13b
ERZ2782994@33,VI,VI,4328,1,13,0,1,2,0.0,Cas13b
ERZ2782996@10,VI,VI,3800,1,5,0,1,1,0.0,Cas13b
ERZ2965106@301,VI,VI,4820,1,9,0,1,2,0.0,Cas13b
ERZ2965106@408,VI,VI,5287,1,17,0,2,3,0.0,Cas13b
ERZ3455816@13,VI,VI,6168,1,27,0,2,2,0.0,Cas13b
ERZ3455819@7,VI,VI,4760,1,6,0,2,2,0.0,Cas13b
ERZ3584915@52,VI,VI,5965,1,30,0,1,2,0.0,Cas13b
ERZ3585057@8,VI,VI,6224,1,34,0,1,2,0.0,Cas13b
ERZ3820702@31,VI,VI,7306,1,26,0,2,5,0.0,Cas13b
ERZ4209337@288,VI,VI,16812,1,18,0,3,5,0.0,Cas13b
ERZ4223250@106,VI,VI,4827,1,17,0,1,3,0.0,Cas13b
ERZ4239849@103,VI,VI,5962,1,28,0,1,3,0.0,Cas13b
ERZ4239850@282,VI,VI,8215,1,6,0,3,3,0.0,Cas13b
ERZ4428368@7,VI,VI,4328,1,13,0,1,2,0.0,Cas13b
ERZ4429476@5,VI,VI,4328,1,13,0,1,1,0.0,Cas13b
ERZ4432281@13,VI,VI,4328,1,9,0,1,2,0.0,Cas13b
ERZ4454154@7,VI,VI,4328,1,13,0,1,2,0.0,Cas13b
ERZ4455115@11,VI,VI,4328,1,13,0,1,1,0.0,Cas13b
ERZ4464167@12,VI,VI,4328,1,13,0,1,2,0.0,Cas13b
ERZ4474661@7,VI,VI,4328,1,13,0,1,2,0.0,Cas13b
ERZ4489574@4,VI,VI,4328,1,9,0,1,2,0.0,Cas13b
ERZ4513986@5,VI,VI,3800,1,5,0,1,1,0.0,Cas13b
ERZ4520065@12,VI,VI,4328,1,9,0,1,2,0.0,Cas13b
ERZ4521371@9,VI,VI,4328,1,13,0,1,1,0.0,Cas13b
ERZ4559329@695,VI,VI,6439,1,4,0,3,3,0.0,Cas13b
ERZ4559340@612,VI,VI,6271,1,5,0,3,3,0.0,Cas13b
ERZ4559349@347,VI,VI,6857,1,14,0,3,4,0.0,Cas13b
ERZ4559355@303,VI,VI,5561,1,14,0,3,3,0.0,Cas13b
ERZ4559355@749,VI,VI,7993,1,4,0,3,4,0.0,Cas13b
ERZ4559405@103,VI,VI,5459,1,12,0,2,3,0.0,Cas13b
ERZ4559405@49,VI,VI,5005,1,5,0,2,2,0.0,Cas13b
ERZ4559409@115,VI,VI,4455,1,3,0,1,2,0.0,Cas13b
ERZ4559413@1080,VI,VI,5005,1,5,0,2,2,0.0,Cas13b
ERZ4559413@80,VI,VI,5459,1,12,0,2,3,0.0,Cas13b
ERZ4559455@731,VI,VI,4421,1,8,0,2,4,0.0,Cas13b
ERZ4559485@421,VI,VI,8295,1,7,0,3,3,0.0,Cas13b
ERZ4559485@594,VI,VI,5251,1,9,0,2,3,0.0,Cas13b
ERZ4559485@694,VI,VI,7361,1,5,0,3,5,0.0,Cas13b
ERZ4559498@360,VI,VI,6271,1,5,0,3,3,0.0,Cas13b
ERZ4559500@587,VI,VI,4202,1,10,0,1,2,0.0,Cas13b
ERZ4559595@216,VI,VI,4269,1,11,0,1,1,0.0,Cas13b
ERZ4559595@731,VI,VI,8229,1,6,0,3,3,0.0,Cas13b
ERZ4559605@301,VI,VI,4269,1,11,0,1,1,0.0,Cas13b
ERZ4559636@528,VI,VI,5791,1,17,0,2,3,0.0,Cas13b
ERZ4559654@279,VI,VI,9855,1,18,0,4,7,0.0,Cas13b
ERZ4559670@104,VI,VI,6371,1,3,0,3,3,0.0,Cas13b
ERZ4559670@660,VI,VI,4202,1,10,0,1,2,0.0,Cas13b
ERZ4559673@405,VI,VI,6271,1,5,0,3,3,0.0,Cas13b
ERZ4559673@796,VI,VI,4269,1,11,0,1,1,0.0,Cas13b
ERZ4559679@208,VI,VI,8295,1,7,0,4,4,0.0,Cas13b
ERZ4559679@354,VI,VI,6718,1,11,0,3,4,0.0,Cas13b
ERZ4559702@137,VI,VI,6271,1,5,0,3,3,0.0,Cas13b
ERZ4559702@229,VI,VI,8240,1,12,0,3,3,0.0,Cas13b
ERZ4559707@137,VI,VI,7031,1,12,0,2,3,0.0,Cas13b
ERZ4559707@92,VI,VI,6271,1,5,0,3,3,0.0,Cas13b
ERZ4559737@103,VI,VI,5364,1,11,0,2,2,0.0,Cas13b
ERZ4559741@522,VI,VI,6271,1,5,0,3,3,0.0,Cas13b
ERZ4559747@123,VI,VI,8630,1,12,0,4,4,0.0,Cas13b
ERZ4559747@193,VI,VI,6271,1,5,0,3,3,0.0,Cas13b
ERZ4559763@282,VI,VI,8701,1,13,0,3,3,0.0,Cas13b
ERZ4559763@671,VI,VI,6271,1,5,0,3,3,0.0,Cas13b
ERZ4559772@375,VI,VI,3035,1,5,0,1,1,0.0,Cas13b
ERZ4559800@437,VI,VI,6588,1,5,0,2,4,0.0,Cas13b
ERZ4559825@237,VI,VI,5383,1,11,0,2,3,0.0,Cas13b
ERZ4559825@565,VI,VI,9506,1,5,0,4,7,0.0,Cas13b
ERZ4559840@197,VI,VI,6271,1,5,0,3,3,0.0,Cas13b
ERZ4559842@128,VI,VI,6271,1,5,0,3,3,0.0,Cas13b
ERZ4559859@290,VI,VI,6271,1,5,0,3,3,0.0,Cas13b
ERZ4559868@681,VI,VI,6271,1,5,0,3,3,0.0,Cas13b
ERZ4559868@865,VI,VI,8630,1,12,0,3,3,0.0,Cas13b
ERZ4559904@508,VI,VI,9921,1,19,0,4,6,0.0,Cas13b
ERZ4559945@1290,VI,VI,6271,1,5,0,3,3,0.0,Cas13b
ERZ4559945@974,VI,VI,8630,1,12,0,3,3,0.0,Cas13b
ERZ4560003@382,VI,VI,4269,1,11,0,1,1,0.0,Cas13b
ERZ4560007@191,VI,VI,6872,1,4,0,3,3,0.0,Cas13b
ERZ4560007@365,VI,VI,4004,1,7,0,2,3,0.0,Cas13b
ERZ4560007@459,VI,VI,3754,1,4,0,1,1,0.0,Cas13b
ERZ4560021@188,VI,VI,6271,1,5,0,3,3,0.0,Cas13b
ERZ4560050@241,VI,VI,4843,1,5,0,2,2,0.0,Cas13b
ERZ4560067@908,VI,VI,6271,1,5,0,3,3,0.0,Cas13b
ERZ4560103@749,VI,VI,3754,1,4,0,1,1,0.0,Cas13b
ERZ4560159@704,VI,VI,5686,1,16,0,3,4,0.0,Cas13b
ERZ4560179@219,VI,VI,9855,1,18,0,4,7,0.0,Cas13b
ERZ4560197@245,VI,VI,6271,1,5,0,3,3,0.0,Cas13b
ERZ4560211@285,VI,VI,6271,1,5,0,3,3,0.0,Cas13b
ERZ4560247@101,VI,VI,6271,1,5,0,3,3,0.0,Cas13b
ERZ4560258@114,VI,VI,6271,1,5,0,3,3,0.0,Cas13b
ERZ4560258@339,VI,VI,4071,1,8,0,1,1,0.0,Cas13b
ERZ4560258@354,VI,VI,9855,1,18,0,4,6,0.0,Cas13b
ERZ4560289@174,VI,VI,8229,1,6,0,3,3,0.0,Cas13b
ERZ4560289@326,VI,VI,4269,1,11,0,1,1,0.0,Cas13b
ERZ4560302@234,VI,VI,5071,1,5,0,2,2,0.0,Cas13b
ERZ4560302@96,VI,VI,6989,1,16,0,3,4,0.0,Cas13b
ERZ4560321@180,VI,VI,6787,1,12,0,3,4,0.0,Cas13b
ERZ4560322@250,VI,VI,6271,1,5,0,3,3,0.0,Cas13b
ERZ4560332@349,VI,VI,6787,1,12,0,3,4,0.0,Cas13b
ERZ4560346@597,VI,VI,6588,1,10,0,3,5,0.0,Cas13b
ERZ4560347@322,VI,VI,3782,1,4,0,1,1,0.0,Cas13b
ERZ4560348@179,VI,VI,5553,1,14,0,2,3,0.0,Cas13b
ERZ4560348@709,VI,VI,6271,1,5,0,3,3,0.0,Cas13b
ERZ4560362@236,VI,VI,3782,1,4,0,1,1,0.0,Cas13b
ERZ4560365@142,VI,VI,3807,1,4,0,1,1,0.0,Cas13b
ERZ4560377@716,VI,VI,6271,1,5,0,3,3,0.0,Cas13b
ERZ4560388@857,VI,VI,7055,1,18,0,3,5,0.0,Cas13b
ERZ4560401@203,VI,VI,4792,1,15,0,1,1,0.0,Cas13b
ERZ4560453@371,VI,VI,4269,1,11,0,1,1,0.0,Cas13b
ERZ4560474@913,VI,VI,8515,1,7,0,3,6,0.0,Cas13b
ERZ4560520@575,VI,VI,5044,1,6,0,2,2,0.0,Cas13b
ERZ4560552@670,VI,VI,5620,1,15,0,3,4,0.0,Cas13b
ERZ4560553@143,VI,VI,6271,1,5,0,3,3,0.0,Cas13b
ERZ4560553@478,VI,VI,4269,1,11,0,1,1,0.0,Cas13b
ERZ4560555@195,VI,VI,6271,1,5,0,3,3,0.0,Cas13b
ERZ4560598@880,VI,VI,8306,1,12,0,3,3,0.0,Cas13b
ERZ4560611@68,VI,VI,4386,1,13,0,1,1,0.0,Cas13b
ERZ4560644@57,VI,VI,3971,1,9,0,1,2,0.0,Cas13b
ERZ4560644@838,VI,VI,8240,1,5,0,3,5,0.0,Cas13b
ERZ4560669@194,VI,VI,9239,1,18,0,3,7,0.0,Cas13b
ERZ4560669@400,VI,VI,6526,1,16,0,2,4,0.0,Cas13b
ERZ4560750@398,VI,VI,6470,1,8,0,3,4,0.0,Cas13b
ERZ4560779@1993,VI,VI,6392,1,7,0,3,4,0.0,Cas13b
ERZ4560779@370,VI,VI,4034,1,8,0,1,1,0.0,Cas13b
ERZ4560783@436,VI,VI,4004,1,7,0,2,3,0.0,Cas13b
ERZ4560823@203,VI,VI,6586,1,9,0,3,4,0.0,Cas13b
ERZ4560895@125,VI,VI,8073,1,5,0,4,6,0.0,Cas13b
ERZ4560928@71,VI,VI,8073,1,5,0,4,6,0.0,Cas13b
ERZ4560967@261,VI,VI,4466,1,14,0,2,2,0.0,Cas13b
ERZ4560982@403,VI,VI,4477,1,11,0,2,3,0.0,Cas13b
ERZ4560982@43,VI,VI,5199,1,5,0,2,4,0.0,Cas13b
ERZ4561091@101,VI,VI,6872,1,4,0,3,3,0.0,Cas13b
ERZ4561097@149,VI,VI,7057,1,10,0,3,3,0.0,Cas13b
ERZ4561097@157,VI,VI,6588,1,10,0,3,5,0.0,Cas13b
ERZ4561105@465,VI,VI,6232,1,4,0,3,4,0.0,Cas13b
ERZ4561109@148,VI,VI,5561,1,14,0,3,3,0.0,Cas13b
ERZ4561110@1029,VI,VI,6588,1,10,0,3,5,0.0,Cas13b
ERZ4561111@302,VI,VI,5561,1,14,0,3,3,0.0,Cas13b
ERZ4561113@316,VI,VI,5561,1,14,0,3,3,0.0,Cas13b
ERZ4561121@299,VI,VI,5561,1,14,0,3,3,0.0,Cas13b
ERZ4561146@155,VI,VI,5054,1,6,0,2,3,0.0,Cas13b
ERZ4561146@556,VI,VI,8240,1,5,0,3,5,0.0,Cas13b
ERZ4561162@381,VI,VI,6271,1,5,0,3,3,0.0,Cas13b
ERZ4561180@82,VI,VI,6271,1,5,0,3,3,0.0,Cas13b
ERZ4561185@450,VI,VI,6459,1,7,0,3,4,0.0,Cas13b
ERZ4561193@509,VI,VI,6271,1,5,0,3,3,0.0,Cas13b
ERZ4561197@316,VI,VI,6271,1,5,0,3,3,0.0,Cas13b
ERZ4561200@583,VI,VI,3939,1,6,0,2,2,0.0,Cas13b
ERZ4561226@465,VI,VI,6459,1,7,0,3,4,0.0,Cas13b
ERZ4561226@492,VI,VI,3782,1,4,0,1,1,0.0,Cas13b
ERZ4561272@1312,VI,VI,9506,1,5,0,4,7,0.0,Cas13b
ERZ4561272@297,VI,VI,6257,1,4,0,3,4,0.0,Cas13b
ERZ4561281@258,VI,VI,8493,1,10,0,3,3,0.0,Cas13b
ERZ4561283@110,VI,VI,6271,1,5,0,3,3,0.0,Cas13b
ERZ4561287@430,VI,VI,6271,1,5,0,3,3,0.0,Cas13b
ERZ4561292@116,VI,VI,6271,1,5,0,3,3,0.0,Cas13b
ERZ4561301@462,VI,VI,6271,1,5,0,3,3,0.0,Cas13b
ERZ4561326@269,VI,VI,3807,1,4,0,1,1,0.0,Cas13b
ERZ4561357@222,VI,VI,5561,1,14,0,3,3,0.0,Cas13b
ERZ4561379@688,VI,VI,6846,1,14,0,3,4,0.0,Cas13b
ERZ4561381@266,VI,VI,5561,1,14,0,3,3,0.0,Cas13b
ERZ4561408@201,VI,VI,6271,1,5,0,3,3,0.0,Cas13b
ERZ4561413@35,VI,VI,5561,1,14,0,3,3,0.0,Cas13b
ERZ4561431@44,VI,VI,6588,1,10,0,3,5,0.0,Cas13b
ERZ4561431@68,VI,VI,7057,1,10,0,3,3,0.0,Cas13b
ERZ4561483@288,VI,VI,6872,1,4,0,3,3,0.0,Cas13b
ERZ4561505@71,VI,VI,6459,1,7,0,3,4,0.0,Cas13b
ERZ4561533@335,VI,VI,4883,1,16,0,1,1,0.0,Cas13b
ERZ4561533@615,VI,VI,3782,1,4,0,1,1,0.0,Cas13b
ERZ4561533@708,VI,VI,6271,1,5,0,3,3,0.0,Cas13b
ERZ4561545@146,VI,VI,7287,1,9,0,4,5,0.0,Cas13b
ERZ4561548@1009,VI,VI,8005,1,4,0,4,6,0.0,Cas13b
ERZ4561548@447,VI,VI,6846,1,14,0,3,4,0.0,Cas13b
ERZ4561599@355,VI,VI,8295,1,7,0,4,5,0.0,Cas13b
ERZ4561599@596,VI,VI,4501,1,11,0,2,3,0.0,Cas13b
ERZ4561599@741,VI,VI,9506,1,5,0,4,7,0.0,Cas13b
ERZ4561613@367,VI,VI,6271,1,5,0,3,3,0.0,Cas13b
ERZ4561630@1097,VI,VI,6271,1,5,0,3,3,0.0,Cas13b
ERZ4561663@380,VI,VI,3831,1,5,0,1,1,0.0,Cas13b
ERZ4561663@581,VI,VI,8074,1,5,0,3,3,0.0,Cas13b
ERZ4561675@189,VI,VI,4374,1,7,0,1,3,0.0,Cas13b
ERZ4561686@483,VI,VI,4421,1,8,0,2,4,0.0,Cas13b
ERZ4561693@667,VI,VI,4421,1,8,0,2,4,0.0,Cas13b
ERZ4561697@319,VI,VI,3831,1,5,0,1,1,0.0,Cas13b
ERZ4561717@1010,VI,VI,8630,1,12,0,4,5,0.0,Cas13b
ERZ4561717@1412,VI,VI,6271,1,5,0,3,3,0.0,Cas13b
ERZ4561717@565,VI,VI,4000,1,7,0,1,1,0.0,Cas13b
ERZ4561767@437,VI,VI,6588,1,10,0,3,5,0.0,Cas13b
ERZ4561767@589,VI,VI,4600,1,16,0,2,3,0.0,Cas13b
ERZ4561784@820,VI,VI,3754,1,4,0,1,1,0.0,Cas13b
ERZ4561787@637,VI,VI,4690,1,5,0,2,2,0.0,Cas13b
ERZ4561804@379,VI,VI,4269,1,11,0,1,1,0.0,Cas13b
ERZ4561840@600,VI,VI,5561,1,14,0,3,3,0.0,Cas13b
ERZ4561846@1173,VI,VI,4600,1,16,0,2,2,0.0,Cas13b
ERZ4561846@1306,VI,VI,6588,1,10,0,3,5,0.0,Cas13b
ERZ4561852@241,VI,VI,6271,1,5,0,3,3,0.0,Cas13b
ERZ4561865@348,VI,VI,6638,1,6,0,2,3,0.0,Cas13b
ERZ4561865@420,VI,VI,6271,1,5,0,3,3,0.0,Cas13b
ERZ4561880@464,VI,VI,8029,1,5,0,3,3,0.0,Cas13b
ERZ4561888@31,VI,VI,8074,1,5,0,3,5,0.0,Cas13b
ERZ4561888@936,VI,VI,3831,1,5,0,1,1,0.0,Cas13b
ERZ4561932@96,VI,VI,4268,1,11,0,1,2,0.0,Cas13b
ERZ4561940@972,VI,VI,3870,1,5,0,1,1,0.0,Cas13b
ERZ4562068@314,VI,VI,6470,1,8,0,3,4,0.0,Cas13b
ERZ4562243@832,VI,VI,5233,1,9,0,2,2,0.0,Cas13b
ERZ4566845@272,VI,VI,6872,1,4,0,3,3,0.0,Cas13b
ERZ4566850@63,VI,VI,8073,1,5,0,4,4,0.0,Cas13b
ERZ4567094@313,VI,VI,6118,1,14,0,2,6,0.0,Cas13b
ERZ4567121@198,VI,VI,6161,1,11,0,2,3,0.0,Cas13b
ERZ4567121@215,VI,VI,5052,1,6,0,2,2,0.0,Cas13b
ERZ4567121@391,VI,VI,7127,1,12,0,2,6,0.0,Cas13b
ERZ4567123@419,VI,VI,6655,1,11,0,3,4,0.0,Cas13b
ERZ4567185@515,VI,VI,8368,1,8,0,3,3,0.0,Cas13b
ERZ4567219@546,VI,VI,9170,1,19,0,3,6,0.0,Cas13b
ERZ4567230@503,VI,VI,5437,1,7,0,2,2,0.0,Cas13b
ERZ4567238@1128,VI,VI,2893,1,11,0,1,2,0.0,Cas13b
ERZ4567255@221,VI,VI,8644,1,10,0,3,6,0.0,Cas13b
ERZ4567266@149,VI,VI,10358,1,17,0,4,7,0.0,Cas13b
ERZ4567266@49,VI,VI,9041,1,15,0,3,6,0.0,Cas13b
ERZ4567297@904,VI,VI,10686,1,22,0,4,7,0.0,Cas13b
ERZ4567313@52,VI,VI,8711,1,10,0,3,6,0.0,Cas13b
ERZ4567330@636,VI,VI,10938,1,22,0,4,6,0.0,Cas13b
ERZ4567385@985,VI,VI,9578,1,5,0,4,6,0.0,Cas13b
ERZ4567476@132,VI,VI,6595,1,9,0,3,3,0.0,Cas13b
ERZ4567508@60,VI,VI,6267,1,5,0,3,5,0.0,Cas13b
ERZ4567535@599,VI,VI,4730,1,18,0,1,3,0.0,Cas13b
ERZ4567601@548,VI,VI,4738,1,18,0,1,1,0.0,Cas13b
ERZ4567601@703,VI,VI,9266,1,21,0,3,5,0.0,Cas13b
ERZ4567620@508,VI,VI,4269,1,11,0,1,1,0.0,Cas13b
ERZ4567674@388,VI,VI,6271,1,5,0,3,3,0.0,Cas13b
ERZ4567680@1127,VI,VI,8295,1,7,0,3,3,0.0,Cas13b
ERZ4567680@309,VI,VI,6232,1,4,0,3,4,0.0,Cas13b
ERZ4567702@1002,VI,VI,6271,1,5,0,3,3,0.0,Cas13b
ERZ4567745@428,VI,VI,8630,1,12,0,3,4,0.0,Cas13b
ERZ4567746@823,VI,VI,6271,1,5,0,3,3,0.0,Cas13b
ERZ4567755@449,VI,VI,6271,1,5,0,3,3,0.0,Cas13b
ERZ4567810@989,VI,VI,3807,1,4,0,1,1,0.0,Cas13b
ERZ4567841@924,VI,VI,6271,1,5,0,3,3,0.0,Cas13b
ERZ4567843@875,VI,VI,3807,1,4,0,1,1,0.0,Cas13b
ERZ4567847@178,VI,VI,6975,1,5,0,2,4,0.0,Cas13b
ERZ4567847@816,VI,VI,5239,1,9,0,2,3,0.0,Cas13b
ERZ4567854@371,VI,VI,6872,1,4,0,3,3,0.0,Cas13b
ERZ4567859@892,VI,VI,6718,1,11,0,3,4,0.0,Cas13b
ERZ4567876@729,VI,VI,6271,1,5,0,3,3,0.0,Cas13b
ERZ4567885@229,VI,VI,5005,1,5,0,2,2,0.0,Cas13b
ERZ4567913@1057,VI,VI,6271,1,5,0,3,3,0.0,Cas13b
ERZ4567948@942,VI,VI,6271,1,5,0,3,3,0.0,Cas13b
ERZ4567962@1331,VI,VI,8295,1,7,0,3,3,0.0,Cas13b
ERZ4567962@482,VI,VI,9506,1,5,0,4,7,0.0,Cas13b
ERZ4567962@86,VI,VI,4358,1,9,0,2,3,0.0,Cas13b
ERZ4567976@991,VI,VI,5005,1,5,0,2,2,0.0,Cas13b
ERZ4568013@1882,VI,VI,4466,1,14,0,2,2,0.0,Cas13b
ERZ4568022@1147,VI,VI,6271,1,5,0,3,3,0.0,Cas13b
ERZ4568042@1238,VI,VI,8630,1,12,0,3,3,0.0,Cas13b
ERZ4568531@342,VI,VI,6595,1,9,0,3,3,0.0,Cas13b
ERZ4750308@171,VI,VI,5634,1,21,0,3,3,0.0,Cas13b
ERZ4750308@171,VI,VI,5634,1,21,0,3,3,0.0,Cas13b
ERZ501273@7,VI,VI,5189,1,10,0,3,4,0.0,Cas13b
ERZ501462@14,VI,VI,6315,1,8,0,1,3,0.0,Cas13b
ERZ501860@118,VI,VI,4952,1,15,0,2,4,0.0,Cas13b
ERZ505032@12,VI,VI,4709,1,11,0,1,2,0.0,Cas13b
ERZ505032@18,VI,VI,4287,1,3,0,1,2,0.0,Cas13b
ERZ507957@14,VI,VI,6673,1,7,0,2,2,0.0,Cas13b
ERZ509011@174,VI,VI,7152,1,26,0,2,5,0.0,Cas13b
ERZ509061@116,VI,VI,5381,1,10,0,2,3,0.0,Cas13b
ERZ509106@180,VI,VI,6710,1,5,0,3,3,0.0,Cas13b
ERZ509132@195,VI,VI,9394,1,11,0,4,5,0.0,Cas13b
ERZ511480@170,VI,VI,4825,1,13,0,2,2,0.0,Cas13b
ERZ511480@217,VI,VI,4538,1,3,0,2,2,0.0,Cas13b
ERZ511480@331,VI,VI,4390,1,13,0,1,2,0.0,Cas13b
ERZ548832@100,VI,VI,4904,1,4,0,3,4,0.0,Cas13b
ERZ6052520@96,VI,VI,4167,1,11,0,1,1,0.0,Cas13b
ERZ650271@5,VI,VI,4809,1,7,0,2,2,0.0,Cas13b
ERZ650296@55,VI,VI,4809,1,7,0,2,2,0.0,Cas13b
ERZ650936@57,VI,VI,5405,1,23,0,1,2,0.0,Cas13b
ERZ650946@49,VI,VI,5405,1,23,0,1,2,0.0,Cas13b
ERZ651093@1,VI,VI,4311,1,5,0,1,2,0.0,Cas13b
ERZ651102@4,VI,VI,4485,1,6,0,1,2,0.0,Cas13b
ERZ651109@101,VI,VI,4616,1,10,0,1,3,0.0,Cas13b
ERZ651119@19,VI,VI,4453,1,3,0,1,3,0.0,Cas13b
ERZ651119@44,VI,VI,4534,1,8,0,1,2,0.0,Cas13b
ERZ651119@59,VI,VI,4626,1,8,0,2,3,0.0,Cas13b
ERZ651121@46,VI,VI,4354,1,6,0,1,2,0.0,Cas13b
ERZ651894@282,VI,VI,4812,1,14,0,1,3,0.0,Cas13b
ERZ652235@72,VI,VI,4483,1,9,0,1,3,0.0,Cas13b
ERZ652242@35,VI,VI,4481,1,9,0,1,2,0.0,Cas13b
ERZ652710@5,VI,VI,8350,1,8,0,4,4,0.0,Cas13b
ERZ653598@12,VI,VI,6852,1,7,0,3,3,0.0,Cas13b
ERZ653987@3,VI,VI,4937,1,15,0,1,3,0.0,Cas13b
ERZ654009@34,VI,VI,4353,1,7,0,1,2,0.0,Cas13b
ERZ654385@2,VI,VI,6852,1,7,0,3,3,0.0,Cas13b
ERZ654574@67,VI,VI,4880,1,16,0,1,3,0.0,Cas13b
ERZ658688@165,VI,VI,6286,1,6,0,1,3,0.0,Cas13b
ERZ6863577@307,VI,VI,6000,1,6,0,1,2,0.0,Cas13b
ERZ6863697@400,VI,VI,5008,1,4,0,1,2,0.0,Cas13b
ERZ6863740@135,VI,VI,3889,1,7,0,1,1,0.0,Cas13b
ERZ6863811@108,VI,VI,6000,1,6,0,1,2,0.0,Cas13b
ERZ6863811@166,VI,VI,6395,1,19,0,1,2,0.0,Cas13b
ERZ6863860@280,VI,VI,6395,1,19,0,1,2,0.0,Cas13b
ERZ724023@335,VI,VI,3690,1,4,0,1,1,0.0,Cas13b
ERZ724026@36,VI,VI,3475,1,4,0,1,1,0.0,Cas13b
ERZ724026@73,VI,VI,4129,1,8,0,1,1,0.0,Cas13b
ERZ724032@217,VI,VI,7445,1,4,0,3,5,0.0,Cas13b
ERZ724043@12,VI,VI,3823,1,9,0,1,1,0.0,Cas13b
ERZ724078@420,VI,VI,4488,1,5,0,2,2,0.0,Cas13b
ERZ724079@128,VI,VI,3689,1,9,0,1,1,0.0,Cas13b
ERZ724085@293,VI,VI,4488,1,5,0,2,2,0.0,Cas13b
ERZ724087@367,VI,VI,4488,1,5,0,2,2,0.0,Cas13b
ERZ724088@260,VI,VI,4488,1,5,0,2,2,0.0,Cas13b
ERZ724088@349,VI,VI,5048,1,25,0,1,1,0.0,Cas13b
ERZ724088@94,VI,VI,3678,1,9,0,1,1,0.0,Cas13b
ERZ724089@297,VI,VI,2813,1,5,0,1,1,0.0,Cas13b
ERZ724089@358,VI,VI,3678,1,9,0,1,1,0.0,Cas13b
ERZ772774@21,VI,VI,4656,1,6,0,1,2,0.0,Cas13b
ERZ772853@369,VI,VI,4557,1,9,0,1,2,0.0,Cas13b
ERZ772857@161,VI,VI,4691,1,11,0,1,2,0.0,Cas13b
ERZ772907@29,VI,VI,4640,1,6,0,1,2,0.0,Cas13b
ERZ772940@8,VI,VI,4237,1,4,0,1,2,0.0,Cas13b
ERZ772940@97,VI,VI,4653,1,6,0,1,2,0.0,Cas13b
ERZ772949@92,VI,VI,4463,1,7,0,1,2,0.0,Cas13b
ERZ772963@108,VI,VI,4567,1,7,0,2,3,0.0,Cas13b
ERZ772963@50,VI,VI,4749,1,10,0,1,2,0.0,Cas13b
ERZ772970@39,VI,VI,5181,1,14,0,1,2,0.0,Cas13b
ERZ772970@45,VI,VI,4756,1,10,0,2,2,0.0,Cas13b
ERZ772985@187,VI,VI,4564,1,9,0,1,2,0.0,Cas13b
ERZ772996@39,VI,VI,4396,1,6,0,1,2,0.0,Cas13b
ERZ773013@79,VI,VI,3778,1,7,0,1,1,0.0,Cas13b
ERZ773027@49,VI,VI,6647,1,14,0,2,4,0.0,Cas13b
ERZ773036@82,VI,VI,4674,1,12,0,1,2,0.0,Cas13b
ERZ773046@75,VI,VI,3973,1,10,0,1,1,0.0,Cas13b
ERZ773080@166,VI,VI,3777,1,7,0,1,1,0.0,Cas13b
ERZ773095@169,VI,VI,4558,1,8,0,1,2,0.0,Cas13b
ERZ773096@389,VI,VI,3913,1,9,0,1,1,0.0,Cas13b
ERZ773197@101,VI,VI,4466,1,7,0,1,2,0.0,Cas13b
ERZ773254@122,VI,VI,4183,1,9,0,1,2,0.0,Cas13b
ERZ777003@531,VI,VI,3912,1,6,0,1,1,0.0,Cas13b
ERZ778038@275,VI,VI,3764,1,4,0,1,1,0.0,Cas13b
ERZ779852@217,VI,VI,6712,1,5,0,3,3,0.0,Cas13b
ERZ779884@100,VI,VI,10606,1,5,0,4,6,0.0,Cas13b
ERZ779888@159,VI,VI,4143,1,9,0,1,1,0.0,Cas13b
ERZ780105@34,VI,VI,7058,1,10,0,3,3,0.0,Cas13b
ERZ780111@16,VI,VI,7058,1,10,0,4,4,0.0,Cas13b
ERZ780111@16,VI,VI,7058,1,10,0,4,4,0.0,Cas13b
ERZ780112@18,VI,VI,5189,1,10,0,3,3,0.0,Cas13b
ERZ781387@61,VI,VI,4731,1,5,0,2,2,0.0,Cas13b
ERZ791617@49,VI,VI,9894,1,10,0,4,7,0.0,Cas13b
ERZ791754@46,VI,VI,7117,1,11,0,3,3,0.0,Cas13b
ERZ794920@94,VI,VI,4029,1,9,0,1,1,0.0,Cas13b
ERZ795068@768,VI,VI,3912,1,6,0,1,1,0.0,Cas13b
ERZ795070@285,VI,VI,3881,1,5,0,1,1,0.0,Cas13b
ERZ795075@103,VI,VI,4978,1,5,0,2,2,0.0,Cas13b
ERZ807147@72,VI,VI,4731,1,5,0,2,2,0.0,Cas13b
ERZ807150@14,VI,VI,4731,1,5,0,2,2,0.0,Cas13b
ERZ808246@57,VI,VI,5716,1,16,0,2,2,0.0,Cas13b
ERZ808252@87,VI,VI,4557,1,3,0,4,4,0.0,Cas13b
ERZ808258@48,VI,VI,5859,1,18,0,2,3,0.0,Cas13b
ERZ808269@16,VI,VI,5725,1,16,0,2,2,0.0,Cas13b
ERZ808271@19,VI,VI,7531,1,17,0,3,4,0.0,Cas13b
ERZ808281@19,VI,VI,5725,1,16,0,2,2,0.0,Cas13b
ERZ808283@60,VI,VI,5792,1,17,0,2,2,0.0,Cas13b
ERZ808284@116,VI,VI,7165,1,5,0,3,5,0.0,Cas13b
ERZ808286@70,VI,VI,5792,1,17,0,2,2,0.0,Cas13b
ERZ808290@2,VI,VI,6334,1,5,0,2,2,0.0,Cas13b
ERZ808294@18,VI,VI,5792,1,17,0,2,2,0.0,Cas13b
ERZ808299@381,VI,VI,7165,1,5,0,3,6,0.0,Cas13b
ERZ8156685@81,VI,VI,6518,1,9,0,3,4,0.0,Cas13b
ERZ8157985@131,VI,VI,4552,1,12,0,1,1,0.0,Cas13b
ERZ824488@24,VI,VI,6709,1,5,0,3,3,0.0,Cas13b
ERZ824492@209,VI,VI,6709,1,5,0,3,3,0.0,Cas13b
ERZ827204@37,VI,VI,3873,1,4,0,1,1,0.0,Cas13b
ERZ827216@188,VI,VI,3427,1,6,0,1,1,0.0,Cas13b
ERZ827365@296,VI,VI,8290,1,7,0,3,3,0.0,Cas13b
ERZ831144@48,VI,VI,4328,1,13,0,1,2,0.0,Cas13b
ERZ833000@16,VI,VI,4328,1,13,0,1,2,0.0,Cas13b
ERZ836877@425,VI,VI,4916,1,14,0,1,1,0.0,Cas13b
ERZ840547@7,VI,VI,4328,1,13,0,1,2,0.0,Cas13b
ERZ840839@23,VI,VI,4328,1,13,0,1,1,0.0,Cas13b
ERZ841139@5,VI,VI,4328,1,13,0,1,2,0.0,Cas13b
ERZ857629@54,VI,VI,7353,1,10,0,3,4,0.0,Cas13b
ERZ857653@203,VI,VI,4498,1,8,0,1,2,0.0,Cas13b
ERZ858002@289,VI,VI,6422,1,11,0,2,4,0.0,Cas13b
ERZ858469@187,VI,VI,4275,1,11,0,1,1,0.0,Cas13b
ERZ907739@51,VI,VI,4328,1,13,0,1,2,0.0,Cas13b
ERZ907858@5,VI,VI,4328,1,13,0,1,1,0.0,Cas13b
ERZ907874@7,VI,VI,4328,1,13,0,1,2,0.0,Cas13b
ERZ907936@20,VI,VI,4328,1,13,0,1,1,0.0,Cas13b
ERZ908249@56,VI,VI,4328,1,13,0,1,2,0.0,Cas13b
ERZ908497@2,VI,VI,4328,1,13,0,1,1,0.0,Cas13b
ERZ908552@30,VI,VI,4328,1,9,0,1,2,0.0,Cas13b
ERZ908569@25,VI,VI,4328,1,13,0,1,1,0.0,Cas13b
ERZ908575@34,VI,VI,3735,1,4,0,1,1,0.0,Cas13b
ERZ908601@7,VI,VI,3735,1,4,0,1,1,0.0,Cas13b
ERZ908610@40,VI,VI,4064,1,9,0,1,1,0.0,Cas13b
ERZ908641@2,VI,VI,3735,1,4,0,1,1,0.0,Cas13b
ERZ909429@143,VI,VI,4731,1,5,0,2,2,0.0,Cas13b
ERZ909569@440,VI,VI,4285,1,13,0,1,1,0.0,Cas13b
ERZ909587@106,VI,VI,5589,1,9,0,3,3,0.0,Cas13b
ERZ909587@145,VI,VI,4292,1,14,0,1,1,0.0,Cas13b
ERZ909655@81,VI,VI,7241,1,11,0,3,4,0.0,Cas13b
ERZ909656@142,VI,VI,6574,1,10,0,3,3,0.0,Cas13b
ERZ909706@258,VI,VI,4680,1,11,0,1,2,0.0,Cas13b
ERZ910782@18,VI,VI,5183,1,10,0,3,3,0.0,Cas13b
ERZ913223@73,VI,VI,6315,1,8,0,1,3,0.0,Cas13b
ERZ913508@57,VI,VI,3033,1,6,0,1,2,0.0,Cas13b
ERZ913602@452,VI,VI,10491,1,26,0,4,5,0.0,Cas13b
ERZ913605@37,VI,VI,9210,1,14,0,3,6,0.0,Cas13b
ERZ913606@216,VI,VI,8853,1,9,0,3,5,0.0,Cas13b
ERZ913608@91,VI,VI,5817,1,24,0,1,1,0.0,Cas13b
ERZ913613@262,VI,VI,9210,1,14,0,3,5,0.0,Cas13b
ERZ913619@118,VI,VI,5747,1,23,0,1,1,0.0,Cas13b
ERZ913619@133,VI,VI,4094,1,10,0,1,1,0.0,Cas13b
ERZ913620@343,VI,VI,5817,1,24,0,1,1,0.0,Cas13b
ERZ913620@43,VI,VI,8041,1,11,0,3,4,0.0,Cas13b
ERZ913621@197,VI,VI,5747,1,23,0,1,1,0.0,Cas13b
ERZ913621@251,VI,VI,10327,1,24,0,4,5,0.0,Cas13b
ERZ913622@175,VI,VI,7422,1,37,0,1,4,0.0,Cas13b
ERZ913622@223,VI,VI,4303,1,5,0,1,1,0.0,Cas13b
ERZ913626@701,VI,VI,4613,1,7,0,1,1,0.0,Cas13b
ERZ913627@311,VI,VI,10491,1,26,0,4,5,0.0,Cas13b
ERZ913627@687,VI,VI,9210,1,14,0,3,5,0.0,Cas13b
ERZ913628@677,VI,VI,5817,1,24,0,1,1,0.0,Cas13b
ERZ913628@709,VI,VI,9210,1,14,0,3,5,0.0,Cas13b
ERZ913630@444,VI,VI,5817,1,24,0,1,1,0.0,Cas13b
ERZ913630@664,VI,VI,9210,1,14,0,3,5,0.0,Cas13b
ERZ913632@30,VI,VI,5021,1,8,0,2,2,0.0,Cas13b
ERZ913632@425,VI,VI,5817,1,24,0,1,1,0.0,Cas13b
ERZ913632@550,VI,VI,9210,1,14,0,3,5,0.0,Cas13b
ERZ913633@139,VI,VI,4039,1,7,0,1,1,0.0,Cas13b
ERZ913633@465,VI,VI,5817,1,24,0,1,1,0.0,Cas13b
ERZ913633@551,VI,VI,9210,1,14,0,3,5,0.0,Cas13b
ERZ913640@30,VI,VI,9210,1,14,0,3,5,0.0,Cas13b
ERZ913641@212,VI,VI,8879,1,13,0,3,7,0.0,Cas13b
ERZ913977@92,VI,VI,6599,1,10,0,3,4,0.0,Cas13b
ERZ914330@9,VI,VI,4697,1,7,0,2,2,0.0,Cas13b
ERZ914382@2,VI,VI,4697,1,7,0,2,2,0.0,Cas13b
ERZ914419@60,VI,VI,4615,1,11,0,1,2,0.0,Cas13b
ERZ914667@111,VI,VI,6717,1,12,0,3,5,0.0,Cas13b
ERZ914781@19,VI,VI,4567,1,7,0,2,2,0.0,Cas13b
ERZ914791@144,VI,VI,8041,1,11,0,3,4,0.0,Cas13b
ERZ914791@193,VI,VI,9210,1,14,0,3,5,0.0,Cas13b
ERZ914792@139,VI,VI,10491,1,26,0,4,5,0.0,Cas13b
ERZ914820@370,VI,VI,11320,1,25,0,3,5,0.0,Cas13b
ERZ914821@109,VI,VI,4548,1,10,0,1,1,0.0,Cas13b
ERZ914822@151,VI,VI,6850,1,13,0,2,4,0.0,Cas13b
ERZ914827@35,VI,VI,6669,1,9,0,1,3,0.0,Cas13b
ERZ914828@174,VI,VI,5021,1,8,0,2,2,0.0,Cas13b
ERZ914835@296,VI,VI,8334,1,10,0,3,5,0.0,Cas13b
ERZ914835@341,VI,VI,8832,1,4,0,4,4,0.0,Cas13b
ERZ914837@381,VI,VI,6850,1,13,0,2,4,0.0,Cas13b
ERZ914839@206,VI,VI,10327,1,24,0,4,5,0.0,Cas13b
ERZ914843@207,VI,VI,10747,1,25,0,4,5,0.0,Cas13b
ERZ914844@311,VI,VI,9973,1,24,0,4,5,0.0,Cas13b
ERZ914844@338,VI,VI,6234,1,21,0,2,4,0.0,Cas13b
ERZ914847@113,VI,VI,4620,1,10,0,1,1,0.0,Cas13b
ERZ914850@189,VI,VI,4548,1,10,0,1,2,0.0,Cas13b
ERZ914852@97,VI,VI,8154,1,25,0,3,3,0.0,Cas13b
ERZ914854@200,VI,VI,7012,1,9,0,4,5,0.0,Cas13b
ERZ914854@286,VI,VI,10491,1,26,0,4,5,0.0,Cas13b
ERZ914855@198,VI,VI,4548,1,10,0,1,1,0.0,Cas13b
ERZ914855@73,VI,VI,6705,1,19,0,2,2,0.0,Cas13b
ERZ914857@175,VI,VI,6499,1,8,0,2,3,0.0,Cas13b
ERZ914861@168,VI,VI,4548,1,10,0,1,1,0.0,Cas13b
ERZ914861@230,VI,VI,6573,1,17,0,2,2,0.0,Cas13b
ERZ914900@260,VI,VI,11076,1,29,0,4,4,0.0,Cas13b
ERZ914902@288,VI,VI,4620,1,10,0,1,1,0.0,Cas13b
ERZ915375@241,VI,VI,3594,1,10,0,1,2,0.0,Cas13b
ERZ915375@7,VI,VI,8196,1,21,0,3,4,0.0,Cas13b
ERZ915991@26,VI,VI,4350,1,7,0,1,3,0.0,Cas13b
ERZ916126@25,VI,VI,5186,1,10,0,3,3,0.0,Cas13b
ERZ916254@110,VI,VI,6712,1,5,0,3,3,0.0,Cas13b
ERZ916288@1,VI,VI,5195,1,10,0,3,4,0.0,Cas13b
ERZ916494@180,VI,VI,4143,1,9,0,1,1,0.0,Cas13b
ERZ916530@81,VI,VI,10606,1,5,0,4,6,0.0,Cas13b
ERZ916611@35,VI,VI,4208,1,10,0,1,1,0.0,Cas13b
ERZ916611@95,VI,VI,6762,1,8,0,3,4,0.0,Cas13b
ERZ917286@157,VI,VI,7117,1,11,0,3,3,0.0,Cas13b
ERZ917997@158,VI,VI,4152,1,4,0,1,2,0.0,Cas13b
ERZ918000@208,VI,VI,5568,1,12,0,2,4,0.0,Cas13b
ERZ918041@323,VI,VI,4953,1,5,0,2,2,0.0,Cas13b
ERZ918052@30,VI,VI,6462,1,10,0,1,3,0.0,Cas13b
ERZ918111@84,VI,VI,7130,1,7,0,3,4,0.0,Cas13b
ERZ918174@80,VI,VI,6709,1,5,0,3,3,0.0,Cas13b
ERZ918182@101,VI,VI,6709,1,5,0,3,3,0.0,Cas13b
ERZ918211@29,VI,VI,8290,1,7,0,3,3,0.0,Cas13b
ERZ918241@397,VI,VI,7353,1,10,0,3,4,0.0,Cas13b
ERZ918247@162,VI,VI,3997,1,4,0,1,2,0.0,Cas13b
ERZ918255@92,VI,VI,4512,1,8,0,1,1,0.0,Cas13b
ERZ918305@35,VI,VI,3427,1,6,0,1,1,0.0,Cas13b
ERZ918316@307,VI,VI,3873,1,4,0,1,1,0.0,Cas13b
ERZ918436@1,VI,VI,6836,1,9,0,3,4,0.0,Cas13b
ERZ918461@82,VI,VI,6991,1,9,0,3,3,0.0,Cas13b
ERZ918471@38,VI,VI,6991,1,9,0,3,3,0.0,Cas13b
ERZ918633@145,VI,VI,4415,1,8,0,1,2,0.0,Cas13b
ERZ918714@31,VI,VI,5206,1,20,0,1,2,0.0,Cas13b
ERZ918805@117,VI,VI,6763,1,12,0,3,5,0.0,Cas13b
ERZ919111@82,VI,VI,11320,1,25,0,3,5,0.0,Cas13b
ERZ919112@366,VI,VI,6157,1,7,0,2,2,0.0,Cas13b
ERZ919113@421,VI,VI,11775,1,6,0,3,7,0.0,Cas13b
ERZ919113@72,VI,VI,4134,1,9,0,1,1,0.0,Cas13b
ERZ919118@321,VI,VI,9210,1,14,0,3,6,0.0,Cas13b
ERZ919118@613,VI,VI,6494,1,12,0,2,2,0.0,Cas13b
ERZ919118@658,VI,VI,7068,1,18,0,2,4,0.0,Cas13b
ERZ919288@556,VI,VI,4618,1,7,0,1,2,0.0,Cas13b
ERZ919299@26,VI,VI,4081,1,7,0,1,1,0.0,Cas13b
ERZ919299@634,VI,VI,5523,1,10,0,2,2,0.0,Cas13b
ERZ919302@159,VI,VI,4081,1,7,0,1,1,0.0,Cas13b
ERZ919307@158,VI,VI,10397,1,23,0,3,6,0.0,Cas13b
ERZ919307@46,VI,VI,5016,1,15,0,1,1,0.0,Cas13b
ERZ919308@207,VI,VI,9210,1,14,0,3,5,0.0,Cas13b
ERZ919313@298,VI,VI,5747,1,23,0,1,1,0.0,Cas13b
ERZ919313@318,VI,VI,9210,1,14,0,3,5,0.0,Cas13b
ERZ919313@324,VI,VI,10491,1,26,0,4,5,0.0,Cas13b
ERZ919314@156,VI,VI,7068,1,18,0,2,3,0.0,Cas13b
ERZ919316@390,VI,VI,5817,1,24,0,1,1,0.0,Cas13b
ERZ919316@608,VI,VI,7607,1,10,0,3,5,0.0,Cas13b
ERZ919318@177,VI,VI,5817,1,24,0,1,1,0.0,Cas13b
ERZ919318@27,VI,VI,6797,1,8,0,4,4,0.0,Cas13b
ERZ919325@309,VI,VI,6915,1,18,0,2,3,0.0,Cas13b
ERZ919325@37,VI,VI,6850,1,13,0,2,4,0.0,Cas13b
ERZ919325@410,VI,VI,7771,1,8,0,3,4,0.0,Cas13b
ERZ919325@619,VI,VI,7223,1,7,0,4,6,0.0,Cas13b
ERZ919325@7,VI,VI,8335,1,32,0,2,3,0.0,Cas13b
ERZ919326@232,VI,VI,8448,1,15,0,4,5,0.0,Cas13b
ERZ919327@175,VI,VI,8186,1,21,0,4,5,0.0,Cas13b
ERZ919330@249,VI,VI,4140,1,10,0,2,2,0.0,Cas13b
ERZ919331@280,VI,VI,10927,1,27,0,4,4,0.0,Cas13b
ERZ919331@332,VI,VI,7820,1,9,0,2,2,0.0,Cas13b
ERZ919332@53,VI,VI,9757,1,14,0,3,6,0.0,Cas13b
ERZ919333@75,VI,VI,10247,1,23,0,4,5,0.0,Cas13b
ERZ919334@63,VI,VI,7075,1,16,0,2,3,0.0,Cas13b
ERZ919335@120,VI,VI,9210,1,14,0,3,6,0.0,Cas13b
ERZ919346@19,VI,VI,8196,1,21,0,3,5,0.0,Cas13b
ERZ919348@65,VI,VI,4548,1,10,0,1,1,0.0,Cas13b
ERZ919349@417,VI,VI,5577,1,10,0,2,4,0.0,Cas13b
ERZ919349@497,VI,VI,5023,1,41,0,1,2,0.0,Cas13b
ERZ919350@253,VI,VI,5918,1,7,0,2,2,0.0,Cas13b
ERZ919429@26,VI,VI,4077,1,8,0,1,1,0.0,Cas13b
ERZ919639@25,VI,VI,6229,1,12,0,2,4,0.0,Cas13b
ERZ919665@128,VI,VI,6710,1,5,0,3,3,0.0,Cas13b
ERZ919743@112,VI,VI,5381,1,10,0,2,3,0.0,Cas13b
ERZ920058@71,VI,VI,9004,1,10,0,4,7,0.0,Cas13b
ERZ920109@72,VI,VI,4496,1,6,0,1,3,0.0,Cas13b
ERZ920109@77,VI,VI,4297,1,3,0,2,2,0.0,Cas13b
ERZ920109@99,VI,VI,4478,1,7,0,1,3,0.0,Cas13b
ERZ920132@66,VI,VI,4259,1,8,0,1,1,0.0,Cas13b
ERZ920175@319,VI,VI,5313,1,10,0,2,2,0.0,Cas13b
ERZ920175@355,VI,VI,5213,1,16,0,2,2,0.0,Cas13b
ERZ920177@214,VI,VI,11320,1,25,0,3,5,0.0,Cas13b
ERZ920178@33,VI,VI,4081,1,7,0,1,1,0.0,Cas13b
ERZ920178@760,VI,VI,11684,1,25,0,4,5,0.0,Cas13b
ERZ920179@915,VI,VI,6698,1,6,0,4,5,0.0,Cas13b
ERZ920180@541,VI,VI,7285,1,21,0,2,3,0.0,Cas13b
ERZ920183@653,VI,VI,5788,1,13,0,2,4,0.0,Cas13b
ERZ920184@207,VI,VI,5678,1,22,0,1,1,0.0,Cas13b
ERZ920184@7,VI,VI,9210,1,14,0,3,6,0.0,Cas13b
ERZ920186@549,VI,VI,7392,1,13,0,3,5,0.0,Cas13b
ERZ920188@362,VI,VI,6417,1,7,0,3,3,0.0,Cas13b
ERZ920188@362,VI,VI,6417,1,7,0,3,3,0.0,Cas13b
ERZ920189@251,VI,VI,10917,1,43,0,4,4,0.0,Cas13b
ERZ920194@110,VI,VI,4548,1,10,0,1,2,0.0,Cas13b
ERZ920195@144,VI,VI,7781,1,14,0,3,4,0.0,Cas13b
ERZ920199@136,VI,VI,7476,1,8,0,3,4,0.0,Cas13b
ERZ920200@261,VI,VI,5747,1,23,0,1,1,0.0,Cas13b
ERZ920217@243,VI,VI,4847,1,13,0,1,1,0.0,Cas13b
ERZ920240@12,VI,VI,3793,1,6,0,1,1,0.0,Cas13b
ERZ920240@330,VI,VI,10247,1,23,0,4,5,0.0,Cas13b
ERZ920240@70,VI,VI,9210,1,14,0,3,6,0.0,Cas13b
ERZ920246@265,VI,VI,6292,1,17,0,3,4,0.0,Cas13b
ERZ920246@265,VI,VI,6292,1,17,0,3,4,0.0,Cas13b
ERZ920246@355,VI,VI,4081,1,7,0,1,1,0.0,Cas13b
ERZ920285@1376,VI,VI,9757,1,14,0,3,6,0.0,Cas13b
ERZ920285@210,VI,VI,6919,1,7,0,2,4,0.0,Cas13b
ERZ920286@430,VI,VI,5611,1,3,0,2,2,0.0,Cas13b
ERZ922127@65,VI,VI,5582,1,12,0,2,2,0.0,Cas13b
ERZ922462@688,VI,VI,4805,1,17,0,1,1,0.0,Cas13b
ERZ922464@174,VI,VI,5523,1,10,0,2,2,0.0,Cas13b
ERZ922465@578,VI,VI,4081,1,7,0,1,1,0.0,Cas13b
ERZ922465@688,VI,VI,4398,1,11,0,1,1,0.0,Cas13b
ERZ922466@67,VI,VI,6972,1,30,0,1,5,0.0,Cas13b
ERZ922471@380,VI,VI,6874,1,12,0,3,4,0.0,Cas13b
ERZ922472@547,VI,VI,8178,1,20,0,3,3,0.0,Cas13b
ERZ922475@363,VI,VI,4754,1,9,0,1,2,0.0,Cas13b
ERZ922484@218,VI,VI,6120,1,26,0,1,1,0.0,Cas13b
ERZ922484@233,VI,VI,8333,1,22,0,2,5,0.0,Cas13b
ERZ922488@193,VI,VI,7285,1,21,0,2,3,0.0,Cas13b
ERZ922488@341,VI,VI,6315,1,9,0,2,2,0.0,Cas13b
ERZ922490@290,VI,VI,5539,1,20,0,1,2,0.0,Cas13b
ERZ922492@121,VI,VI,7317,1,19,0,1,3,0.0,Cas13b
ERZ922494@150,VI,VI,4679,1,12,0,1,2,0.0,Cas13b
ERZ922498@202,VI,VI,6499,1,8,0,2,3,0.0,Cas13b
ERZ922499@119,VI,VI,9475,1,11,0,4,5,0.0,Cas13b
ERZ922499@48,VI,VI,6451,1,11,0,2,3,0.0,Cas13b
ERZ922502@300,VI,VI,4761,1,13,0,1,1,0.0,Cas13b
ERZ922529@387,VI,VI,8594,1,23,0,3,3,0.0,Cas13b
ERZ922529@508,VI,VI,10959,1,13,0,5,7,0.0,Cas13b
ERZ922531@215,VI,VI,6969,1,8,0,3,4,0.0,Cas13b
ERZ922548@9,VI,VI,4013,1,9,0,1,1,0.0,Cas13b
ERZ922847@256,VI,VI,3823,1,9,0,1,1,0.0,Cas13b
ERZ922853@365,VI,VI,3701,1,4,0,1,1,0.0,Cas13b
ERZ922857@323,VI,VI,4047,1,7,0,1,1,0.0,Cas13b
ERZ922857@40,VI,VI,3250,1,4,0,1,1,0.0,Cas13b
ERZ925094@16,VI,VI,4573,1,6,0,1,2,0.0,Cas13b
ERZ925094@34,VI,VI,6838,1,6,0,3,4,0.0,Cas13b
ERZ925095@339,VI,VI,8190,1,14,0,3,4,0.0,Cas13b
ERZ925095@65,VI,VI,9210,1,14,0,3,6,0.0,Cas13b
ERZ925100@2,VI,VI,7777,1,8,0,4,4,0.0,Cas13b
ERZ925103@34,VI,VI,4387,1,15,0,1,1,0.0,Cas13b
ERZ925122@171,VI,VI,4746,1,13,0,1,3,0.0,Cas13b
ERZ925136@74,VI,VI,4944,1,16,0,1,3,0.0,Cas13b
ERZ925249@32,VI,VI,4746,1,13,0,1,3,0.0,Cas13b
ERZ925291@210,VI,VI,5795,1,29,0,2,4,0.0,Cas13b
ERZ925439@3,VI,VI,4417,1,8,0,1,3,0.0,Cas13b
ERZ925463@500,VI,VI,4555,1,11,0,1,2,0.0,Cas13b
ERZ925522@307,VI,VI,3720,1,6,0,1,1,0.0,Cas13b
ERZ925527@69,VI,VI,4417,1,8,0,1,3,0.0,Cas13b
ERZ925562@120,VI,VI,4094,1,4,0,1,2,0.0,Cas13b
ERZ925780@116,VI,VI,4626,1,8,0,2,2,0.0,Cas13b
ERZ925780@147,VI,VI,4534,1,8,0,1,2,0.0,Cas13b
ERZ925789@58,VI,VI,4616,1,10,0,1,3,0.0,Cas13b
ERZ925793@71,VI,VI,4551,1,9,0,1,2,0.0,Cas13b
ERZ925796@38,VI,VI,4354,1,6,0,1,2,0.0,Cas13b
ERZ925849@9,VI,VI,5074,1,18,0,1,2,0.0,Cas13b
ERZ925959@9,VI,VI,4549,1,11,0,1,3,0.0,Cas13b
ERZ925984@74,VI,VI,4198,1,5,0,2,2,0.0,Cas13b
ERZ926006@97,VI,VI,4152,1,4,0,2,3,0.0,Cas13b
ERZ926006@97,VI,VI,4152,1,4,0,2,3,0.0,Cas13b
ERZ926009@26,VI,VI,4481,1,9,0,1,3,0.0,Cas13b
ERZ926124@122,VI,VI,4885,1,10,0,1,3,0.0,Cas13b
ERZ926154@109,VI,VI,4885,1,10,0,1,3,0.0,Cas13b
ERZ926155@23,VI,VI,4885,1,10,0,1,3,0.0,Cas13b
ERZ926182@215,VI,VI,4885,1,10,0,1,3,0.0,Cas13b
ERZ926183@260,VI,VI,4885,1,10,0,1,3,0.0,Cas13b
ERZ926188@50,VI,VI,4885,1,10,0,1,3,0.0,Cas13b
ERZ926311@679,VI,VI,4419,1,5,0,1,2,0.0,Cas13b
ERZ926322@36,VI,VI,4611,1,8,0,2,2,0.0,Cas13b
ERZ926412@6,VI,VI,4192,1,13,0,1,1,0.0,Cas13b
ERZ926957@84,VI,VI,4632,1,17,0,1,2,0.0,Cas13b
ERZ930400@189,VI,VI,5400,1,18,0,1,2,0.0,Cas13b
ERZ930400@61,VI,VI,9896,1,8,0,3,6,0.0,Cas13b
ERZ930818@149,VI,VI,11747,1,16,0,5,6,0.0,Cas13b
ERZ930878@219,VI,VI,4761,1,13,0,1,1,0.0,Cas13b
ERZ930935@129,VI,VI,7285,1,21,0,2,3,0.0,Cas13b
ERZ930935@136,VI,VI,13655,1,19,0,5,8,0.0,Cas13b
ERZ930935@317,VI,VI,6233,1,8,0,2,2,0.0,Cas13b
ERZ931332@214,VI,VI,4737,1,6,0,1,2,0.0,Cas13b
ERZ931332@26,VI,VI,8333,1,22,0,2,5,0.0,Cas13b
ERZ931368@399,VI,VI,5523,1,10,0,2,2,0.0,Cas13b
ERZ931416@84,VI,VI,4406,1,4,0,1,2,0.0,Cas13b
ERZ931543@219,VI,VI,4348,1,6,0,1,1,0.0,Cas13b
ERZ931543@85,VI,VI,6972,1,30,0,1,5,0.0,Cas13b
ERZ931635@210,VI,VI,8178,1,20,0,3,3,0.0,Cas13b
ERZ931843@457,VI,VI,9878,1,20,0,4,4,0.0,Cas13b
ERZ931938@301,VI,VI,6944,1,14,0,1,3,0.0,Cas13b
ERZ932249@568,VI,VI,4059,1,8,0,1,1,0.0,Cas13b
ERZ932249@627,VI,VI,4081,1,7,0,1,1,0.0,Cas13b
ERZ932488@103,VI,VI,6451,1,11,0,2,3,0.0,Cas13b
ERZ932488@152,VI,VI,9475,1,11,0,4,5,0.0,Cas13b
ERZ932534@255,VI,VI,6499,1,8,0,2,3,0.0,Cas13b
ERZ932678@85,VI,VI,4554,1,9,0,1,1,0.0,Cas13b
ERZ936476@130,VI,VI,5412,1,17,0,2,3,0.0,Cas13b
ERZ936658@13,VI,VI,4031,1,8,0,1,2,0.0,Cas13b
ERZ936873@614,VI,VI,5385,1,14,0,2,2,0.0,Cas13b
ERZ940690@28,VI,VI,9026,1,11,0,3,6,0.0,Cas13b
ERZ940697@71,VI,VI,4466,1,15,0,1,1,0.0,Cas13b
ERZ940701@131,VI,VI,7572,1,13,0,2,4,0.0,Cas13b
ERZ940701@78,VI,VI,16976,1,11,0,6,12,0.0,Cas13b
ERZ940702@103,VI,VI,6141,1,3,0,3,3,0.0,Cas13b
ERZ940722@163,VI,VI,11392,1,4,0,5,7,0.0,Cas13b
ERZ940726@113,VI,VI,3864,1,6,0,1,1,0.0,Cas13b
ERZ940728@66,VI,VI,11392,1,4,0,5,7,0.0,Cas13b
ERZ940729@141,VI,VI,3838,1,4,0,1,1,0.0,Cas13b
ERZ940729@62,VI,VI,3774,1,4,0,1,1,0.0,Cas13b
ERZ940731@118,VI,VI,10387,1,18,0,4,6,0.0,Cas13b
ERZ940732@16,VI,VI,4797,1,3,0,2,2,0.0,Cas13b
ERZ940735@24,VI,VI,7258,1,6,0,3,5,0.0,Cas13b
ERZ940752@7,VI,VI,4808,1,3,0,2,2,0.0,Cas13b
ERZ940760@4,VI,VI,3940,1,8,0,1,1,0.0,Cas13b
ERZ940763@61,VI,VI,6830,1,5,0,4,6,0.0,Cas13b
ERZ940792@140,VI,VI,9769,1,9,0,4,7,0.0,Cas13b
ERZ940792@70,VI,VI,8618,1,9,0,3,7,0.0,Cas13b
ERZ940799@148,VI,VI,3874,1,6,0,1,1,0.0,Cas13b
ERZ940802@103,VI,VI,5618,1,7,0,2,3,0.0,Cas13b
ERZ940802@62,VI,VI,7273,1,8,0,3,5,0.0,Cas13b
ERZ940815@43,VI,VI,6121,1,3,0,3,3,0.0,Cas13b
ERZ940828@6,VI,VI,6098,1,10,0,2,5,0.0,Cas13b
ERZ940831@26,VI,VI,4078,1,8,0,1,1,0.0,Cas13b
ERZ940832@1,VI,VI,11552,1,4,0,5,8,0.0,Cas13b
ERZ940833@51,VI,VI,7901,1,8,0,3,5,0.0,Cas13b
ERZ940845@16,VI,VI,4078,1,8,0,1,1,0.0,Cas13b
ERZ940850@211,VI,VI,3742,1,4,0,1,1,0.0,Cas13b
ERZ940853@50,VI,VI,7273,1,8,0,3,6,0.0,Cas13b
ERZ940865@59,VI,VI,13236,1,7,0,5,11,0.0,Cas13b
ERZ940865@88,VI,VI,3874,1,6,0,1,1,0.0,Cas13b
ERZ940902@92,VI,VI,3841,1,5,0,1,1,0.0,Cas13b
ERZ940939@39,VI,VI,7999,1,11,0,3,6,0.0,Cas13b
ERZ940942@83,VI,VI,5150,1,8,0,2,2,0.0,Cas13b
ERZ940944@43,VI,VI,5040,1,12,0,2,2,0.0,Cas13b
ERZ940948@107,VI,VI,3774,1,4,0,1,1,0.0,Cas13b
ERZ940950@32,VI,VI,4800,1,4,0,2,2,0.0,Cas13b
ERZ940963@1,VI,VI,3743,1,5,0,1,1,0.0,Cas13b
ERZ940971@16,VI,VI,5835,1,3,0,3,5,0.0,Cas13b
ERZ940975@165,VI,VI,4400,1,14,0,1,1,0.0,Cas13b
ERZ940975@98,VI,VI,4807,1,7,0,2,3,0.0,Cas13b
ERZ940978@64,VI,VI,12682,1,4,0,6,9,0.0,Cas13b
ERZ940983@53,VI,VI,10458,1,15,0,4,5,0.0,Cas13b
ERZ940985@33,VI,VI,6464,1,8,0,3,4,0.0,Cas13b
ERZ940985@78,VI,VI,8070,1,12,0,3,4,0.0,Cas13b
ERZ940994@30,VI,VI,8139,1,12,0,3,4,0.0,Cas13b
ERZ940996@75,VI,VI,4874,1,4,0,2,2,0.0,Cas13b
ERZ941388@503,VI,VI,7304,1,5,0,3,4,0.0,Cas13b
ERZ941483@280,VI,VI,4259,1,9,0,1,1,0.0,Cas13b
ERZ941485@172,VI,VI,4259,1,9,0,1,1,0.0,Cas13b
ERZ941548@470,VI,VI,4259,1,9,0,1,1,0.0,Cas13b
ERZ941592@57,VI,VI,6416,1,6,0,2,3,0.0,Cas13b
ERZ941615@99,VI,VI,5852,1,18,0,2,3,0.0,Cas13b
ERZ941632@6,VI,VI,6282,1,4,0,2,3,0.0,Cas13b
ERZ941660@33,VI,VI,6414,1,6,0,2,3,0.0,Cas13b
ERZ941677@75,VI,VI,6210,1,3,0,2,2,0.0,Cas13b
ERZ941723@24,VI,VI,7197,1,12,0,3,4,0.0,Cas13b
ERZ941744@76,VI,VI,6553,1,8,0,2,3,0.0,Cas13b
ERZ941751@113,VI,VI,6210,1,3,0,2,2,0.0,Cas13b
ERZ941755@2,VI,VI,7061,1,10,0,3,3,0.0,Cas13b
ERZ941790@157,VI,VI,5058,1,6,0,2,2,0.0,Cas13b
ERZ941795@64,VI,VI,6210,1,3,0,2,2,0.0,Cas13b
ERZ941801@92,VI,VI,6414,1,6,0,2,3,0.0,Cas13b
ERZ941824@39,VI,VI,7260,1,13,0,3,3,0.0,Cas13b
ERZ941867@31,VI,VI,5085,1,7,0,2,2,0.0,Cas13b
ERZ941913@10,VI,VI,5019,1,6,0,2,2,0.0,Cas13b
ERZ941977@8,VI,VI,5085,1,7,0,2,2,0.0,Cas13b
ERZ941998@44,VI,VI,5480,1,13,0,2,2,0.0,Cas13b
ERZ942001@1,VI,VI,4747,1,13,0,1,3,0.0,Cas13b
ERZ942046@3,VI,VI,3663,1,15,0,1,3,0.0,Cas13b
ERZ942117@20,VI,VI,5085,1,7,0,2,2,0.0,Cas13b
ERZ942133@28,VI,VI,5085,1,7,0,2,2,0.0,Cas13b
ERZ942200@7,VI,VI,5019,1,6,0,2,2,0.0,Cas13b
ERZ942205@16,VI,VI,5482,1,13,0,2,2,0.0,Cas13b
ERZ942209@26,VI,VI,5152,1,8,0,2,2,0.0,Cas13b
ERZ942233@41,VI,VI,5480,1,12,0,2,2,0.0,Cas13b
ERZ942279@51,VI,VI,5085,1,7,0,2,2,0.0,Cas13b
ERZ942281@1,VI,VI,5132,1,7,0,2,2,0.0,Cas13b
ERZ942293@42,VI,VI,5085,1,7,0,2,2,0.0,Cas13b
ERZ942331@23,VI,VI,5085,1,7,0,2,2,0.0,Cas13b
ERZ942354@38,VI,VI,5151,1,8,0,2,2,0.0,Cas13b
ERZ942363@28,VI,VI,5085,1,7,0,2,2,0.0,Cas13b
ERZ942373@5,VI,VI,5480,1,13,0,2,2,0.0,Cas13b
ERZ9423996@33,VI,VI,5268,1,10,0,2,2,0.0,Cas13b
ERZ942407@15,VI,VI,5085,1,7,0,2,2,0.0,Cas13b
ERZ942429@34,VI,VI,4747,1,13,0,1,3,0.0,Cas13b
ERZ942466@20,VI,VI,5085,1,7,0,2,2,0.0,Cas13b
ERZ942477@62,VI,VI,4747,1,13,0,1,3,0.0,Cas13b
ERZ942485@22,VI,VI,5019,1,6,0,2,2,0.0,Cas13b
ERZ942486@7,VI,VI,5085,1,7,0,2,2,0.0,Cas13b
ERZ943782@1,VI,VI,4873,1,4,0,2,2,0.0,Cas13b
ERZ943794@100,VI,VI,4876,1,3,0,2,2,0.0,Cas13b
ERZ943815@89,VI,VI,11373,1,4,0,6,9,0.0,Cas13b
ERZ943819@66,VI,VI,4939,1,5,0,2,2,0.0,Cas13b
ERZ943825@48,VI,VI,5420,1,7,0,3,3,0.0,Cas13b
ERZ943827@80,VI,VI,5006,1,6,0,2,2,0.0,Cas13b
ERZ943833@199,VI,VI,5101,1,6,0,2,3,0.0,Cas13b
ERZ943862@23,VI,VI,7397,1,15,0,3,4,0.0,Cas13b
ERZ943863@1,VI,VI,4809,1,3,0,2,2,0.0,Cas13b
ERZ943873@11,VI,VI,5702,1,11,0,3,5,0.0,Cas13b
ERZ943882@262,VI,VI,3638,1,15,0,1,3,0.0,Cas13b
ERZ943891@85,VI,VI,3946,1,6,0,1,1,0.0,Cas13b
ERZ943898@11,VI,VI,5736,1,7,0,3,3,0.0,Cas13b
ERZ943910@1,VI,VI,6112,1,3,0,3,4,0.0,Cas13b
ERZ943911@50,VI,VI,4986,1,5,0,2,3,0.0,Cas13b
ERZ943916@17,VI,VI,10690,1,6,0,5,9,0.0,Cas13b
ERZ943926@39,VI,VI,3678,1,4,0,1,1,0.0,Cas13b
ERZ945047@21,VI,VI,4799,1,3,0,2,2,0.0,Cas13b
ERZ9450657@141,VI,VI,5277,1,6,0,2,3,0.0,Cas13b
ERZ9450710@52,VI,VI,5616,1,11,0,2,3,0.0,Cas13b
ERZ9450816@16,VI,VI,3688,1,4,0,1,1,0.0,Cas13b
ERZ9450819@110,VI,VI,3751,1,4,0,1,1,0.0,Cas13b
ERZ945656@410,VI,VI,5058,1,6,0,3,3,0.0,Cas13b
ERZ945656@410,VI,VI,5058,1,6,0,3,3,0.0,Cas13b
ERZ946090@3,VI,VI,5061,1,5,0,2,2,0.0,Cas13b
ERZ947580@59,VI,VI,6588,1,9,0,3,4,0.0,Cas13b
ERZ949892@38,VI,VI,6588,1,9,0,3,4,0.0,Cas13b
ERZ950358@35,VI,VI,6588,1,9,0,3,4,0.0,Cas13b
ERZ950549@61,VI,VI,3240,1,9,0,1,2,0.0,Cas13b
ERZ950874@30,VI,VI,6588,1,9,0,3,4,0.0,Cas13b
ERZ9514761@115,VI,VI,5277,1,6,0,2,3,0.0,Cas13b
ERZ9514764@110,VI,VI,3751,1,4,0,1,1,0.0,Cas13b
ERZ9514782@16,VI,VI,3688,1,4,0,1,1,0.0,Cas13b
ERZ9514786@52,VI,VI,5616,1,11,0,2,3,0.0,Cas13b
ERZ959792@48,VI,VI,6588,1,9,0,3,4,0.0,Cas13b
ERZ959894@46,VI,VI,6588,1,9,0,3,4,0.0,Cas13b
ERZ960010@7,VI,VI,6588,1,9,0,3,4,0.0,Cas13b
ERZ960677@8,VI,VI,6588,1,9,0,3,4,0.0,Cas13b
ERZ961375@28,VI,VI,6588,1,9,0,3,4,0.0,Cas13b
ERZ963792@26,VI,VI,6588,1,9,0,3,4,0.0,Cas13b
ERZ963885@9,VI,VI,6588,1,9,0,3,4,0.0,Cas13b
ERZ963980@11,VI,VI,6588,1,9,0,3,4,0.0,Cas13b
ERZ964099@41,VI,VI,6588,1,9,0,3,4,0.0,Cas13b
ERZ964174@28,VI,VI,6588,1,9,0,3,4,0.0,Cas13b
ERZ964349@6,VI,VI,7530,1,17,0,3,3,0.0,Cas13b
ERZ964352@125,VI,VI,6611,1,9,0,2,3,0.0,Cas13b
ERZ964352@172,VI,VI,6698,1,7,0,2,2,0.0,Cas13b
ERZ964358@18,VI,VI,7119,1,11,0,3,3,0.0,Cas13b
ERZ964359@11,VI,VI,6208,1,3,0,3,3,0.0,Cas13b
ERZ964360@154,VI,VI,6982,1,9,0,3,3,0.0,Cas13b
ERZ964363@145,VI,VI,4210,1,10,0,1,1,0.0,Cas13b
ERZ964373@102,VI,VI,11812,1,42,0,4,7,0.0,Cas13b
ERZ964373@49,VI,VI,4785,1,12,0,1,1,0.0,Cas13b
ERZ964480@64,VI,VI,6979,1,6,0,3,5,0.0,Cas13b
ERZ964482@5,VI,VI,5895,1,33,0,1,1,0.0,Cas13b
ERZ964485@145,VI,VI,4785,1,12,0,1,1,0.0,Cas13b
ERZ964602@174,VI,VI,4883,1,14,0,1,2,0.0,Cas13b
ERZ964619@35,VI,VI,3631,1,5,0,1,2,0.0,Cas13b
ERZ965057@8,VI,VI,5899,1,23,0,2,2,0.0,Cas13b
ERZ965116@5,VI,VI,5028,1,10,0,2,2,0.0,Cas13b
ERZ965137@135,VI,VI,5058,1,15,0,2,2,0.0,Cas13b
ERZ976265@1,VI,VI,3998,1,8,0,1,1,0.0,Cas13b
ERZ976270@29,VI,VI,4328,1,9,0,1,2,0.0,Cas13b
ERZ976271@24,VI,VI,4328,1,13,0,1,2,0.0,Cas13b
ERZ976284@25,VI,VI,3780,1,5,0,1,1,0.0,Cas13b
ERZ978281@221,VI,VI,5247,1,17,0,2,2,0.0,Cas13b
ERZ983629@29,VI,VI,4220,1,5,0,1,2,0.0,Cas13b
ERZ984297@5,VI,VI,5054,1,4,0,2,2,0.0,Cas13b
ERZ987937@124,VI,VI,3181,1,17,0,1,2,0.0,Cas13b
ERZ988401@33,VI,VI,4709,1,11,0,1,2,0.0,Cas13b
ERZ988401@7,VI,VI,4287,1,3,0,1,2,0.0,Cas13b
ERZ988652@156,VI,VI,5411,1,22,0,1,4,0.0,Cas13b
ERZ988806@84,VI,VI,4653,1,6,0,1,2,0.0,Cas13b
ERZ988847@229,VI,VI,3905,1,5,0,1,1,0.0,Cas13b
ERZ988934@179,VI,VI,3913,1,9,0,1,1,0.0,Cas13b
ERZ989333@87,VI,VI,3631,1,5,0,1,2,0.0,Cas13b
ERZ989582@1,VI,VI,4558,1,8,0,1,2,0.0,Cas13b
ERZ989582@70,VI,VI,4396,1,6,0,1,2,0.0,Cas13b
ERZ989696@12,VI,VI,4466,1,7,0,1,2,0.0,Cas13b
ERZ989708@214,VI,VI,4691,1,11,0,1,2,0.0,Cas13b
ERZ989787@39,VI,VI,4194,1,3,0,1,2,0.0,Cas13b
ERZ989794@5,VI,VI,4463,1,7,0,1,2,0.0,Cas13b
ERZ989817@124,VI,VI,4183,1,9,0,1,2,0.0,Cas13b
FengQ_2015@26177,VI,VI,6574,1,10,0,3,3,0.0,Cas13b
FengQ_2015@26447,VI,VI,7448,1,14,0,3,4,0.0,Cas13b
FengQ_2015@29313,VI,VI,4680,1,11,0,1,2,0.0,Cas13b
FengQ_2015@6038,VI,VI,6808,1,7,0,4,4,0.0,Cas13b
FerrettiP_2018@4036,VI,VI,4674,1,16,0,1,1,0.0,Cas13b
FerrettiP_2018@5144,VI,VI,8910,1,14,0,3,4,0.0,Cas13b
GCA_000183155.1@14,VI,VI,4854,1,14,0,1,2,0.0,Cas13b
GCA_000184135.2@14,VI,VI,4589,1,10,0,1,2,0.0,Cas13b
GCA_000184945.1@5,VI,VI,5008,1,17,0,1,2,0.0,Cas13b
GCA_000191565.1@4,VI,VI,4854,1,15,0,1,2,0.0,Cas13b
GCA_000270225.1@31,VI,VI,4353,1,4,0,1,2,0.0,Cas13b
GCA_000271945.1@13,VI,VI,4496,1,6,0,2,2,0.0,Cas13b
GCA_000271945.1@5,VI,VI,4785,1,8,0,1,2,0.0,Cas13b
GCA_000287635.1@14,VI,VI,4812,1,14,0,1,2,0.0,Cas13b
GCA_000301075.1@16,VI,VI,5098,1,11,0,2,3,0.0,Cas13b
GCA_000378065.1@5,VI,VI,4680,1,10,0,1,2,0.0,Cas13b
GCA_000380305.1@5,VI,VI,4652,1,6,0,1,2,0.0,Cas13b
GCA_000439065.1@5,VI,VI,4314,1,5,0,1,3,0.0,Cas13b
GCA_000467795.1@7,VI,VI,4653,1,6,0,1,2,0.0,Cas13b
GCA_000467835.1@11,VI,VI,4681,1,9,0,1,2,0.0,Cas13b
GCA_000467835.1@3,VI,VI,4362,1,4,0,2,2,0.0,Cas13b
GCA_000467955.1@5,VI,VI,4736,1,7,0,1,2,0.0,Cas13b
GCA_000467995.1@7,VI,VI,4845,1,7,0,1,2,0.0,Cas13b
GCA_000468135.1@15,VI,VI,4492,1,7,0,1,2,0.0,Cas13b
GCA_000503975.1@21,VI,VI,4428,1,5,0,2,2,0.0,Cas13b
GCA_000503975.1@6,VI,VI,4845,1,9,0,2,4,0.0,Cas13b
GCA_000503975.1@6,VI,VI,4845,1,9,0,2,4,0.0,Cas13b
GCA_000511775.1@13,VI,VI,5386,1,20,0,2,2,0.0,Cas13b
GCA_000519165.1@13,VI,VI,4840,1,13,0,1,3,0.0,Cas13b
GCA_000971515.1@15,VI,VI,4586,1,5,0,1,2,0.0,Cas13b
GCA_001051115.1@15,VI,VI,5776,1,13,0,2,5,0.0,Cas13b
GCA_001077795.1@14,VI,VI,4457,1,8,0,1,2,0.0,Cas13b
GCA_001188585.2@28,VI,VI,3919,1,8,0,1,2,0.0,Cas13b
GCA_001188585.2@501,VI,VI,4496,1,8,0,1,2,0.0,Cas13b
GCA_001263815.1@15,VI,VI,4785,1,8,0,1,2,0.0,Cas13b
GCA_001263815.1@4,VI,VI,4494,1,6,0,2,2,0.0,Cas13b
GCA_001274615.1@16,VI,VI,4882,1,12,0,1,2,0.0,Cas13b
GCA_001297745.1@15,VI,VI,5345,1,16,0,2,3,0.0,Cas13b
GCA_001297745.1@15,VI,VI,5345,1,16,0,2,3,0.0,Cas13b
GCA_001314265.1@14,VI,VI,4419,1,5,0,1,2,0.0,Cas13b
GCA_001314265.1@5,VI,VI,4825,1,11,0,2,2,0.0,Cas13b
GCA_001444325.1@6,VI,VI,4717,1,7,0,1,2,0.0,Cas13b
GCA_001481655.1@13,VI,VI,4997,1,11,0,2,2,0.0,Cas13b
GCA_001534645.1@16,VI,VI,4210,1,7,0,1,1,0.0,Cas13b
GCA_001553795.1@11,VI,VI,4955,1,13,0,2,2,0.0,Cas13b
GCA_001553795.1@5,VI,VI,4496,1,6,0,1,3,0.0,Cas13b
GCA_001580475.1@18,VI,VI,4701,1,17,0,1,1,0.0,Cas13b
GCA_001589345.2@15,VI,VI,5781,1,13,0,2,4,0.0,Cas13b
GCA_001594285.1@13,VI,VI,5477,1,28,0,1,2,0.0,Cas13b
GCA_001641185.1@14,VI,VI,4079,1,5,0,1,1,0.0,Cas13b
GCA_001670605.1@14,VI,VI,4787,1,13,0,1,2,0.0,Cas13b
GCA_001670615.1@3,VI,VI,4346,1,13,0,1,2,0.0,Cas13b
GCA_001670625.1@12,VI,VI,4721,1,12,0,1,2,0.0,Cas13b
GCA_001670645.1@3,VI,VI,3525,1,6,0,1,2,0.0,Cas13b
GCA_001670685.1@14,VI,VI,4788,1,13,0,1,2,0.0,Cas13b
GCA_001670695.1@14,VI,VI,4655,1,11,0,1,2,0.0,Cas13b
GCA_001670725.1@13,VI,VI,4412,1,14,0,1,2,0.0,Cas13b
GCA_001670765.2@4,VI,VI,5583,1,6,0,2,4,0.0,Cas13b
GCA_001670765.2@4,VI,VI,5583,1,6,0,2,4,0.0,Cas13b
GCA_001670785.1@13,VI,VI,4346,1,13,0,1,2,0.0,Cas13b
GCA_001670805.1@14,VI,VI,4788,1,13,0,1,2,0.0,Cas13b
GCA_001670855.1@13,VI,VI,4346,1,13,0,1,2,0.0,Cas13b
GCA_001670875.1@4,VI,VI,4655,1,11,0,1,2,0.0,Cas13b
GCA_001671145.1@3,VI,VI,4899,1,6,0,1,3,0.0,Cas13b
GCA_001677395.1@8,VI,VI,4736,1,15,0,1,1,0.0,Cas13b
GCA_001684375.1@407,VI,VI,6495,1,8,0,2,2,0.0,Cas13b
GCA_001684375.1@593,VI,VI,9620,1,8,0,3,6,0.0,Cas13b
GCA_001757525.1@683,VI,VI,4188,1,11,0,1,1,0.0,Cas13b
GCA_001768205.1@15,VI,VI,5589,1,9,0,3,3,0.0,Cas13b
GCA_001768535.1@5,VI,VI,5589,1,9,0,3,3,0.0,Cas13b
GCA_001768555.1@17,VI,VI,9970,1,14,0,2,4,0.0,Cas13b
GCA_001769035.1@1,VI,VI,5247,1,17,0,2,2,0.0,Cas13b
GCA_001769085.1@1,VI,VI,4292,1,14,0,1,1,0.0,Cas13b
GCA_001769245.1@12,VI,VI,5589,1,9,0,3,3,0.0,Cas13b
GCA_001828465.1@4,VI,VI,5412,1,25,0,1,3,0.0,Cas13b
GCA_001865835.1@5,VI,VI,5311,1,16,0,2,2,0.0,Cas13b
GCA_001936395.1@18,VI,VI,4736,1,15,0,1,1,0.0,Cas13b
GCA_001953955.1@16,VI,VI,4840,1,13,0,1,3,0.0,Cas13b
GCA_001995115.1@8,VI,VI,4672,1,14,0,1,1,0.0,Cas13b
GCA_002321235.1@1,VI,VI,4919,1,4,0,2,2,0.0,Cas13b
GCA_002343155.1@2,VI,VI,5385,1,14,0,2,2,0.0,Cas13b
GCA_002355195.1@17,VI,VI,4534,1,8,0,1,2,0.0,Cas13b
GCA_002356295.1@33,VI,VI,4984,1,13,0,2,2,0.0,Cas13b
GCA_002372235.1@8,VI,VI,7276,1,14,0,2,3,0.0,Cas13b
GCA_002379575.1@17,VI,VI,4323,1,11,0,1,2,0.0,Cas13b
GCA_002395965.1@14,VI,VI,5334,1,9,0,2,2,0.0,Cas13b
GCA_002400765.1@6,VI,VI,5633,1,6,0,4,4,0.0,Cas13b
GCA_002413625.1@7,VI,VI,4328,1,13,0,1,2,0.0,Cas13b
GCA_002423895.1@12,VI,VI,3757,1,8,0,1,1,0.0,Cas13b
GCA_002425255.1@4,VI,VI,6216,1,3,0,1,3,0.0,Cas13b
GCA_002429865.1@1,VI,VI,5750,1,25,0,2,2,0.0,Cas13b
GCA_002451695.1@13,VI,VI,5792,1,17,0,2,3,0.0,Cas13b
GCA_002453075.1@8,VI,VI,4328,1,13,0,1,2,0.0,Cas13b
GCA_002482475.1@5,VI,VI,4999,1,13,0,2,2,0.0,Cas13b
GCA_002695545.1@13,VI,VI,4328,1,13,0,1,2,0.0,Cas13b
GCA_002696985.1@7,VI,VI,4328,1,13,0,1,2,0.0,Cas13b
GCA_002742335.1@13,VI,VI,4108,1,11,0,1,1,0.0,Cas13b
GCA_002753835.1@14,VI,VI,5528,1,23,0,1,3,0.0,Cas13b
GCA_002753855.1@14,VI,VI,6106,1,8,0,1,3,0.0,Cas13b
GCA_002753935.1@7,VI,VI,4947,1,13,0,1,2,0.0,Cas13b
GCA_002753955.1@6,VI,VI,4850,1,9,0,1,2,0.0,Cas13b
GCA_002753975.1@13,VI,VI,4694,1,6,0,1,3,0.0,Cas13b
GCA_002754015.1@34,VI,VI,4562,1,7,0,1,3,0.0,Cas13b
GCA_002754015.1@6,VI,VI,4494,1,6,0,2,2,0.0,Cas13b
GCA_002754035.1@16,VI,VI,4729,1,7,0,2,4,0.0,Cas13b
GCA_002754035.1@16,VI,VI,4729,1,7,0,2,4,0.0,Cas13b
GCA_002754055.1@6,VI,VI,4652,1,6,0,1,2,0.0,Cas13b
GCA_002754075.1@6,VI,VI,4521,1,4,0,1,2,0.0,Cas13b
GCA_002754095.1@15,VI,VI,4757,1,10,0,2,2,0.0,Cas13b
GCA_002754095.1@5,VI,VI,4851,1,9,0,1,2,0.0,Cas13b
GCA_002754115.1@5,VI,VI,4784,1,8,0,1,2,0.0,Cas13b
GCA_002754135.1@16,VI,VI,5315,1,16,0,1,2,0.0,Cas13b
GCA_002754155.1@26,VI,VI,4729,1,7,0,2,4,0.0,Cas13b
GCA_002754155.1@26,VI,VI,4729,1,7,0,2,4,0.0,Cas13b
GCA_002754885.1@412,VI,VI,3670,1,5,0,1,1,0.0,Cas13b
GCA_002754885.1@432,VI,VI,4709,1,7,0,1,2,0.0,Cas13b
GCA_002794335.1@15,VI,VI,4884,1,14,0,1,3,0.0,Cas13b
GCA_002797135.1@14,VI,VI,4710,1,10,0,1,3,0.0,Cas13b
GCA_002797155.1@16,VI,VI,4192,1,8,0,1,1,0.0,Cas13b
GCA_002797175.1@15,VI,VI,4111,1,7,0,1,1,0.0,Cas13b
GCA_002797185.1@13,VI,VI,4614,1,15,0,1,2,0.0,Cas13b
GCA_002892595.1@5,VI,VI,4785,1,8,0,1,2,0.0,Cas13b
GCA_002896355.1@13,VI,VI,4721,1,12,0,1,2,0.0,Cas13b
GCA_002899825.2@8,VI,VI,4118,1,8,0,1,1,0.0,Cas13b
GCA_002916795.1@3,VI,VI,4563,1,13,0,1,1,0.0,Cas13b
GCA_002916835.1@7,VI,VI,3908,1,4,0,1,1,0.0,Cas13b
GCA_002924505.1@1655,VI,VI,5075,1,18,0,1,3,0.0,Cas13b
GCA_002924505.1@3759,VI,VI,4547,1,10,0,1,2,0.0,Cas13b
GCA_002951025.1@19,VI,VI,4951,1,17,0,1,1,0.0,Cas13b
GCA_003024905.1@14,VI,VI,4920,1,16,0,1,2,0.0,Cas13b
GCA_003034215.1@8,VI,VI,5514,1,28,0,1,2,0.0,Cas13b
GCA_003122675.1@1,VI,VI,5121,1,5,0,1,2,0.0,Cas13b
GCA_003265025.1@13,VI,VI,5361,1,21,0,1,2,0.0,Cas13b
GCA_003269195.1@22,VI,VI,4899,1,14,0,1,2,0.0,Cas13b
GCA_003359015.1@116,VI,VI,4957,1,13,0,2,2,0.0,Cas13b
GCA_003359015.1@58,VI,VI,4419,1,5,0,1,2,0.0,Cas13b
GCA_003359035.1@120,VI,VI,4419,1,5,0,1,2,0.0,Cas13b
GCA_003359035.1@61,VI,VI,4957,1,13,0,2,2,0.0,Cas13b
GCA_003506435.1@8,VI,VI,5589,1,9,0,3,3,0.0,Cas13b
GCA_003514485.1@2,VI,VI,4957,1,13,0,2,2,0.0,Cas13b
GCA_003514485.1@6,VI,VI,4419,1,5,0,1,2,0.0,Cas13b
GCA_003523505.1@21,VI,VI,4640,1,17,0,2,3,0.0,Cas13b
GCA_003524645.1@7,VI,VI,5261,1,4,0,3,3,0.0,Cas13b
GCA_003542555.1@7,VI,VI,5589,1,9,0,3,3,0.0,Cas13b
GCA_003555685.1@15,VI,VI,4239,1,4,0,1,2,0.0,Cas13b
GCA_003555825.1@22,VI,VI,4390,1,6,0,1,2,0.0,Cas13b
GCA_003575145.1@33,VI,VI,5641,1,13,0,3,3,0.0,Cas13b
GCA_003575145.1@49,VI,VI,4982,1,24,0,1,1,0.0,Cas13b
GCA_003575185.1@11,VI,VI,4454,1,16,0,1,1,0.0,Cas13b
GCA_003614945.1@5,VI,VI,4535,1,19,0,1,1,0.0,Cas13b
GCA_003838285.1@10,VI,VI,4687,1,11,0,1,2,0.0,Cas13b
GCA_003861325.1@10,VI,VI,4687,1,11,0,1,2,0.0,Cas13b
GCA_003862255.1@15,VI,VI,5245,1,15,0,1,2,0.0,Cas13b
GCA_003863375.2@13,VI,VI,5119,1,15,0,2,3,0.0,Cas13b
GCA_003996985.1@12,VI,VI,8376,1,5,0,2,4,0.0,Cas13b
GCA_004014855.1@6,VI,VI,5961,1,4,0,2,2,0.0,Cas13b
GCA_004151245.1@6,VI,VI,3861,1,6,0,1,1,0.0,Cas13b
GCA_004196275.1@216,VI,VI,4552,1,9,0,2,4,0.0,Cas13b
GCA_004196275.1@216,VI,VI,4552,1,9,0,2,4,0.0,Cas13b
GCA_004196275.1@577,VI,VI,4477,1,10,0,1,3,0.0,Cas13b
GCA_004214925.1@5,VI,VI,4519,1,4,0,1,2,0.0,Cas13b
GCA_004214945.1@14,VI,VI,4759,1,10,0,2,3,0.0,Cas13b
GCA_004214945.1@5,VI,VI,5014,1,14,0,1,2,0.0,Cas13b
GCA_004337635.1@5,VI,VI,5400,1,17,0,2,2,0.0,Cas13b
GCA_004553205.1@1,VI,VI,3814,1,4,0,1,1,0.0,Cas13b
GCA_004557385.1@5,VI,VI,7786,1,12,0,2,4,0.0,Cas13b
GCA_004792655.1@14,VI,VI,8713,1,13,0,2,4,0.0,Cas13b
GCA_006243105.1@7,VI,VI,3635,1,3,0,1,1,0.0,Cas13b
GCA_006491595.2@4,VI,VI,4636,1,16,0,1,2,0.0,Cas13b
GCA_007990835.1@8,VI,VI,4707,1,14,0,1,1,0.0,Cas13b
GCA_008121325.1@12,VI,VI,4855,1,12,0,2,4,0.0,Cas13b
GCA_008635275.1@33,VI,VI,3594,1,7,0,1,1,0.0,Cas13b
GCA_008761695.1@6,VI,VI,3489,1,6,0,1,1,0.0,Cas13b
GCA_008916785.1@15,VI,VI,4418,1,8,0,1,3,0.0,Cas13b
GCA_009496935.1@14,VI,VI,4854,1,14,0,1,2,0.0,Cas13b
GCA_009690745.1@4,VI,VI,4656,1,12,0,1,2,0.0,Cas13b
GCA_009735555.1@13,VI,VI,5119,1,15,0,2,3,0.0,Cas13b
GCA_009741625.1@4,VI,VI,8826,1,15,0,4,4,0.0,Cas13b
GCA_009795715.1@5,VI,VI,4559,1,7,0,2,3,0.0,Cas13b
GCA_009800945.1@11,VI,VI,4854,1,14,0,1,2,0.0,Cas13b
GCA_009832605.1@6,VI,VI,3740,1,3,0,1,1,0.0,Cas13b
GCA_009865615.1@7,VI,VI,3751,1,4,0,1,1,0.0,Cas13b
GCA_009909115.1@6,VI,VI,4152,1,9,0,1,1,0.0,Cas13b
GCA_009929715.1@2,VI,VI,4309,1,13,0,1,1,0.0,Cas13b
GCA_010501105.1@5,VI,VI,9555,1,13,0,3,5,0.0,Cas13b
GCA_010993655.1@1,VI,VI,3878,1,3,0,1,1,0.0,Cas13b
GCA_011316545.1@7,VI,VI,4631,1,14,0,1,2,0.0,Cas13b
GCA_011316565.1@12,VI,VI,4631,1,14,0,1,2,0.0,Cas13b
GCA_011316575.1@9,VI,VI,4631,1,14,0,1,1,0.0,Cas13b
GCA_011316625.1@1,VI,VI,3878,1,3,0,1,1,0.0,Cas13b
GCA_011316665.1@9,VI,VI,4631,1,14,0,1,1,0.0,Cas13b
GCA_011316685.1@5,VI,VI,3878,1,3,0,1,1,0.0,Cas13b
GCA_013146465.1@8,VI,VI,6265,1,5,0,3,4,0.0,Cas13b
GCA_013146485.1@144,VI,VI,5085,1,7,0,2,2,0.0,Cas13b
GCA_013146585.1@177,VI,VI,6265,1,5,0,3,4,0.0,Cas13b
GCA_013276255.1@9,VI,VI,6019,1,11,0,3,4,0.0,Cas13b
GCA_013298125.1@4,VI,VI,5512,1,37,0,1,1,0.0,Cas13b
GCA_013298545.1@1,VI,VI,4462,1,5,0,1,2,0.0,Cas13b
GCA_013389455.1@19,VI,VI,4258,1,10,0,1,1,0.0,Cas13b
GCA_014192515.1@25,VI,VI,4555,1,17,0,1,3,0.0,Cas13b
GCA_014196225.1@1,VI,VI,5386,1,20,0,2,2,0.0,Cas13b
GCA_014197445.1@4,VI,VI,3993,1,8,0,1,2,0.0,Cas13b
GCA_014207135.1@3,VI,VI,4734,1,19,0,1,1,0.0,Cas13b
GCA_014220755.1@22,VI,VI,4570,1,16,0,1,2,0.0,Cas13b
GCA_014220895.1@22,VI,VI,4657,1,17,0,1,2,0.0,Cas13b
GCA_014349155.1@5,VI,VI,7333,1,12,0,2,3,0.0,Cas13b
GCA_015060965.1@12,VI,VI,4863,1,7,0,2,3,0.0,Cas13b
GCA_015061035.1@5,VI,VI,3666,1,7,0,1,1,0.0,Cas13b
GCA_015210005.1@6,VI,VI,4894,1,21,0,1,2,0.0,Cas13b
GCA_015261945.1@15,VI,VI,3575,1,4,0,1,1,0.0,Cas13b
GCA_015291805.1@4,VI,VI,4721,1,12,0,1,2,0.0,Cas13b
GCA_015473165.1@2227,VI,VI,4111,1,9,0,3,3,0.0,Cas13b
GCA_015473165.1@2227,VI,VI,4111,1,9,0,3,3,0.0,Cas13b
GCA_015473165.1@2227,VI,VI,4111,1,9,0,3,3,0.0,Cas13b
GCA_015499905.1@14,VI,VI,4828,1,16,0,2,2,0.0,Cas13b
GCA_015499905.1@14,VI,VI,4828,1,16,0,2,2,0.0,Cas13b
GCA_015499935.1@7,VI,VI,4342,1,8,0,1,1,0.0,Cas13b
GCA_015499955.1@17,VI,VI,4605,1,12,0,1,1,0.0,Cas13b
GCA_015656895.1@1,VI,VI,4813,1,4,0,2,2,0.0,Cas13b
GCA_016286995.1@15,VI,VI,5364,1,8,0,1,2,0.0,Cas13b
GCA_016287275.1@4,VI,VI,9234,1,6,0,4,5,0.0,Cas13b
GCA_016288585.1@1,VI,VI,5892,1,3,0,2,2,0.0,Cas13b
GCA_016291385.1@6,VI,VI,4541,1,4,0,1,1,0.0,Cas13b
GCA_016294905.1@153,VI,VI,3423,1,5,0,1,1,0.0,Cas13b
GCA_016294925.1@16,VI,VI,3823,1,9,0,1,1,0.0,Cas13b
GCA_016294925.1@6,VI,VI,4332,1,3,0,3,3,0.0,Cas13b
GCA_016294955.1@19,VI,VI,3423,1,5,0,1,1,0.0,Cas13b
GCA_016295045.1@4,VI,VI,5612,1,25,0,1,2,0.0,Cas13b
GCA_016295045.1@502,VI,VI,8405,1,11,0,3,5,0.0,Cas13b
GCA_016295045.1@748,VI,VI,9234,1,6,0,4,5,0.0,Cas13b
GCA_016295045.1@955,VI,VI,5364,1,8,0,1,2,0.0,Cas13b
GCA_016295045.1@988,VI,VI,7167,1,3,0,3,3,0.0,Cas13b
GCA_016295205.1@1208,VI,VI,4088,1,4,0,1,1,0.0,Cas13b
GCA_016295205.1@146,VI,VI,4012,1,9,0,1,1,0.0,Cas13b
GCA_016295205.1@478,VI,VI,9234,1,6,0,4,5,0.0,Cas13b
GCA_016295205.1@602,VI,VI,5364,1,8,0,1,2,0.0,Cas13b
GCA_016295205.1@959,VI,VI,4542,1,4,0,1,1,0.0,Cas13b
GCA_016295295.1@1240,VI,VI,4542,1,4,0,1,1,0.0,Cas13b
GCA_016295295.1@1261,VI,VI,9781,1,11,0,4,9,0.0,Cas13b
GCA_016295295.1@1380,VI,VI,8788,1,26,0,3,3,0.0,Cas13b
GCA_016295295.1@1477,VI,VI,4354,1,8,0,1,2,0.0,Cas13b
GCA_016295295.1@232,VI,VI,5610,1,25,0,1,2,0.0,Cas13b
GCA_016295295.1@84,VI,VI,5155,1,5,0,1,2,0.0,Cas13b
GCA_016648375.1@1032,VI,VI,5364,1,8,0,1,2,0.0,Cas13b
GCA_016648375.1@1125,VI,VI,9234,1,6,0,4,5,0.0,Cas13b
GCA_016648375.1@1328,VI,VI,5659,1,11,0,2,4,0.0,Cas13b
GCA_016648375.1@1407,VI,VI,5610,1,25,0,1,2,0.0,Cas13b
GCA_016648375.1@811,VI,VI,4542,1,4,0,1,1,0.0,Cas13b
GCA_016648395.1@1236,VI,VI,5364,1,8,0,1,2,0.0,Cas13b
GCA_016648395.1@1251,VI,VI,9234,1,6,0,4,5,0.0,Cas13b
GCA_016648395.1@180,VI,VI,4144,1,11,0,1,2,0.0,Cas13b
GCA_016648395.1@461,VI,VI,5612,1,25,0,1,2,0.0,Cas13b
GCA_016648395.1@997,VI,VI,4541,1,4,0,1,1,0.0,Cas13b
GCA_016648415.1@1279,VI,VI,4088,1,4,0,1,1,0.0,Cas13b
GCA_016648415.1@285,VI,VI,4539,1,4,0,1,1,0.0,Cas13b
GCA_016648415.1@332,VI,VI,4144,1,11,0,1,2,0.0,Cas13b
GCA_016648415.1@371,VI,VI,5610,1,25,0,1,2,0.0,Cas13b
GCA_016648415.1@581,VI,VI,9234,1,6,0,4,5,0.0,Cas13b
GCA_016648415.1@835,VI,VI,5364,1,8,0,1,2,0.0,Cas13b
GCA_016648615.1@1184,VI,VI,9234,1,6,0,4,5,0.0,Cas13b
GCA_016648615.1@180,VI,VI,5541,1,24,0,1,2,0.0,Cas13b
GCA_016728765.1@6,VI,VI,4065,1,8,0,1,1,0.0,Cas13b
GCA_016756935.1@5,VI,VI,4078,1,10,0,1,1,0.0,Cas13b
GCA_016852305.1@131,VI,VI,4813,1,4,0,2,2,0.0,Cas13b
GCA_016852305.1@314,VI,VI,8399,1,3,0,5,6,0.0,Cas13b
GCA_016852305.1@610,VI,VI,4896,1,4,0,2,2,0.0,Cas13b
GCA_016863695.1@20,VI,VI,9005,1,28,0,3,5,0.0,Cas13b
GCA_016930355.1@11,VI,VI,4285,1,4,0,1,3,0.0,Cas13b
GCA_017132675.1@14,VI,VI,5003,1,19,0,1,1,0.0,Cas13b
GCA_017303875.1@13,VI,VI,4131,1,6,0,1,1,0.0,Cas13b
GCA_017398085.1@24,VI,VI,4757,1,4,0,2,2,0.0,Cas13b
GCA_017399915.1@18,VI,VI,5065,1,8,0,2,2,0.0,Cas13b
GCA_017407125.1@21,VI,VI,6081,1,9,0,2,2,0.0,Cas13b
GCA_017407125.1@30,VI,VI,4827,1,12,0,1,2,0.0,Cas13b
GCA_017447745.1@18,VI,VI,5064,1,5,0,1,2,0.0,Cas13b
GCA_017470215.1@7,VI,VI,13611,1,21,0,5,7,0.0,Cas13b
GCA_017474265.1@5,VI,VI,3841,1,3,0,1,1,0.0,Cas13b
GCA_017479705.1@16,VI,VI,5490,1,23,0,1,1,0.0,Cas13b
GCA_017483335.1@1,VI,VI,4660,1,8,0,1,2,0.0,Cas13b
GCA_017483335.1@5,VI,VI,3719,1,4,0,1,1,0.0,Cas13b
GCA_017517025.1@10,VI,VI,5683,1,16,0,2,2,0.0,Cas13b
GCA_017540625.1@11,VI,VI,4667,1,21,0,1,1,0.0,Cas13b
GCA_017541145.1@69,VI,VI,4821,1,12,0,1,1,0.0,Cas13b
GCA_017542615.1@2,VI,VI,5042,1,15,0,1,1,0.0,Cas13b
GCA_017555085.1@4,VI,VI,4950,1,6,0,3,3,0.0,Cas13b
GCA_017556585.1@8,VI,VI,4486,1,11,0,1,2,0.0,Cas13b
GCA_017614925.1@13,VI,VI,5007,1,5,0,1,2,0.0,Cas13b
GCA_017651345.1@1,VI,VI,7466,1,16,0,2,4,0.0,Cas13b
GCA_017960885.1@1,VI,VI,3942,1,12,0,1,1,0.0,Cas13b
GCA_017960885.1@4,VI,VI,3461,1,6,0,1,1,0.0,Cas13b
GCA_017962175.1@7,VI,VI,4268,1,18,0,1,1,0.0,Cas13b
GCA_017962765.1@22,VI,VI,4163,1,5,0,2,2,0.0,Cas13b
GCA_017996375.1@14,VI,VI,4245,1,11,0,1,1,0.0,Cas13b
GCA_017999335.1@4,VI,VI,4245,1,11,0,1,1,0.0,Cas13b
GCA_018065145.1@7,VI,VI,6712,1,6,0,2,4,0.0,Cas13b
GCA_018141745.1@17,VI,VI,4825,1,11,0,2,2,0.0,Cas13b
GCA_018141745.1@6,VI,VI,4683,1,9,0,1,2,0.0,Cas13b
GCA_018141765.1@17,VI,VI,4825,1,11,0,2,2,0.0,Cas13b
GCA_018141765.1@6,VI,VI,4683,1,9,0,1,2,0.0,Cas13b
GCA_018141805.1@6,VI,VI,4353,1,4,0,1,2,0.0,Cas13b
GCA_018205405.1@10,VI,VI,4392,1,5,0,2,2,0.0,Cas13b
GCA_018205435.1@15,VI,VI,4392,1,5,0,2,2,0.0,Cas13b
GCA_018205475.1@23,VI,VI,4392,1,5,0,2,2,0.0,Cas13b
GCA_018205795.1@10,VI,VI,4392,1,5,0,2,2,0.0,Cas13b
GCA_018206015.1@6,VI,VI,4723,1,10,0,2,2,0.0,Cas13b
GCA_018206275.1@6,VI,VI,4723,1,10,0,2,2,0.0,Cas13b
GCA_018206295.1@6,VI,VI,4723,1,10,0,2,2,0.0,Cas13b
GCA_018206305.1@6,VI,VI,4723,1,10,0,2,2,0.0,Cas13b
GCA_018206395.1@6,VI,VI,4723,1,10,0,2,2,0.0,Cas13b
GCA_018206415.1@15,VI,VI,4392,1,5,0,2,2,0.0,Cas13b
GCA_018206695.1@13,VI,VI,4392,1,5,0,2,2,0.0,Cas13b
GCA_018206735.1@15,VI,VI,4392,1,5,0,2,2,0.0,Cas13b
GCA_018206995.1@15,VI,VI,4392,1,5,0,2,2,0.0,Cas13b
GCA_018267415.1@5,VI,VI,4252,1,15,0,1,1,0.0,Cas13b
GCA_018267625.1@24,VI,VI,4513,1,14,0,1,2,0.0,Cas13b
GCA_018268155.1@18,VI,VI,4023,1,12,0,1,1,0.0,Cas13b
GCA_018332575.1@6,VI,VI,10590,1,8,0,4,5,0.0,Cas13b
GCA_018332615.1@1,VI,VI,6497,1,33,0,2,2,0.0,Cas13b
GCA_018372275.1@5,VI,VI,4152,1,4,0,1,2,0.0,Cas13b
GCA_018396335.1@131,VI,VI,5704,1,24,0,1,2,0.0,Cas13b
GCA_018396375.1@217,VI,VI,8739,1,13,0,3,7,0.0,Cas13b
GCA_018396375.1@426,VI,VI,4914,1,7,0,1,1,0.0,Cas13b
GCA_018396375.1@484,VI,VI,5743,1,24,0,1,2,0.0,Cas13b
GCA_018396375.1@675,VI,VI,5069,1,17,0,2,2,0.0,Cas13b
GCA_018474055.1@11,VI,VI,3459,1,5,0,1,2,0.0,Cas13b
GCA_018474105.1@11,VI,VI,3459,1,7,0,1,2,0.0,Cas13b
GCA_018474125.1@11,VI,VI,3525,1,8,0,1,2,0.0,Cas13b
GCA_018474135.1@13,VI,VI,3525,1,6,0,1,2,0.0,Cas13b
GCA_018474165.1@13,VI,VI,3591,1,7,0,1,2,0.0,Cas13b
GCA_018474175.1@13,VI,VI,3459,1,5,0,1,2,0.0,Cas13b
GCA_018474205.1@11,VI,VI,3459,1,5,0,1,2,0.0,Cas13b
GCA_018474225.1@11,VI,VI,4721,1,12,0,1,2,0.0,Cas13b
GCA_018474245.1@1,VI,VI,4721,1,12,0,1,2,0.0,Cas13b
GCA_018474265.1@4,VI,VI,4721,1,13,0,1,2,0.0,Cas13b
GCA_018474285.1@14,VI,VI,4721,1,13,0,1,2,0.0,Cas13b
GCA_018474305.1@1,VI,VI,4721,1,12,0,1,2,0.0,Cas13b
GCA_018474445.1@11,VI,VI,4385,1,13,0,1,2,0.0,Cas13b
GCA_018474485.1@11,VI,VI,3591,1,9,0,1,2,0.0,Cas13b
GCA_019391755.1@12,VI,VI,4483,1,9,0,1,3,0.0,Cas13b
GCA_019552165.1@14,VI,VI,5583,1,6,0,2,4,0.0,Cas13b
GCA_019552165.1@14,VI,VI,5583,1,6,0,2,4,0.0,Cas13b
GCA_019552185.1@14,VI,VI,5583,1,6,0,2,4,0.0,Cas13b
GCA_019552185.1@14,VI,VI,5583,1,6,0,2,4,0.0,Cas13b
GCA_019638525.1@8,VI,VI,4023,1,12,0,1,1,0.0,Cas13b
GCA_019694695.1@35,VI,VI,3748,1,8,0,1,1,0.0,Cas13b
GCA_019802725.1@14,VI,VI,4412,1,14,0,1,2,0.0,Cas13b
GCA_019802745.1@5,VI,VI,3393,1,6,0,1,2,0.0,Cas13b
GCA_019802765.1@14,VI,VI,5583,1,6,0,2,4,0.0,Cas13b
GCA_019802765.1@14,VI,VI,5583,1,6,0,2,4,0.0,Cas13b
GCA_019802785.1@14,VI,VI,4722,1,12,0,1,2,0.0,Cas13b
GCA_019856515.1@24,VI,VI,4857,1,10,0,2,3,0.0,Cas13b
GCA_019972955.1@93,VI,VI,6563,1,8,0,2,2,0.0,Cas13b
GCA_019973015.1@47,VI,VI,3943,1,8,0,1,1,0.0,Cas13b
GCA_019973235.1@40,VI,VI,5072,1,3,0,2,3,0.0,Cas13b
GCA_020047275.1@143,VI,VI,4981,1,9,0,1,3,0.0,Cas13b
GCA_020047475.1@462,VI,VI,4245,1,11,0,1,1,0.0,Cas13b
GCA_020050275.1@257,VI,VI,4245,1,11,0,1,1,0.0,Cas13b
GCA_020050275.1@271,VI,VI,4432,1,25,0,1,1,0.0,Cas13b
GCA_020051655.1@1171,VI,VI,5479,1,22,0,2,2,0.0,Cas13b
GCA_020051655.1@178,VI,VI,5063,1,24,0,1,1,0.0,Cas13b
GCA_020051655.1@715,VI,VI,4245,1,11,0,1,1,0.0,Cas13b
GCA_020054605.1@166,VI,VI,4978,1,5,0,2,2,0.0,Cas13b
GCA_020054605.1@526,VI,VI,5126,1,24,0,1,1,0.0,Cas13b
GCA_020056385.1@5,VI,VI,6277,1,9,0,2,4,0.0,Cas13b
GCA_020149935.1@6,VI,VI,4354,1,6,0,2,2,0.0,Cas13b
GCA_020161055.1@45,VI,VI,5203,1,16,0,2,3,0.0,Cas13b
GCA_020628725.1@3,VI,VI,8037,1,15,0,2,5,0.0,Cas13b
GCA_020635395.1@7,VI,VI,4403,1,8,0,2,3,0.0,Cas13b
GCA_020635395.1@7,VI,VI,4403,1,8,0,2,3,0.0,Cas13b
GCA_020733145.1@7,VI,VI,3786,1,5,0,1,1,0.0,Cas13b
GCA_021352595.1@1,VI,VI,4722,1,12,0,1,2,0.0,Cas13b
GCA_021406605.1@13,VI,VI,4652,1,6,0,1,2,0.0,Cas13b
GCA_021406625.1@13,VI,VI,4625,1,8,0,2,2,0.0,Cas13b
GCA_021406625.1@5,VI,VI,5200,1,14,0,1,2,0.0,Cas13b
GCA_021406645.1@17,VI,VI,4849,1,9,0,1,2,0.0,Cas13b
GCA_021406655.1@15,VI,VI,4496,1,6,0,1,3,0.0,Cas13b
GCA_021406655.1@6,VI,VI,4560,1,7,0,2,3,0.0,Cas13b
GCA_021406685.1@14,VI,VI,4367,1,4,0,3,3,0.0,Cas13b
GCA_021406685.1@8,VI,VI,4815,1,11,0,1,2,0.0,Cas13b
GCA_021406705.1@14,VI,VI,4455,1,3,0,1,2,0.0,Cas13b
GCA_021406725.1@13,VI,VI,4494,1,6,0,2,2,0.0,Cas13b
GCA_021406725.1@5,VI,VI,4588,1,5,0,1,2,0.0,Cas13b
GCA_021406735.1@14,VI,VI,4295,1,3,0,2,2,0.0,Cas13b
GCA_021406735.1@15,VI,VI,5113,1,13,0,1,2,0.0,Cas13b
GCA_021406745.1@18,VI,VI,4495,1,6,0,2,2,0.0,Cas13b
GCA_021406745.1@6,VI,VI,4496,1,6,0,1,3,0.0,Cas13b
GCA_021406785.1@5,VI,VI,4287,1,3,0,1,2,0.0,Cas13b
GCA_021406795.1@2,VI,VI,4627,1,8,0,2,2,0.0,Cas13b
GCA_021406795.1@9,VI,VI,4587,1,5,0,1,2,0.0,Cas13b
GCA_021406845.1@6,VI,VI,4785,1,8,0,1,2,0.0,Cas13b
GCA_021636435.1@12,VI,VI,4902,1,4,0,3,3,0.0,Cas13b
GCA_021650975.2@19,VI,VI,3925,1,4,0,1,1,0.0,Cas13b
GCA_021655715.1@14,VI,VI,5517,1,5,0,2,4,0.0,Cas13b
GCA_021655715.1@14,VI,VI,5517,1,5,0,2,4,0.0,Cas13b
GCA_021655765.1@14,VI,VI,5517,1,5,0,2,4,0.0,Cas13b
GCA_021655765.1@14,VI,VI,5517,1,5,0,2,4,0.0,Cas13b
GCA_021655785.1@14,VI,VI,5583,1,6,0,2,4,0.0,Cas13b
GCA_021655785.1@14,VI,VI,5583,1,6,0,2,4,0.0,Cas13b
GCA_021655845.1@5,VI,VI,3394,1,4,0,1,2,0.0,Cas13b
GCA_021729145.1@3,VI,VI,4440,1,12,0,1,1,0.0,Cas13b
GCA_021793375.1@3,VI,VI,4353,1,13,0,1,2,0.0,Cas13b
GCA_022511245.1@3,VI,VI,3849,1,6,0,1,1,0.0,Cas13b
GCA_022565635.1@1,VI,VI,5281,1,20,0,2,3,0.0,Cas13b
GCA_022772045.1@12,VI,VI,5370,1,11,0,2,2,0.0,Cas13b
GCA_022775985.1@1,VI,VI,7013,1,3,0,3,4,0.0,Cas13b
GCA_022778605.1@6,VI,VI,3880,1,5,0,1,1,0.0,Cas13b
GCA_022817855.1@1,VI,VI,4191,1,7,0,1,1,0.0,Cas13b
GCA_023092945.2@6,VI,VI,5745,1,9,0,2,2,0.0,Cas13b
GCA_023148185.1@27,VI,VI,5165,1,23,0,1,1,0.0,Cas13b
GCA_023251515.1@5,VI,VI,5974,1,30,0,1,2,0.0,Cas13b
GCA_023268315.1@184,VI,VI,4745,1,13,0,1,3,0.0,Cas13b
GCA_023268315.1@297,VI,VI,5055,1,16,0,2,4,0.0,Cas13b
GCA_023387835.1@7,VI,VI,4287,1,10,0,1,2,0.0,Cas13b
GCA_023392125.1@37,VI,VI,4549,1,14,0,1,3,0.0,Cas13b
GCA_023395235.1@6,VI,VI,4354,1,8,0,1,2,0.0,Cas13b
GCA_023397815.1@1,VI,VI,5461,1,20,0,2,3,0.0,Cas13b
GCA_023434335.1@6,VI,VI,4669,1,8,0,2,2,0.0,Cas13b
GCA_023663585.1@13,VI,VI,5829,1,18,0,3,3,0.0,Cas13b
GCA_023664025.1@19,VI,VI,5378,1,11,0,2,2,0.0,Cas13b
GCA_023664625.1@7,VI,VI,5431,1,12,0,2,3,0.0,Cas13b
GCA_023667065.1@7,VI,VI,5497,1,13,0,2,3,0.0,Cas13b
GCA_023822425.1@15,VI,VI,4626,1,8,0,2,2,0.0,Cas13b
GCA_023822425.1@5,VI,VI,4785,1,8,0,1,2,0.0,Cas13b
GCA_023822445.1@15,VI,VI,4626,1,8,0,2,2,0.0,Cas13b
GCA_023822445.1@5,VI,VI,4785,1,8,0,1,2,0.0,Cas13b
GCA_023822465.1@16,VI,VI,4785,1,8,0,1,2,0.0,Cas13b
GCA_023822465.1@5,VI,VI,4494,1,6,0,2,2,0.0,Cas13b
GCA_024124845.1@12,VI,VI,3525,1,6,0,1,2,0.0,Cas13b
GCA_024124915.1@1,VI,VI,3409,1,4,0,1,2,0.0,Cas13b
GCA_024124945.1@11,VI,VI,3525,1,8,0,1,2,0.0,Cas13b
GCA_024124965.1@11,VI,VI,5527,1,25,0,1,2,0.0,Cas13b
GCA_024401635.1@3,VI,VI,4382,1,13,0,1,2,0.0,Cas13b
GCA_024413595.1@5,VI,VI,7769,1,18,0,2,4,0.0,Cas13b
GCA_024436185.1@11,VI,VI,3459,1,5,0,1,2,0.0,Cas13b
GCA_024436195.1@14,VI,VI,3525,1,6,0,1,2,0.0,Cas13b
GCA_024437765.1@1,VI,VI,3525,1,8,0,1,2,0.0,Cas13b
GCA_024437815.1@1,VI,VI,3381,1,4,0,1,2,0.0,Cas13b
GCA_024437825.1@1,VI,VI,3525,1,6,0,1,2,0.0,Cas13b
GCA_024437955.1@1,VI,VI,3393,1,4,0,1,2,0.0,Cas13b
GCA_024635555.1@9,VI,VI,4745,1,13,0,1,3,0.0,Cas13b
GCA_024635585.1@1,VI,VI,5055,1,16,0,2,4,0.0,Cas13b
GCA_024697945.1@3,VI,VI,6667,1,8,0,2,3,0.0,Cas13b
GCA_024712465.1@105,VI,VI,4086,1,13,0,1,1,0.0,Cas13b
GCA_024712465.1@4101,VI,VI,12850,1,61,0,4,7,0.0,Cas13b
GCA_024712465.1@4708,VI,VI,10893,1,10,0,6,8,0.0,Cas13b
GCA_024712465.1@800,VI,VI,6667,1,8,0,2,3,0.0,Cas13b
GCA_024712465.1@878,VI,VI,6678,1,14,0,2,2,0.0,Cas13b
GCA_024712465.1@881,VI,VI,11628,1,30,0,5,5,0.0,Cas13b
GCA_025159075.1@14,VI,VI,5583,1,6,0,2,4,0.0,Cas13b
GCA_025159075.1@14,VI,VI,5583,1,6,0,2,4,0.0,Cas13b
GCA_025210805.1@19,VI,VI,9474,1,9,0,3,5,0.0,Cas13b
GCA_025246525.1@11,VI,VI,3525,1,6,0,1,2,0.0,Cas13b
GCA_025246685.1@1,VI,VI,3525,1,8,0,1,2,0.0,Cas13b
GCA_025246705.1@11,VI,VI,3459,1,5,0,1,2,0.0,Cas13b
GCA_025246725.1@3,VI,VI,3525,1,6,0,1,2,0.0,Cas13b
GCA_025246765.1@3,VI,VI,3525,1,6,0,1,2,0.0,Cas13b
GCA_025246815.1@1,VI,VI,3525,1,8,0,1,2,0.0,Cas13b
GCA_025246865.1@3,VI,VI,3525,1,6,0,1,2,0.0,Cas13b
GCA_025246895.1@1,VI,VI,3525,1,8,0,1,2,0.0,Cas13b
GCA_025629305.1@1,VI,VI,3459,1,7,0,1,2,0.0,Cas13b
GCA_025629365.1@11,VI,VI,3459,1,5,0,1,2,0.0,Cas13b
GCA_025629385.1@1,VI,VI,3525,1,6,0,1,2,0.0,Cas13b
GCA_025629465.1@1,VI,VI,3459,1,5,0,1,2,0.0,Cas13b
GCA_025629505.1@11,VI,VI,3459,1,5,0,1,2,0.0,Cas13b
GCA_025629515.1@12,VI,VI,3459,1,5,0,1,2,0.0,Cas13b
GCA_025629525.1@11,VI,VI,4788,1,13,0,1,2,0.0,Cas13b
GCA_025629585.1@11,VI,VI,3432,1,5,0,1,2,0.0,Cas13b
GCA_025629605.1@1,VI,VI,4435,1,7,0,1,3,0.0,Cas13b
GCA_025629615.1@3,VI,VI,3525,1,6,0,1,2,0.0,Cas13b
GCA_025629635.1@13,VI,VI,3591,1,7,0,1,2,0.0,Cas13b
GCA_025629665.1@16,VI,VI,4800,1,14,0,1,3,0.0,Cas13b
GCA_025629685.1@12,VI,VI,3748,1,15,0,1,3,0.0,Cas13b
GCA_025629725.1@1,VI,VI,3471,1,5,0,1,2,0.0,Cas13b
GCA_025907425.1@11,VI,VI,3525,1,6,0,1,2,0.0,Cas13b
GCA_025907455.1@1,VI,VI,3540,1,6,0,1,2,0.0,Cas13b
GCA_025907475.1@1,VI,VI,3471,1,5,0,1,2,0.0,Cas13b
GCA_025907495.1@15,VI,VI,4787,1,13,0,1,2,0.0,Cas13b
GCA_025907515.1@11,VI,VI,5989,1,32,0,1,2,0.0,Cas13b
GCA_025907525.1@14,VI,VI,4787,1,14,0,1,2,0.0,Cas13b
GCA_025907555.1@14,VI,VI,4721,1,12,0,1,2,0.0,Cas13b
GCA_025907565.1@11,VI,VI,3459,1,7,0,1,2,0.0,Cas13b
GCA_025907635.1@11,VI,VI,3525,1,6,0,1,2,0.0,Cas13b
GCA_025907645.1@1,VI,VI,3474,1,5,0,1,2,0.0,Cas13b
GCA_025907655.1@14,VI,VI,4721,1,12,0,1,2,0.0,Cas13b
GCA_025907695.1@3,VI,VI,4933,1,16,0,1,2,0.0,Cas13b
GCA_025907735.1@13,VI,VI,4866,1,15,0,1,3,0.0,Cas13b
GCA_025907745.1@15,VI,VI,4800,1,14,0,1,2,0.0,Cas13b
GCA_025907775.1@1,VI,VI,3409,1,4,0,1,2,0.0,Cas13b
GCA_025907785.1@1,VI,VI,3406,1,4,0,1,2,0.0,Cas13b
GCA_026652135.1@12,VI,VI,4320,1,12,0,1,2,0.0,Cas13b
GCA_027696905.1@3,VI,VI,4417,1,8,0,1,2,0.0,Cas13b
GCA_027696975.1@6,VI,VI,4088,1,3,0,2,3,0.0,Cas13b
GCA_027696975.1@6,VI,VI,4088,1,3,0,2,3,0.0,Cas13b
GCA_027854065.1@5,VI,VI,4913,1,21,0,1,1,0.0,Cas13b
GCA_027924145.1@10,VI,VI,3993,1,6,0,1,1,0.0,Cas13b
GCA_027924185.1@6,VI,VI,4072,1,7,0,1,1,0.0,Cas13b
GCA_028280815.1@62,VI,VI,3840,1,3,0,1,1,0.0,Cas13b
GCA_028287845.1@7,VI,VI,3601,1,6,0,1,1,0.0,Cas13b
GCA_028335085.1@6,VI,VI,4419,1,5,0,1,2,0.0,Cas13b
GCA_028335105.1@15,VI,VI,4785,1,8,0,1,2,0.0,Cas13b
GCA_028335105.1@4,VI,VI,4494,1,6,0,2,2,0.0,Cas13b
GCA_028335125.1@18,VI,VI,4522,1,4,0,1,2,0.0,Cas13b
GCA_028377305.1@11,VI,VI,4791,1,9,0,2,3,0.0,Cas13b
GCA_028993465.1@6,VI,VI,4522,1,4,0,1,2,0.0,Cas13b
GCA_029054825.1@7,VI,VI,4971,1,6,0,2,2,0.0,Cas13b
GCA_029056585.1@2,VI,VI,5373,1,5,0,1,2,0.0,Cas13b
GCA_029059045.1@13,VI,VI,6094,1,16,0,1,3,0.0,Cas13b
GCA_029097125.1@9,VI,VI,4365,1,12,0,1,1,0.0,Cas13b
GCA_900089705.1@206,VI,VI,10959,1,13,0,5,7,0.0,Cas13b
GCA_900091065.1@24,VI,VI,4354,1,6,0,1,2,0.0,Cas13b
GCA_900091105.1@108,VI,VI,4286,1,5,0,1,2,0.0,Cas13b
GCA_900091195.1@106,VI,VI,4203,1,3,0,1,2,0.0,Cas13b
GCA_900091265.1@62,VI,VI,4155,1,3,0,1,2,0.0,Cas13b
GCA_900100075.1@9,VI,VI,4818,1,10,0,2,2,0.0,Cas13b
GCA_900109895.1@1,VI,VI,4755,1,18,0,1,3,0.0,Cas13b
GCA_900176315.1@6,VI,VI,4806,1,21,0,1,1,0.0,Cas13b
GCA_900186945.1@14,VI,VI,4854,1,14,0,1,2,0.0,Cas13b
GCA_900445575.1@16,VI,VI,5386,1,20,0,2,2,0.0,Cas13b
GCA_900445655.1@35,VI,VI,5098,1,11,0,2,2,0.0,Cas13b
GCA_900446855.1@6,VI,VI,5212,1,16,0,2,2,0.0,Cas13b
GCA_900454855.1@12,VI,VI,4614,1,11,0,1,3,0.0,Cas13b
GCA_900454935.1@28,VI,VI,4673,1,6,0,2,4,0.0,Cas13b
GCA_900455005.1@5,VI,VI,4840,1,13,0,1,3,0.0,Cas13b
GCA_900522965.1@73,VI,VI,6710,1,5,0,3,4,0.0,Cas13b
GCA_900523705.1@87,VI,VI,10555,1,5,0,4,6,0.0,Cas13b
GCA_900523955.1@9,VI,VI,6712,1,5,0,3,3,0.0,Cas13b
GCA_900524135.1@6,VI,VI,4143,1,9,0,1,1,0.0,Cas13b
GCA_900524405.1@75,VI,VI,3353,1,11,0,1,1,0.0,Cas13b
GCA_900525595.1@51,VI,VI,3678,1,10,0,1,2,0.0,Cas13b
GCA_900527545.1@10,VI,VI,4877,1,15,0,2,4,0.0,Cas13b
GCA_900528005.1@26,VI,VI,6173,1,6,0,1,3,0.0,Cas13b
GCA_900540285.1@3,VI,VI,6286,1,6,0,2,3,0.0,Cas13b
GCA_900543255.1@11,VI,VI,5296,1,10,0,3,3,0.0,Cas13b
GCA_900548745.1@4,VI,VI,9894,1,10,0,4,7,0.0,Cas13b
GCA_900552675.1@3,VI,VI,8316,1,5,0,3,6,0.0,Cas13b
GCA_900618195.1@5,VI,VI,5315,1,4,0,2,3,0.0,Cas13b
GCA_900618225.1@6,VI,VI,7246,1,26,0,4,10,0.0,Cas13b
GCA_900683625.1@14,VI,VI,4116,1,9,0,1,1,0.0,Cas13b
GCA_900759955.1@6,VI,VI,3372,1,6,0,1,1,0.0,Cas13b
GCA_900760865.1@3,VI,VI,4384,1,11,0,1,1,0.0,Cas13b
GCA_900770395.1@6,VI,VI,5606,1,4,0,1,2,0.0,Cas13b
GCA_902499555.1@14,VI,VI,4328,1,13,0,1,2,0.0,Cas13b
GCA_902755195.1@5,VI,VI,6972,1,30,0,1,5,0.0,Cas13b
GCA_902755445.1@7,VI,VI,5523,1,10,0,2,2,0.0,Cas13b
GCA_902756335.1@10,VI,VI,8178,1,20,0,3,3,0.0,Cas13b
GCA_902757605.1@2,VI,VI,8335,1,22,0,2,5,0.0,Cas13b
GCA_902757665.1@8,VI,VI,6120,1,26,0,1,1,0.0,Cas13b
GCA_902758775.1@16,VI,VI,4761,1,13,0,1,1,0.0,Cas13b
GCA_902761965.1@13,VI,VI,8041,1,11,0,3,4,0.0,Cas13b
GCA_902762805.1@11,VI,VI,4613,1,7,0,1,1,0.0,Cas13b
GCA_902769875.1@15,VI,VI,6234,1,21,0,2,4,0.0,Cas13b
GCA_902770805.1@4,VI,VI,8196,1,21,0,3,4,0.0,Cas13b
GCA_902774255.1@7,VI,VI,4612,1,10,0,1,1,0.0,Cas13b
GCA_902774805.1@16,VI,VI,4620,1,10,0,1,1,0.0,Cas13b
GCA_902774925.1@6,VI,VI,11320,1,25,0,3,5,0.0,Cas13b
GCA_902776655.1@4,VI,VI,7766,1,11,0,3,7,0.0,Cas13b
GCA_902778085.1@4,VI,VI,4611,1,7,0,1,1,0.0,Cas13b
GCA_902779095.1@4,VI,VI,11412,1,48,0,4,4,0.0,Cas13b
GCA_902780855.1@6,VI,VI,7068,1,18,0,2,4,0.0,Cas13b
GCA_902786725.1@5,VI,VI,4081,1,7,0,1,1,0.0,Cas13b
GCA_902788535.1@3,VI,VI,9757,1,14,0,3,6,0.0,Cas13b
GCA_902795605.1@9,VI,VI,5965,1,8,0,2,2,0.0,Cas13b
GCA_902798775.1@3,VI,VI,10491,1,26,0,4,5,0.0,Cas13b
GCA_902798935.1@10,VI,VI,5817,1,24,0,1,1,0.0,Cas13b
GCA_902799225.1@4,VI,VI,8186,1,21,0,4,5,0.0,Cas13b
GCA_902800075.1@29,VI,VI,7074,1,16,0,2,3,0.0,Cas13b
GCA_903916135.1@1,VI,VI,4956,1,15,0,1,2,0.0,Cas13b
GCA_903926635.1@22,VI,VI,4294,1,12,0,1,2,0.0,Cas13b
GCA_904501735.1@8,VI,VI,4813,1,4,0,2,2,0.0,Cas13b
GCA_905197635.1@17,VI,VI,7117,1,11,0,3,3,0.0,Cas13b
GCA_905199515.1@6,VI,VI,4555,1,11,0,1,2,0.0,Cas13b
GCA_905203615.1@4,VI,VI,9894,1,10,0,4,7,0.0,Cas13b
GCA_905233425.1@3,VI,VI,10394,1,48,0,2,2,0.0,Cas13b
GCA_905233475.1@2,VI,VI,5814,1,5,0,2,3,0.0,Cas13b
GCA_905369845.1@5,VI,VI,6170,1,40,0,1,3,0.0,Cas13b
GCA_905372065.1@11,VI,VI,4551,1,7,0,1,2,0.0,Cas13b
GCA_905372675.1@6,VI,VI,5002,1,15,0,1,2,0.0,Cas13b
GCA_910576935.1@6,VI,VI,4065,1,9,0,1,1,0.0,Cas13b
GCA_910580165.1@4,VI,VI,11518,1,11,0,5,6,0.0,Cas13b
GCA_913045015.1@7,VI,VI,4328,1,13,0,1,2,0.0,Cas13b
GCA_915241915.1@1,VI,VI,4916,1,10,0,1,2,0.0,Cas13b
GCA_916048135.1@10,VI,VI,3778,1,7,0,1,1,0.0,Cas13b
GCA_916050475.1@1,VI,VI,4222,1,4,0,1,2,0.0,Cas13b
GCA_916439215.1@20,VI,VI,4111,1,9,0,3,3,0.0,Cas13b
GCA_916439215.1@20,VI,VI,4111,1,9,0,3,3,0.0,Cas13b
GCA_916439215.1@20,VI,VI,4111,1,9,0,3,3,0.0,Cas13b
GCA_916720205.1@7,VI,VI,5965,1,30,0,1,2,0.0,Cas13b
GCA_934120605.1@13,VI,VI,6267,1,5,0,3,5,0.0,Cas13b
GCA_934191735.1@17,VI,VI,6271,1,5,0,3,3,0.0,Cas13b
GCA_934193175.1@38,VI,VI,6271,1,5,0,3,3,0.0,Cas13b
GCA_934668895.1@29,VI,VI,10938,1,17,0,4,6,0.0,Cas13b
GCA_934675105.1@5,VI,VI,4738,1,18,0,1,1,0.0,Cas13b
GCA_937858715.1@16,VI,VI,4029,1,9,0,1,1,0.0,Cas13b
GCA_937880835.1@2,VI,VI,5065,1,11,0,3,3,0.0,Cas13b
GCA_937880835.1@2,VI,VI,5065,1,11,0,3,3,0.0,Cas13b
GCA_937892825.1@1,VI,VI,4452,1,17,0,1,1,0.0,Cas13b
GCA_937893145.1@15,VI,VI,7237,1,7,0,4,4,0.0,Cas13b
GCA_937893145.1@3,VI,VI,7087,1,18,0,2,3,0.0,Cas13b
GCA_937893805.1@1,VI,VI,3475,1,4,0,1,1,0.0,Cas13b
GCA_937893865.1@10,VI,VI,4328,1,13,0,1,2,0.0,Cas13b
GCA_937936745.1@9,VI,VI,4498,1,8,0,1,2,0.0,Cas13b
GCA_937950445.1@5,VI,VI,4551,1,7,0,1,2,0.0,Cas13b
GCA_937960885.1@5,VI,VI,4809,1,7,0,2,2,0.0,Cas13b
GCA_937968135.1@2,VI,VI,4275,1,11,0,1,1,0.0,Cas13b
GCA_937993075.1@17,VI,VI,3873,1,4,0,1,1,0.0,Cas13b
GCA_938016215.1@6,VI,VI,4555,1,11,0,1,2,0.0,Cas13b
GCA_944320715.1@17,VI,VI,3202,1,5,0,2,2,0.0,Cas13b
GCA_944320715.1@17,VI,VI,3202,1,5,0,2,2,0.0,Cas13b
GCA_945828535.1@1,VI,VI,3751,1,5,0,1,1,0.0,Cas13b
GCA_945829065.1@1,VI,VI,5277,1,6,0,2,3,0.0,Cas13b
GCA_945871015.1@1,VI,VI,5277,1,6,0,2,3,0.0,Cas13b
GCA_945876235.1@12,VI,VI,3910,1,6,0,1,1,0.0,Cas13b
GCA_945877935.1@1,VI,VI,3751,1,5,0,1,1,0.0,Cas13b
GCA_945935995.1@4,VI,VI,15126,1,12,0,5,12,0.0,Cas13b
GCA_945936225.1@1,VI,VI,5140,1,4,0,2,3,0.0,Cas13b
GCA_946183045.1@3,VI,VI,4544,1,5,0,1,1,0.0,Cas13b
GCA_946188195.1@3,VI,VI,5190,1,13,0,2,2,0.0,Cas13b
GCA_946404535.1@4,VI,VI,4005,1,12,0,1,1,0.0,Cas13b
GCA_946405505.1@13,VI,VI,9394,1,12,0,4,6,0.0,Cas13b
GCA_946408085.1@7,VI,VI,8669,1,22,0,2,5,0.0,Cas13b
GCA_946482065.1@3,VI,VI,3708,1,5,0,1,1,0.0,Cas13b
GCA_946536305.1@4,VI,VI,5334,1,9,0,2,2,0.0,Cas13b
GCA_946542065.1@9,VI,VI,7897,1,23,0,2,5,0.0,Cas13b
GCA_946542845.1@21,VI,VI,6168,1,37,0,1,1,0.0,Cas13b
GCA_946617255.1@4,VI,VI,7276,1,14,0,2,3,0.0,Cas13b
GCA_946891835.1@3,VI,VI,4287,1,3,0,1,3,0.0,Cas13b
GCA_947062025.1@10,VI,VI,4447,1,13,0,1,1,0.0,Cas13b
GCA_947097145.1@7,VI,VI,4448,1,7,0,1,2,0.0,Cas13b
GCA_947097945.1@3,VI,VI,4787,1,8,0,1,2,0.0,Cas13b
GCA_947165255.1@3,VI,VI,4507,1,3,0,1,1,0.0,Cas13b
GCA_947165395.1@4,VI,VI,11333,1,16,0,4,6,0.0,Cas13b
GCA_947168665.1@13,VI,VI,4195,1,11,0,1,1,0.0,Cas13b
GCA_947175495.1@14,VI,VI,6094,1,16,0,1,2,0.0,Cas13b
GCA_947175905.1@20,VI,VI,4905,1,5,0,2,2,0.0,Cas13b
GCA_947311265.1@2,VI,VI,4022,1,9,0,2,3,0.0,Cas13b
GCA_947496755.1@10,VI,VI,3946,1,8,0,1,1,0.0,Cas13b
GeversD_2014@2606,VI,VI,4812,1,14,0,2,3,0.0,Cas13b
HeQ_2017@13628,VI,VI,2542,1,8,0,1,1,0.0,Cas13b
HeQ_2017@20829,VI,VI,4944,1,16,0,1,3,0.0,Cas13b
HMP_2012@16711,VI,VI,4735,1,11,0,1,2,0.0,Cas13b
HMP_2012@17488,VI,VI,3926,1,5,0,1,1,0.0,Cas13b
HMP_2012@19229,VI,VI,4818,1,12,0,1,3,0.0,Cas13b
HMP_2012@19358,VI,VI,4888,1,13,0,1,2,0.0,Cas13b
HMP_2012@23124,VI,VI,4423,1,7,0,1,2,0.0,Cas13b
HMP_2012@23292,VI,VI,4818,1,12,0,1,3,0.0,Cas13b
HMP_2012@25187,VI,VI,4129,1,8,0,1,1,0.0,Cas13b
HMP_2012@25681,VI,VI,4286,1,10,0,1,2,0.0,Cas13b
HMP_2012@3165,VI,VI,4362,1,11,0,1,1,0.0,Cas13b
HMP_2012@31912,VI,VI,4023,1,8,0,1,2,0.0,Cas13b
HMP_2012@32083,VI,VI,4291,1,10,0,1,1,0.0,Cas13b
HMP_2012@32158,VI,VI,3302,1,5,0,1,2,0.0,Cas13b
HMP_2012@3266,VI,VI,4150,1,4,0,1,2,0.0,Cas13b
HMP_2012@33227,VI,VI,3905,1,5,0,1,2,0.0,Cas13b
HMP_2012@33893,VI,VI,4052,1,7,0,1,3,0.0,Cas13b
HMP_2012@35045,VI,VI,4031,1,8,0,1,1,0.0,Cas13b
HMP_2012@35057,VI,VI,3991,1,6,0,1,1,0.0,Cas13b
HMP_2012@36292,VI,VI,4057,1,7,0,1,1,0.0,Cas13b
HMP_2012@41641,VI,VI,6738,1,42,0,1,2,0.0,Cas13b
HMP_2012@41785,VI,VI,3649,1,5,0,1,1,0.0,Cas13b
HMP_2012@43602,VI,VI,4888,1,13,0,1,2,0.0,Cas13b
HMP_2012@46060,VI,VI,5166,1,18,0,1,2,0.0,Cas13b
HMP_2012@502,VI,VI,4129,1,8,0,1,1,0.0,Cas13b
HMP_2012@5050,VI,VI,4280,1,4,0,1,3,0.0,Cas13b
HMP_2012@50965,VI,VI,4801,1,12,0,1,3,0.0,Cas13b
HMP_2012@51244,VI,VI,4364,1,4,0,2,2,0.0,Cas13b
HMP_2012@52203,VI,VI,3991,1,6,0,1,1,0.0,Cas13b
HMP_2012@52846,VI,VI,4687,1,10,0,1,3,0.0,Cas13b
HMP_2012@53833,VI,VI,4970,1,15,0,1,2,0.0,Cas13b
HMP_2012@55197,VI,VI,4235,1,10,0,1,1,0.0,Cas13b
HMP_2012@8342,VI,VI,4291,1,10,0,1,1,0.0,Cas13b
HMP_2012@8678,VI,VI,4808,1,12,0,1,3,0.0,Cas13b
KarlssonFH_2013@10772,VI,VI,4210,1,10,0,1,1,0.0,Cas13b
KarlssonFH_2013@17124,VI,VI,6782,1,6,0,3,3,0.0,Cas13b
LeChatelierE_2013@16125,VI,VI,6712,1,5,0,3,3,0.0,Cas13b
LeChatelierE_2013@23343,VI,VI,3946,1,6,0,1,1,0.0,Cas13b
LeChatelierE_2013@39742,VI,VI,4143,1,9,0,1,1,0.0,Cas13b
LeChatelierE_2013@5282,VI,VI,7058,1,10,0,3,3,0.0,Cas13b
LeChatelierE_2013@7808,VI,VI,10606,1,5,0,4,6,0.0,Cas13b
LeChatelierE_2013@8460,VI,VI,5606,1,4,0,3,4,0.0,Cas13b
LiJ_2014@10730,VI,VI,9394,1,11,0,4,5,0.0,Cas13b
LiJ_2014@10831,VI,VI,6710,1,5,0,3,3,0.0,Cas13b
LiJ_2014@8530,VI,VI,5381,1,10,0,2,2,0.0,Cas13b
LiuW_2016@3591,VI,VI,6852,1,7,0,4,5,0.0,Cas13b
LiuW_2016@5645,VI,VI,4031,1,6,0,1,2,0.0,Cas13b
LiuW_2016@5671,VI,VI,6852,1,7,0,4,4,0.0,Cas13b
LiuW_2016@6585,VI,VI,6711,1,5,0,3,4,0.0,Cas13b
LomanNJ_2013@71,VI,VI,5140,1,19,0,1,2,0.0,Cas13b
NielsenHB_2014@27542,VI,VI,4877,1,15,0,2,4,0.0,Cas13b
NielsenHB_2014@37895,VI,VI,5213,1,10,0,3,3,0.0,Cas13b
NielsenHB_2014@8203,VI,VI,6315,1,8,0,1,3,0.0,Cas13b
Obregon-TitoAJ_2015@1294,VI,VI,5223,1,9,0,2,3,0.0,Cas13b
Obregon-TitoAJ_2015@134,VI,VI,7034,1,8,0,3,4,0.0,Cas13b
Obregon-TitoAJ_2015@1529,VI,VI,7258,1,13,0,3,3,0.0,Cas13b
Obregon-TitoAJ_2015@2247,VI,VI,7105,1,9,0,3,4,0.0,Cas13b
Obregon-TitoAJ_2015@2693,VI,VI,5296,1,10,0,3,4,0.0,Cas13b
Obregon-TitoAJ_2015@371,VI,VI,6206,1,3,0,2,2,0.0,Cas13b
Obregon-TitoAJ_2015@3793,VI,VI,6420,1,6,0,2,2,0.0,Cas13b
QinJ_2012@2853,VI,VI,9894,1,10,0,4,7,0.0,Cas13b
QinJ_2012@6912,VI,VI,7117,1,11,0,3,3,0.0,Cas13b
QinN_2014@23929,VI,VI,4481,1,9,0,1,3,0.0,Cas13b
QinN_2014@3131,VI,VI,4880,1,15,0,2,3,0.0,Cas13b
QinN_2014@6474,VI,VI,4549,1,10,0,1,2,0.0,Cas13b
RampelliS_2015@1362,VI,VI,6857,1,14,0,3,4,0.0,Cas13b
RampelliS_2015@1410,VI,VI,4967,1,5,0,3,3,0.0,Cas13b
SchirmerM_2016@10818,VI,VI,6991,1,9,0,3,3,0.0,Cas13b
VatanenT_2016@10561,VI,VI,4481,1,9,0,1,2,0.0,Cas13b
VatanenT_2016@6591,VI,VI,4483,1,9,0,1,3,0.0,Cas13b
VogtmannE_2016@12290,VI,VI,4351,1,7,0,1,2,0.0,Cas13b
VogtmannE_2016@17050,VI,VI,4615,1,11,0,1,2,0.0,Cas13b
VogtmannE_2016@19039,VI,VI,4350,1,7,0,1,2,0.0,Cas13b
VogtmannE_2016@5797,VI,VI,4697,1,7,0,2,2,0.0,Cas13b
XieH_2016@11056,VI,VI,6709,1,5,0,3,3,0.0,Cas13b
XieH_2016@14942,VI,VI,6422,1,11,0,2,4,0.0,Cas13b
XieH_2016@41280,VI,VI,3427,1,6,0,1,1,0.0,Cas13b
XieH_2016@45563,VI,VI,4512,1,8,0,1,1,0.0,Cas13b
XieH_2016@51649,VI,VI,4457,1,11,0,1,2,0.0,Cas13b
XieH_2016@5884,VI,VI,6709,1,5,0,3,3,0.0,Cas13b
XieH_2016@59317,VI,VI,8290,1,7,0,3,3,0.0,Cas13b
XieH_2016@63373,VI,VI,3873,1,4,0,1,1,0.0,Cas13b
XieH_2016@63893,VI,VI,7353,1,10,0,3,4,0.0,Cas13b
YuJ_2015@12067,VI,VI,4423,1,6,0,1,2,0.0,Cas13b
YuJ_2015@17404,VI,VI,5023,1,16,0,1,3,0.0,Cas13b
YuJ_2015@2628,VI,VI,9004,1,10,0,4,8,0.0,Cas13b
YuJ_2015@3133,VI,VI,4485,1,11,0,1,1,0.0,Cas13b
YuJ_2015@6278,VI,VI,4299,1,3,0,2,2,0.0,Cas13b
YuJ_2015@9594,VI,VI,4485,1,6,0,1,2,0.0,Cas13b
ZeeviD_2015@102928,VI,VI,4119,1,7,0,1,2,0.0,Cas13b
ZeeviD_2015@26268,VI,VI,6254,1,7,0,1,3,0.0,Cas13b
ZeeviD_2015@27254,VI,VI,8015,1,3,0,5,5,0.0,Cas13b
ZeeviD_2015@64301,VI,VI,4766,1,6,0,1,3,0.0,Cas13b
ZeeviD_2015@69835,VI,VI,14126,1,8,0,5,8,0.0,Cas13b
ZeeviD_2015@76340,VI,VI,5835,1,6,0,2,3,0.0,Cas13b
ZeeviD_2015@77693,VI,VI,6779,1,6,0,4,4,0.0,Cas13b
ZellerG_2014@21450,VI,VI,4687,1,11,0,1,2,0.0,Cas13b
ZellerG_2014@22283,VI,VI,3822,1,5,0,1,1,0.0,Cas13b
ZellerG_2014@23369,VI,VI,4508,1,8,0,1,2,0.0,Cas13b
ZellerG_2014@29785,VI,VI,4816,1,18,0,1,1,0.0,Cas13b
