sequence_id,spacerhost,phage_id,pident,algn_length,mismatch,gapopen,phagestart,phageend,phagelength,evalue,bitscore,phagecg,phagetaxonomy,completeness,phagehost,lifestyle,phagesource
GCA_021406685.1@8_1,Porphyromonas gingivalis,IMGVR_UViG_2858652038_000001|2858652038|2858652105|9513-66683,100.0,30,0,0,56183,56212,57171,2.92e-07,60.0,51.34596211365903,Caudoviricetes,High-quality,Porphyromonas gingivalis,temperate,IMG_VR
GCA_021406685.1@8_1,Porphyromonas gingivalis,IMGVR_UViG_2571042235_000001|2571042235|2571059602|13605-56115,100.0,30,0,0,479,450,42511,2.92e-07,60.0,50.859777469360864,Caudoviricetes,High-quality,Porphyromonas gingivalis,temperate,IMG_VR
GCA_021406685.1@8_1,Porphyromonas gingivalis,IMGVR_UViG_3300045988_183125|3300045988|Ga0495776_172817,100.0,30,0,0,585,556,43617,2.92e-07,60.0,50.37943920948255,Caudoviricetes,High-quality,Porphyromonas,temperate,IMG_VR
GCA_021406685.1@8_6,Porphyromonas gingivalis,Station205_MES_ALL_assembly_NODE_4716_length_13615_cov_54.638938,93.103,29,2,0,3775,3747,13615,0.069,42.1,31.509364671318394,Caudovirales,Low-quality,Elizabethkingia anophelis,virulent,GOV2
GCA_021406685.1@8_6,Porphyromonas gingivalis,Station205_SUR_ALL_assembly_NODE_3879_length_12429_cov_19.335542,93.103,29,2,0,4361,4389,12429,0.069,42.1,30.517338482581057,Caudovirales,Low-quality,Elizabethkingia anophelis,virulent,GOV2
GCA_021406685.1@8_8,Porphyromonas gingivalis,IMGVR_UViG_2858652038_000001|2858652038|2858652105|9513-66683,96.667,30,1,0,15253,15282,57171,7.11e-05,52.0,51.34596211365903,Caudoviricetes,High-quality,Porphyromonas gingivalis,temperate,IMG_VR
GCA_021406685.1@8_4,Porphyromonas gingivalis,IMGVR_UViG_2531839003_000001|2531839003|2531840682|878-52163,96.667,30,1,0,5446,5417,51286,7.11e-05,52.0,52.12533634910111,Caudoviricetes,High-quality,Porphyromonas gingivalis,temperate,IMG_VR
GCA_021406685.1@8_5,Porphyromonas gingivalis,SAMEA2738073_b1_ct2_vs2,93.333,30,2,0,13563,13534,23250,0.017,44.1,52.79139784946236,Siphoviridae,Medium-quality,Porphyromonas,temperate,CHVD
GCA_009663565.1@4_1,Riemerella anatipestifer,Station72_DCM_ALL_assembly_NODE_31_length_76956_cov_5.497874,93.103,29,2,0,37257,37285,76956,0.069,42.1,38.25302770414263,Caudovirales,Medium-quality,Acinetobacter calcoaceticus,virulent,GOV2
GCA_009663565.1@4_1,Riemerella anatipestifer,Station100_DCM_ALL_assembly_NODE_89_length_60434_cov_6.364464,93.103,29,2,0,21371,21399,60434,0.069,42.1,38.32114372704107,Caudovirales,Medium-quality,Moraxella catarrhalis,virulent,GOV2
GCA_009663565.1@4_3,Riemerella anatipestifer,IMGVR_UViG_2518645536_000001|2518645536|2518679801|1354423-1396578,100.0,30,0,0,4306,4277,42156,2.92e-07,60.0,33.456684694942595,Caudoviricetes,High-quality,Riemerella anatipestifer,temperate,IMG_VR
GCA_026000155.1@6_1,Bacteroidia bacterium,Station72_DCM_ALL_assembly_NODE_2483_length_10002_cov_3.250628,90.0,30,3,0,2573,2544,10002,4.2,36.2,28.594281143771244,Caudovirales,Low-quality,Lawsonia intracellularis,temperate,GOV2
GCA_014844535.1@14_8,Flavobacterium columnare,Station191_SUR_ALL_assembly_NODE_18_length_111890_cov_446.688988,96.552,29,1,0,79274,79302,111890,0.000281,50.1,33.848422557869334,Caudovirales,Medium-quality,Cellulophaga baltica,virulent,GOV2
GCA_014844535.1@14_8,Flavobacterium columnare,Station188_DCM_ALL_assembly_NODE_2728_length_22965_cov_7.986469,96.552,29,1,0,22930,22958,22965,0.000281,50.1,29.97605051164816,Caudovirales,Low-quality,Clostridioides difficile,virulent,GOV2
GCA_014844535.1@14_8,Flavobacterium columnare,Station194_SUR_ALL_assembly_NODE_5263_length_10389_cov_61.048771,96.552,29,1,0,9760,9788,10389,0.000281,50.1,34.30551544903263,Caudovirales,Low-quality,Bacteroides xylanisolvens,virulent,GOV2
GCA_014844535.1@14_10,Flavobacterium columnare,KM873719.2,100.0,30,0,0,44354,44383,47142,2.92e-07,60.0,30.198124814390564,Caudovirales,High-quality,Campylobacter coli,virulent,GENBANK
GCA_014844535.1@14_10,Flavobacterium columnare,NC_041845.1,100.0,30,0,0,45056,45085,46450,2.92e-07,60.0,29.82346609257266,Caudovirales,High-quality,Flavobacterium columnare,virulent,REFSEQ
GCA_014844535.1@14_9,Flavobacterium columnare,NC_041845.1,100.0,30,0,0,37336,37365,46450,2.92e-07,60.0,29.82346609257266,Caudovirales,High-quality,Flavobacterium columnare,virulent,REFSEQ
GCA_000467995.1@7_1,Porphyromonas gingivalis,IMGVR_UViG_2858652038_000001|2858652038|2858652105|9513-66683,96.667,30,1,0,43822,43793,57171,7.11e-05,52.0,51.34596211365903,Caudoviricetes,High-quality,Porphyromonas gingivalis,temperate,IMG_VR
GCA_002754135.1@16_2,Porphyromonas gingivalis,IMGVR_UViG_2858652038_000001|2858652038|2858652105|9513-66683,100.0,30,0,0,51618,51647,57171,2.92e-07,60.0,51.34596211365903,Caudoviricetes,High-quality,Porphyromonas gingivalis,temperate,IMG_VR
GCA_002754135.1@16_2,Porphyromonas gingivalis,IMGVR_UViG_2531839003_000001|2531839003|2531840682|878-52163,100.0,30,0,0,46466,46495,51286,2.92e-07,60.0,52.12533634910111,Caudoviricetes,High-quality,Porphyromonas gingivalis,temperate,IMG_VR
GCA_002754135.1@16_4,Porphyromonas gingivalis,SAMEA2738073_b1_ct2_vs2,100.0,29,0,0,18418,18390,23250,1.15e-06,58.0,52.79139784946236,Siphoviridae,Medium-quality,Porphyromonas,temperate,CHVD
GCA_002754135.1@16_4,Porphyromonas gingivalis,IMGVR_UViG_2531839003_000001|2531839003|2531840682|878-52163,100.0,29,0,0,6222,6250,51286,1.15e-06,58.0,52.12533634910111,Caudoviricetes,High-quality,Porphyromonas gingivalis,temperate,IMG_VR
GCA_002754135.1@16_8,Porphyromonas gingivalis,IMGVR_UViG_2855585092_000002|2855585092|2855585172|3283-47269,100.0,30,0,0,6409,6438,43987,2.92e-07,60.0,50.48764407665901,Caudoviricetes,High-quality,Porphyromonas gingivalis,temperate,IMG_VR
GCA_002754135.1@16_8,Porphyromonas gingivalis,IMGVR_UViG_2846820306_000001|2846820306|2846820306|552118-592473,100.0,30,0,0,5032,5061,40356,2.92e-07,60.0,50.44850827634056,Caudoviricetes,High-quality,Porphyromonas gingivalis,temperate,IMG_VR
GCA_002754135.1@16_9,Porphyromonas gingivalis,IMGVR_UViG_2858652038_000001|2858652038|2858652105|9513-66683,100.0,30,0,0,35292,35321,57171,2.92e-07,60.0,51.34596211365903,Caudoviricetes,High-quality,Porphyromonas gingivalis,temperate,IMG_VR
GCA_002754135.1@16_9,Porphyromonas gingivalis,IMGVR_UViG_2531839003_000001|2531839003|2531840682|878-52163,100.0,30,0,0,30168,30197,51286,2.92e-07,60.0,52.12533634910111,Caudoviricetes,High-quality,Porphyromonas gingivalis,temperate,IMG_VR
GCA_002754135.1@16_3,Porphyromonas gingivalis,MGV-GENOME-0272237,100.0,30,0,0,25912,25941,35387,2.92e-07,60.0,48.2013168677763,Caudovirales,Medium-quality,Ruminiclostridium siraeum,temperate,MGV
GCA_002754135.1@16_5,Porphyromonas gingivalis,MGV-GENOME-0211214,100.0,30,0,0,2636,2665,29957,2.92e-07,60.0,49.77801515505558,Caudovirales,Medium-quality,Bacteroides ovatus,virulent,MGV
GCA_002754135.1@16_10,Porphyromonas gingivalis,SAMEA2738073_b1_ct2_vs2,96.667,30,1,0,15957,15928,23250,7.11e-05,52.0,52.79139784946236,Siphoviridae,Medium-quality,Porphyromonas,temperate,CHVD
GCA_023822465.1@16_4,Porphyromonas gingivalis,IMGVR_UViG_2600255045_000002|2600255045|2600278965|1087-49872,96.552,29,1,0,9083,9111,48786,0.000281,50.1,49.91800926495306,Caudoviricetes,High-quality,Porphyromonas gingivalis,temperate,IMG_VR
GCA_023822465.1@16_4,Porphyromonas gingivalis,IMGVR_UViG_2846822444_000001|2846822444|2846822444|1411026-1458836,96.552,29,1,0,7549,7577,47811,0.000281,50.1,50.235301499654895,Caudoviricetes,High-quality,Porphyromonas gingivalis,temperate,IMG_VR
GCA_023822465.1@16_4,Porphyromonas gingivalis,IMGVR_UViG_2855585092_000002|2855585092|2855585172|3283-47269,96.552,29,1,0,40550,40522,43987,0.000281,50.1,50.48764407665901,Caudoviricetes,High-quality,Porphyromonas gingivalis,temperate,IMG_VR
GCA_023822465.1@16_4,Porphyromonas gingivalis,IMGVR_UViG_2846820306_000001|2846820306|2846820306|552118-592473,96.552,29,1,0,36834,36806,40356,0.000281,50.1,50.44850827634056,Caudoviricetes,High-quality,Porphyromonas gingivalis,temperate,IMG_VR
GCA_023822465.1@16_4,Porphyromonas gingivalis,IMGVR_UViG_2571042235_000001|2571042235|2571059602|13605-56115,96.552,29,1,0,39073,39045,42511,0.000281,50.1,50.859777469360864,Caudoviricetes,High-quality,Porphyromonas gingivalis,temperate,IMG_VR
GCA_023822465.1@16_4,Porphyromonas gingivalis,IMGVR_UViG_3300045988_183125|3300045988|Ga0495776_172817,96.552,29,1,0,40001,39973,43617,0.000281,50.1,50.37943920948255,Caudoviricetes,High-quality,Porphyromonas,temperate,IMG_VR
GCA_023822465.1@16_6,Porphyromonas gingivalis,IMGVR_UViG_2531839003_000001|2531839003|2531840682|878-52163,100.0,30,0,0,16876,16847,51286,2.92e-07,60.0,52.12533634910111,Caudoviricetes,High-quality,Porphyromonas gingivalis,temperate,IMG_VR
GCA_023822465.1@16_7,Porphyromonas gingivalis,IMGVR_UViG_2855585092_000002|2855585092|2855585172|3283-47269,100.0,30,0,0,7290,7319,43987,2.92e-07,60.0,50.48764407665901,Caudoviricetes,High-quality,Porphyromonas gingivalis,temperate,IMG_VR
GCA_023822465.1@16_7,Porphyromonas gingivalis,IMGVR_UViG_2846829876_000002|2846829876|2846829876|620851-664599,100.0,30,0,0,6064,6093,43749,2.92e-07,60.0,50.54515531783584,Caudoviricetes,High-quality,Porphyromonas gingivalis,temperate,IMG_VR
GCA_023822465.1@16_2,Porphyromonas gingivalis,MGV-GENOME-0211214,96.667,30,1,0,10518,10489,29957,7.11e-05,52.0,49.77801515505558,Caudovirales,Medium-quality,Bacteroides ovatus,virulent,MGV
GCA_021406625.1@13_5,Porphyromonas gingivalis,SAMN11031433_a1_ct16848_vs1,96.667,30,1,0,6390,6361,23975,7.11e-05,52.0,39.71637122002086,Myoviridae,Low-quality,Campylobacter,temperate,CHVD
GCA_021406625.1@13_3,Porphyromonas gingivalis,MGV-GENOME-0272237,100.0,30,0,0,3996,3967,35387,2.92e-07,60.0,48.2013168677763,Caudovirales,Medium-quality,Ruminiclostridium siraeum,temperate,MGV
GCA_900157295.1@5_5,Porphyromonas gingivalis,MGV-GENOME-0312490,96.667,30,1,0,6191,6162,50845,7.11e-05,52.0,40.83980725735078,Caudovirales,Complete,Bacteroidales,virulent,MGV
GCA_900157295.1@5_5,Porphyromonas gingivalis,uvig_527839,96.667,30,1,0,42872,42901,48381,7.11e-05,52.0,36.960790392922846,Caudovirales,High-quality,Parabacteroides distasonis,virulent,GPD
GCA_900157295.1@5_5,Porphyromonas gingivalis,IMGVR_UViG_3300029564_000012|3300029564|Ga0244919_100660,96.667,30,1,0,33766,33737,52239,7.11e-05,52.0,37.43563238193687,Caudoviricetes,High-quality,Bacteroidales,virulent,IMG_VR
GCA_900157295.1@5_5,Porphyromonas gingivalis,uvig_248982,96.667,30,1,0,51295,51266,52254,7.11e-05,52.0,37.430627320396525,Caudovirales,Complete,Parabacteroides distasonis,virulent,GPD
GCA_900157295.1@5_5,Porphyromonas gingivalis,SAMN10290186_a1_ct11308_vs1,96.667,30,1,0,11651,11680,16716,7.11e-05,52.0,37.67049533381192,Myoviridae,Low-quality,Bacteroidales,virulent,CHVD
GCA_900157295.1@5_5,Porphyromonas gingivalis,SAMN06164903_a1_ct10564,96.667,30,1,0,46285,46314,51832,7.11e-05,52.0,37.25304830992437,Myoviridae,High-quality,Bacteroidales,virulent,CHVD
GCA_002754015.1@34_1,Porphyromonas gingivalis,IMGVR_UViG_2858652038_000001|2858652038|2858652105|9513-66683,100.0,30,0,0,56183,56212,57171,2.92e-07,60.0,51.34596211365903,Caudoviricetes,High-quality,Porphyromonas gingivalis,temperate,IMG_VR
GCA_002754015.1@34_1,Porphyromonas gingivalis,IMGVR_UViG_2571042235_000001|2571042235|2571059602|13605-56115,100.0,30,0,0,479,450,42511,2.92e-07,60.0,50.859777469360864,Caudoviricetes,High-quality,Porphyromonas gingivalis,temperate,IMG_VR
GCA_002754015.1@34_1,Porphyromonas gingivalis,IMGVR_UViG_3300045988_183125|3300045988|Ga0495776_172817,100.0,30,0,0,585,556,43617,2.92e-07,60.0,50.37943920948255,Caudoviricetes,High-quality,Porphyromonas,temperate,IMG_VR
GCA_002754015.1@34_3,Porphyromonas gingivalis,IMGVR_UViG_2858652038_000001|2858652038|2858652105|9513-66683,96.667,30,1,0,15253,15282,57171,7.11e-05,52.0,51.34596211365903,Caudoviricetes,High-quality,Porphyromonas gingivalis,temperate,IMG_VR
GCA_000467955.1@5_1,Porphyromonas gingivalis,IMGVR_UViG_2858652038_000001|2858652038|2858652105|9513-66683,100.0,30,0,0,28615,28644,57171,2.92e-07,60.0,51.34596211365903,Caudoviricetes,High-quality,Porphyromonas gingivalis,temperate,IMG_VR
GCA_000467955.1@5_1,Porphyromonas gingivalis,IMGVR_UViG_2531839003_000001|2531839003|2531840682|878-52163,100.0,30,0,0,24159,24188,51286,2.92e-07,60.0,52.12533634910111,Caudoviricetes,High-quality,Porphyromonas gingivalis,temperate,IMG_VR
GCA_900157235.1@17_1,Porphyromonas gingivalis,MGV-GENOME-0211214,100.0,30,0,0,27738,27767,29957,2.92e-07,60.0,49.77801515505558,Caudovirales,Medium-quality,Bacteroides ovatus,virulent,MGV
GCA_000765965.1@27_2,Porphyromonas sp.,TemPhD_cluster_59316,93.103,29,2,0,12066,12094,47858,0.069,42.1,48.44122194826361,Caudovirales,High-quality,Porphyromonas gingivalis,temperate,TEMPHD
GCA_000765965.1@27_10,Porphyromonas sp.,TemPhD_cluster_26955,100.0,30,0,0,12266,12295,48785,2.92e-07,60.0,48.87362918929999,Caudovirales,High-quality,Porphyromonas gulae,temperate,TEMPHD
GCA_001670625.1@12_6,Riemerella anatipestifer,IMGVR_UViG_2834949002_000004|2834949002|2834949002|1763995-1802961,93.333,30,2,0,28448,28477,38967,0.017,44.1,34.22896296866579,Caudoviricetes,High-quality,Riemerella anatipestifer,temperate,IMG_VR
GCA_001670625.1@12_7,Riemerella anatipestifer,IMGVR_UViG_2834949002_000004|2834949002|2834949002|1763995-1802961,100.0,30,0,0,8243,8214,38967,2.92e-07,60.0,34.22896296866579,Caudoviricetes,High-quality,Riemerella anatipestifer,temperate,IMG_VR
GCA_002206065.1@7_1,Porphyromonas gingivalis,IMGVR_UViG_2858652038_000001|2858652038|2858652105|9513-66683,100.0,30,0,0,56282,56253,57171,2.92e-07,60.0,51.34596211365903,Caudoviricetes,High-quality,Porphyromonas gingivalis,temperate,IMG_VR
GCA_000955645.1@5_1,Prevotella intermedia,SRS098626_a1_ct21772,100.0,30,0,0,44738,44767,98664,2.92e-07,60.0,32.95021487067218,CrAss-like,High-quality,Prevotella,virulent,CHVD
GCA_000955645.1@5_2,Prevotella intermedia,MGV-GENOME-3337635,93.333,30,2,0,1483,1512,3225,0.017,44.1,35.1937984496124,Microviridae,Medium-quality,Bacillus cereus,virulent,MGV
GCA_023822445.1@5_1,Porphyromonas gingivalis,IMGVR_UViG_2855585092_000002|2855585092|2855585172|3283-47269,100.0,30,0,0,7319,7290,43987,2.92e-07,60.0,50.48764407665901,Caudoviricetes,High-quality,Porphyromonas gingivalis,temperate,IMG_VR
GCA_023822445.1@5_1,Porphyromonas gingivalis,IMGVR_UViG_2846829876_000002|2846829876|2846829876|620851-664599,100.0,30,0,0,6093,6064,43749,2.92e-07,60.0,50.54515531783584,Caudoviricetes,High-quality,Porphyromonas gingivalis,temperate,IMG_VR
GCA_023822445.1@5_2,Porphyromonas gingivalis,IMGVR_UViG_2531839003_000001|2531839003|2531840682|878-52163,100.0,30,0,0,16847,16876,51286,2.92e-07,60.0,52.12533634910111,Caudoviricetes,High-quality,Porphyromonas gingivalis,temperate,IMG_VR
GCA_023822445.1@5_4,Porphyromonas gingivalis,IMGVR_UViG_2600255045_000002|2600255045|2600278965|1087-49872,96.552,29,1,0,9111,9083,48786,0.000281,50.1,49.91800926495306,Caudoviricetes,High-quality,Porphyromonas gingivalis,temperate,IMG_VR
GCA_023822445.1@5_4,Porphyromonas gingivalis,IMGVR_UViG_2846822444_000001|2846822444|2846822444|1411026-1458836,96.552,29,1,0,7577,7549,47811,0.000281,50.1,50.235301499654895,Caudoviricetes,High-quality,Porphyromonas gingivalis,temperate,IMG_VR
GCA_023822445.1@5_4,Porphyromonas gingivalis,IMGVR_UViG_2855585092_000002|2855585092|2855585172|3283-47269,96.552,29,1,0,40522,40550,43987,0.000281,50.1,50.48764407665901,Caudoviricetes,High-quality,Porphyromonas gingivalis,temperate,IMG_VR
GCA_023822445.1@5_4,Porphyromonas gingivalis,IMGVR_UViG_2846820306_000001|2846820306|2846820306|552118-592473,96.552,29,1,0,36806,36834,40356,0.000281,50.1,50.44850827634056,Caudoviricetes,High-quality,Porphyromonas gingivalis,temperate,IMG_VR
GCA_023822445.1@5_4,Porphyromonas gingivalis,IMGVR_UViG_2571042235_000001|2571042235|2571059602|13605-56115,96.552,29,1,0,39045,39073,42511,0.000281,50.1,50.859777469360864,Caudoviricetes,High-quality,Porphyromonas gingivalis,temperate,IMG_VR
GCA_023822445.1@5_4,Porphyromonas gingivalis,IMGVR_UViG_3300045988_183125|3300045988|Ga0495776_172817,96.552,29,1,0,39973,40001,43617,0.000281,50.1,50.37943920948255,Caudoviricetes,High-quality,Porphyromonas,temperate,IMG_VR
GCA_023822445.1@5_6,Porphyromonas gingivalis,MGV-GENOME-0211214,96.667,30,1,0,10489,10518,29957,7.11e-05,52.0,49.77801515505558,Caudovirales,Medium-quality,Bacteroides ovatus,virulent,MGV
GCA_000321285.1@13_6,Riemerella anatipestifer,IMGVR_UViG_2834949002_000004|2834949002|2834949002|1763995-1802961,93.333,30,2,0,28448,28477,38967,0.017,44.1,34.22896296866579,Caudoviricetes,High-quality,Riemerella anatipestifer,temperate,IMG_VR
GCA_000321285.1@13_7,Riemerella anatipestifer,IMGVR_UViG_2834949002_000004|2834949002|2834949002|1763995-1802961,100.0,30,0,0,8243,8214,38967,2.92e-07,60.0,34.22896296866579,Caudoviricetes,High-quality,Riemerella anatipestifer,temperate,IMG_VR
GCA_014844415.1@14_8,Flavobacterium columnare,Station191_SUR_ALL_assembly_NODE_18_length_111890_cov_446.688988,96.552,29,1,0,79274,79302,111890,0.000281,50.1,33.848422557869334,Caudovirales,Medium-quality,Cellulophaga baltica,virulent,GOV2
GCA_014844415.1@14_8,Flavobacterium columnare,Station188_DCM_ALL_assembly_NODE_2728_length_22965_cov_7.986469,96.552,29,1,0,22930,22958,22965,0.000281,50.1,29.97605051164816,Caudovirales,Low-quality,Clostridioides difficile,virulent,GOV2
GCA_014844415.1@14_8,Flavobacterium columnare,Station194_SUR_ALL_assembly_NODE_5263_length_10389_cov_61.048771,96.552,29,1,0,9760,9788,10389,0.000281,50.1,34.30551544903263,Caudovirales,Low-quality,Bacteroides xylanisolvens,virulent,GOV2
GCA_014844415.1@14_10,Flavobacterium columnare,KM873719.2,100.0,30,0,0,44354,44383,47142,2.92e-07,60.0,30.198124814390564,Caudovirales,High-quality,Campylobacter coli,virulent,GENBANK
GCA_014844415.1@14_10,Flavobacterium columnare,NC_041845.1,100.0,30,0,0,45056,45085,46450,2.92e-07,60.0,29.82346609257266,Caudovirales,High-quality,Flavobacterium columnare,virulent,REFSEQ
GCA_014844415.1@14_9,Flavobacterium columnare,NC_041845.1,100.0,30,0,0,37336,37365,46450,2.92e-07,60.0,29.82346609257266,Caudovirales,High-quality,Flavobacterium columnare,virulent,REFSEQ
GCA_001670685.1@14_5,Riemerella anatipestifer,IMGVR_UViG_2834949002_000004|2834949002|2834949002|1763995-1802961,100.0,30,0,0,8214,8243,38967,2.92e-07,60.0,34.22896296866579,Caudoviricetes,High-quality,Riemerella anatipestifer,temperate,IMG_VR
GCA_001670685.1@14_6,Riemerella anatipestifer,IMGVR_UViG_2834949002_000004|2834949002|2834949002|1763995-1802961,93.333,30,2,0,28477,28448,38967,0.017,44.1,34.22896296866579,Caudoviricetes,High-quality,Riemerella anatipestifer,temperate,IMG_VR
GCA_002529235.1@6_2,Porphyromonas gingivalis,IMGVR_UViG_2858652038_000001|2858652038|2858652105|9513-66683,100.0,30,0,0,28644,28615,57171,2.92e-07,60.0,51.34596211365903,Caudoviricetes,High-quality,Porphyromonas gingivalis,temperate,IMG_VR
GCA_002529235.1@6_2,Porphyromonas gingivalis,IMGVR_UViG_2531839003_000001|2531839003|2531840682|878-52163,100.0,30,0,0,24188,24159,51286,2.92e-07,60.0,52.12533634910111,Caudoviricetes,High-quality,Porphyromonas gingivalis,temperate,IMG_VR
GCA_002529235.1@6_5,Porphyromonas gingivalis,MGV-GENOME-0317868,93.103,29,2,0,23570,23598,50436,0.069,42.1,42.60845427868982,Caudovirales,Medium-quality,Bacteroides fragilis,virulent,MGV
GCA_002529235.1@6_5,Porphyromonas gingivalis,MGV-GENOME-0253716,93.103,29,2,0,13947,13919,37373,0.069,42.1,42.46648650094989,Caudovirales,Medium-quality,Bacteroides fragilis,virulent,MGV
GCA_002529235.1@6_5,Porphyromonas gingivalis,SAMEA2738124_b1_ct5,93.103,29,2,0,33329,33301,53147,0.069,42.1,42.44454061376936,Siphoviridae,High-quality,Prevotellaceae,virulent,CHVD
GCA_002529235.1@6_3,Porphyromonas gingivalis,TemPhD_cluster_26955,90.0,30,3,0,47285,47256,48785,4.2,36.2,48.87362918929999,Caudovirales,High-quality,Porphyromonas gulae,temperate,TEMPHD
GCA_004214945.1@5_7,Porphyromonas gingivalis,IMGVR_UViG_2858652038_000001|2858652038|2858652105|9513-66683,100.0,30,0,0,56638,56609,57171,2.92e-07,60.0,51.34596211365903,Caudoviricetes,High-quality,Porphyromonas gingivalis,temperate,IMG_VR
GCA_004214945.1@5_7,Porphyromonas gingivalis,IMGVR_UViG_2531839003_000001|2531839003|2531840682|878-52163,100.0,30,0,0,50753,50724,51286,2.92e-07,60.0,52.12533634910111,Caudoviricetes,High-quality,Porphyromonas gingivalis,temperate,IMG_VR
GCA_004214945.1@5_12,Porphyromonas gingivalis,MGV-GENOME-0291926,93.333,30,2,0,39020,38991,39458,0.017,44.1,47.01454711338639,Caudovirales,Medium-quality,Bacteroides,virulent,MGV
GCA_004214945.1@5_11,Porphyromonas gingivalis,MGV-GENOME-0211214,90.0,30,3,0,8757,8786,29957,4.2,36.2,49.77801515505558,Caudovirales,Medium-quality,Bacteroides ovatus,virulent,MGV
GCA_028335125.1@18_1,Porphyromonas gingivalis,MGV-GENOME-0211214,100.0,30,0,0,11593,11622,29957,2.92e-07,60.0,49.77801515505558,Caudovirales,Medium-quality,Bacteroides ovatus,virulent,MGV
GCA_028335125.1@18_1,Porphyromonas gingivalis,MGV-GENOME-0272237,100.0,30,0,0,1286,1315,35387,2.92e-07,60.0,48.2013168677763,Caudovirales,Medium-quality,Ruminiclostridium siraeum,temperate,MGV
GCA_028335125.1@18_2,Porphyromonas gingivalis,IMGVR_UViG_2858652038_000001|2858652038|2858652105|9513-66683,93.333,30,2,0,10525,10554,57171,0.017,44.1,51.34596211365903,Caudoviricetes,High-quality,Porphyromonas gingivalis,temperate,IMG_VR
GCA_014844435.1@14_8,Flavobacterium columnare,Station191_SUR_ALL_assembly_NODE_18_length_111890_cov_446.688988,96.552,29,1,0,79274,79302,111890,0.000281,50.1,33.848422557869334,Caudovirales,Medium-quality,Cellulophaga baltica,virulent,GOV2
GCA_014844435.1@14_8,Flavobacterium columnare,Station188_DCM_ALL_assembly_NODE_2728_length_22965_cov_7.986469,96.552,29,1,0,22930,22958,22965,0.000281,50.1,29.97605051164816,Caudovirales,Low-quality,Clostridioides difficile,virulent,GOV2
GCA_014844435.1@14_8,Flavobacterium columnare,Station194_SUR_ALL_assembly_NODE_5263_length_10389_cov_61.048771,96.552,29,1,0,9760,9788,10389,0.000281,50.1,34.30551544903263,Caudovirales,Low-quality,Bacteroides xylanisolvens,virulent,GOV2
GCA_014844435.1@14_10,Flavobacterium columnare,KM873719.2,100.0,30,0,0,44354,44383,47142,2.92e-07,60.0,30.198124814390564,Caudovirales,High-quality,Campylobacter coli,virulent,GENBANK
GCA_014844435.1@14_10,Flavobacterium columnare,NC_041845.1,100.0,30,0,0,45056,45085,46450,2.92e-07,60.0,29.82346609257266,Caudovirales,High-quality,Flavobacterium columnare,virulent,REFSEQ
GCA_014844435.1@14_9,Flavobacterium columnare,NC_041845.1,100.0,30,0,0,37336,37365,46450,2.92e-07,60.0,29.82346609257266,Caudovirales,High-quality,Flavobacterium columnare,virulent,REFSEQ
GCA_021406735.1@14_1,Porphyromonas gingivalis,IMGVR_UViG_2858652038_000001|2858652038|2858652105|9513-66683,100.0,30,0,0,43722,43751,57171,2.92e-07,60.0,51.34596211365903,Caudoviricetes,High-quality,Porphyromonas gingivalis,temperate,IMG_VR
GCA_018141765.1@6_4,Porphyromonas gingivalis,IMGVR_UViG_2858652038_000001|2858652038|2858652105|9513-66683,100.0,30,0,0,54902,54873,57171,2.92e-07,60.0,51.34596211365903,Caudoviricetes,High-quality,Porphyromonas gingivalis,temperate,IMG_VR
GCA_018141765.1@6_3,Porphyromonas gingivalis,MGV-GENOME-0211214,96.667,30,1,0,4445,4416,29957,7.11e-05,52.0,49.77801515505558,Caudovirales,Medium-quality,Bacteroides ovatus,virulent,MGV
GCA_018141765.1@6_8,Porphyromonas gingivalis,MGV-GENOME-0211214,96.667,30,1,0,4445,4416,29957,7.11e-05,52.0,49.77801515505558,Caudovirales,Medium-quality,Bacteroides ovatus,virulent,MGV
GCA_019297815.1@14_4,Riemerella anatipestifer,IMGVR_UViG_2834949002_000004|2834949002|2834949002|1763995-1802961,93.333,30,2,0,28448,28477,38967,0.017,44.1,34.22896296866579,Caudoviricetes,High-quality,Riemerella anatipestifer,temperate,IMG_VR
GCA_019297815.1@14_5,Riemerella anatipestifer,IMGVR_UViG_2834949002_000004|2834949002|2834949002|1763995-1802961,100.0,30,0,0,8243,8214,38967,2.92e-07,60.0,34.22896296866579,Caudoviricetes,High-quality,Riemerella anatipestifer,temperate,IMG_VR
GCA_014844295.1@14_8,Flavobacterium columnare,Station191_SUR_ALL_assembly_NODE_18_length_111890_cov_446.688988,96.552,29,1,0,79274,79302,111890,0.000281,50.1,33.848422557869334,Caudovirales,Medium-quality,Cellulophaga baltica,virulent,GOV2
GCA_014844295.1@14_8,Flavobacterium columnare,Station188_DCM_ALL_assembly_NODE_2728_length_22965_cov_7.986469,96.552,29,1,0,22930,22958,22965,0.000281,50.1,29.97605051164816,Caudovirales,Low-quality,Clostridioides difficile,virulent,GOV2
GCA_014844295.1@14_8,Flavobacterium columnare,Station194_SUR_ALL_assembly_NODE_5263_length_10389_cov_61.048771,96.552,29,1,0,9760,9788,10389,0.000281,50.1,34.30551544903263,Caudovirales,Low-quality,Bacteroides xylanisolvens,virulent,GOV2
GCA_014844295.1@14_10,Flavobacterium columnare,KM873719.2,100.0,30,0,0,44354,44383,47142,2.92e-07,60.0,30.198124814390564,Caudovirales,High-quality,Campylobacter coli,virulent,GENBANK
GCA_014844295.1@14_10,Flavobacterium columnare,NC_041845.1,100.0,30,0,0,45056,45085,46450,2.92e-07,60.0,29.82346609257266,Caudovirales,High-quality,Flavobacterium columnare,virulent,REFSEQ
GCA_014844295.1@14_9,Flavobacterium columnare,NC_041845.1,100.0,30,0,0,37336,37365,46450,2.92e-07,60.0,29.82346609257266,Caudovirales,High-quality,Flavobacterium columnare,virulent,REFSEQ
GCA_001589345.2@15_7,Riemerella anatipestifer,IMGVR_UViG_2834949002_000004|2834949002|2834949002|1763995-1802961,93.333,30,2,0,28448,28477,38967,0.017,44.1,34.22896296866579,Caudoviricetes,High-quality,Riemerella anatipestifer,temperate,IMG_VR
GCA_001589345.2@15_8,Riemerella anatipestifer,IMGVR_UViG_2834949002_000004|2834949002|2834949002|1763995-1802961,100.0,30,0,0,8243,8214,38967,2.92e-07,60.0,34.22896296866579,Caudoviricetes,High-quality,Riemerella anatipestifer,temperate,IMG_VR
GCA_018141745.1@6_4,Porphyromonas gingivalis,IMGVR_UViG_2858652038_000001|2858652038|2858652105|9513-66683,100.0,30,0,0,54902,54873,57171,2.92e-07,60.0,51.34596211365903,Caudoviricetes,High-quality,Porphyromonas gingivalis,temperate,IMG_VR
GCA_018141745.1@6_3,Porphyromonas gingivalis,MGV-GENOME-0211214,96.667,30,1,0,4445,4416,29957,7.11e-05,52.0,49.77801515505558,Caudovirales,Medium-quality,Bacteroides ovatus,virulent,MGV
GCA_018141745.1@6_8,Porphyromonas gingivalis,MGV-GENOME-0211214,96.667,30,1,0,4445,4416,29957,7.11e-05,52.0,49.77801515505558,Caudovirales,Medium-quality,Bacteroides ovatus,virulent,MGV
GCA_018141745.1@17_8,Porphyromonas gingivalis,IMGVR_UViG_2858652038_000001|2858652038|2858652105|9513-66683,100.0,30,0,0,53235,53206,57171,2.92e-07,60.0,51.34596211365903,Caudoviricetes,High-quality,Porphyromonas gingivalis,temperate,IMG_VR
GCA_004214925.1@5_2,Porphyromonas gingivalis,IMGVR_UViG_2855585092_000002|2855585092|2855585172|3283-47269,100.0,30,0,0,2017,1988,43987,2.92e-07,60.0,50.48764407665901,Caudoviricetes,High-quality,Porphyromonas gingivalis,temperate,IMG_VR
GCA_004214925.1@5_1,Porphyromonas gingivalis,MGV-GENOME-0272237,100.0,30,0,0,5402,5431,35387,2.92e-07,60.0,48.2013168677763,Caudovirales,Medium-quality,Ruminiclostridium siraeum,temperate,MGV
GCA_002753955.1@6_5,Porphyromonas gingivalis,SAMEA2738073_b1_ct2_vs2,100.0,30,0,0,16784,16813,23250,2.92e-07,60.0,52.79139784946236,Siphoviridae,Medium-quality,Porphyromonas,temperate,CHVD
GCA_002753955.1@6_6,Porphyromonas gingivalis,SAMEA2738073_b1_ct2_vs2,100.0,30,0,0,16784,16813,23250,2.92e-07,60.0,52.79139784946236,Siphoviridae,Medium-quality,Porphyromonas,temperate,CHVD
GCA_002753955.1@6_8,Porphyromonas gingivalis,IMGVR_UViG_2846822444_000001|2846822444|2846822444|1411026-1458836,96.667,30,1,0,23834,23805,47811,7.11e-05,52.0,50.235301499654895,Caudoviricetes,High-quality,Porphyromonas gingivalis,temperate,IMG_VR
GCA_002529435.1@2_5,Prevotella intermedia,IMGVR_UViG_2825910664_000001|2825910664|2825910664|1344290-1394369,96.667,30,1,0,26652,26623,50080,7.11e-05,52.0,42.903354632587856,Caudoviricetes,High-quality,Prevotella intermedia,temperate,IMG_VR
GCA_002529435.1@2_5,Prevotella intermedia,IMGVR_UViG_3300045988_176257|3300045988|Ga0495776_028221,96.667,30,1,0,26185,26156,49142,7.11e-05,52.0,42.3283545643238,Caudoviricetes,High-quality,Prevotella,virulent,IMG_VR
GCA_002529435.1@2_5,Prevotella intermedia,MGV-GENOME-0271462,96.667,30,1,0,12498,12469,35963,7.11e-05,52.0,43.09707199065706,Caudovirales,Medium-quality,Faecalibacterium prausnitzii,virulent,MGV
GCA_002529435.1@2_8,Prevotella intermedia,IMGVR_UViG_3300045988_098293|3300045988|Ga0495776_015574,100.0,30,0,0,22499,22528,45420,2.92e-07,60.0,42.54953764861295,Caudoviricetes,Complete,Prevotella,virulent,IMG_VR
GCA_002529435.1@2_8,Prevotella intermedia,SAMEA2738138_b1_ct9,100.0,30,0,0,35456,35427,45365,2.92e-07,60.0,42.56144604871597,Siphoviridae,High-quality,Prevotella,virulent,CHVD
GCA_002529435.1@2_11,Prevotella intermedia,MGV-GENOME-0361688,96.667,30,1,0,15917,15888,93786,7.11e-05,52.0,32.562429360458914,,High-quality,Prevotella copri,virulent,MGV
GCA_002529435.1@2_11,Prevotella intermedia,IMGVR_UViG_3300045988_058211|3300045988|Ga0495776_132035,96.667,30,1,0,78632,78661,91261,7.11e-05,52.0,32.627299722773145,Caudoviricetes,High-quality,Prevotella,virulent,IMG_VR
GCA_002529435.1@2_11,Prevotella intermedia,IMGVR_UViG_3300011980_000004|3300011980|Ga0119777_1000092,96.667,30,1,0,78601,78630,96437,7.11e-05,52.0,32.41494447152027,Caudoviricetes,High-quality,Prevotella,virulent,IMG_VR
GCA_002529435.1@2_1,Prevotella intermedia,SRS148408_a1_ct8244,93.333,30,2,0,72920,72949,88018,0.017,44.1,31.38676179872299,CrAss-like,High-quality,Prevotella,virulent,CHVD
GCA_001297745.1@15_8,Porphyromonas gingivalis,IMGVR_UViG_2531839003_000001|2531839003|2531840682|878-52163,100.0,30,0,0,34149,34178,51286,2.92e-07,60.0,52.12533634910111,Caudoviricetes,High-quality,Porphyromonas gingivalis,temperate,IMG_VR
GCA_001297745.1@15_11,Porphyromonas gingivalis,IMGVR_UViG_2858652038_000001|2858652038|2858652105|9513-66683,100.0,30,0,0,56078,56049,57171,2.92e-07,60.0,51.34596211365903,Caudoviricetes,High-quality,Porphyromonas gingivalis,temperate,IMG_VR
GCA_014844455.1@14_8,Flavobacterium columnare,Station191_SUR_ALL_assembly_NODE_18_length_111890_cov_446.688988,96.552,29,1,0,79274,79302,111890,0.000281,50.1,33.848422557869334,Caudovirales,Medium-quality,Cellulophaga baltica,virulent,GOV2
GCA_014844455.1@14_8,Flavobacterium columnare,Station188_DCM_ALL_assembly_NODE_2728_length_22965_cov_7.986469,96.552,29,1,0,22930,22958,22965,0.000281,50.1,29.97605051164816,Caudovirales,Low-quality,Clostridioides difficile,virulent,GOV2
GCA_014844455.1@14_8,Flavobacterium columnare,Station194_SUR_ALL_assembly_NODE_5263_length_10389_cov_61.048771,96.552,29,1,0,9760,9788,10389,0.000281,50.1,34.30551544903263,Caudovirales,Low-quality,Bacteroides xylanisolvens,virulent,GOV2
GCA_014844455.1@14_10,Flavobacterium columnare,KM873719.2,100.0,30,0,0,44354,44383,47142,2.92e-07,60.0,30.198124814390564,Caudovirales,High-quality,Campylobacter coli,virulent,GENBANK
GCA_014844455.1@14_10,Flavobacterium columnare,NC_041845.1,100.0,30,0,0,45056,45085,46450,2.92e-07,60.0,29.82346609257266,Caudovirales,High-quality,Flavobacterium columnare,virulent,REFSEQ
GCA_014844455.1@14_9,Flavobacterium columnare,NC_041845.1,100.0,30,0,0,37336,37365,46450,2.92e-07,60.0,29.82346609257266,Caudovirales,High-quality,Flavobacterium columnare,virulent,REFSEQ
GCA_000010505.1@5_5,Porphyromonas gingivalis,TemPhD_cluster_26955,100.0,30,0,0,14146,14175,48785,2.92e-07,60.0,48.87362918929999,Caudovirales,High-quality,Porphyromonas gulae,temperate,TEMPHD
GCA_002754115.1@5_5,Porphyromonas gingivalis,IMGVR_UViG_2858652038_000001|2858652038|2858652105|9513-66683,90.0,30,3,0,23049,23020,57171,4.2,36.2,51.34596211365903,Caudoviricetes,High-quality,Porphyromonas gingivalis,temperate,IMG_VR
GCA_021406745.1@6_1,Porphyromonas gingivalis,TemPhD_cluster_59316,100.0,30,0,0,12155,12126,47858,2.92e-07,60.0,48.44122194826361,Caudovirales,High-quality,Porphyromonas gingivalis,temperate,TEMPHD
GCA_002529185.1@5_1,Porphyromonas gingivalis,IMGVR_UViG_2639763162_000001|2639763162|2639848518|21614-75019,100.0,30,0,0,7016,6987,53406,2.92e-07,60.0,49.39145414372917,Caudoviricetes,High-quality,Porphyromonas gulae,temperate,IMG_VR
GCA_002529185.1@5_1,Porphyromonas gingivalis,IMGVR_UViG_3300045988_183125|3300045988|Ga0495776_172817,100.0,30,0,0,756,727,43617,2.92e-07,60.0,50.37943920948255,Caudoviricetes,High-quality,Porphyromonas,temperate,IMG_VR
GCA_002529185.1@5_6,Porphyromonas gingivalis,TemPhD_cluster_59316,100.0,30,0,0,35280,35251,47858,2.92e-07,60.0,48.44122194826361,Caudovirales,High-quality,Porphyromonas gingivalis,temperate,TEMPHD
GCA_002529185.1@5_6,Porphyromonas gingivalis,TemPhD_cluster_26955,100.0,30,0,0,36308,36279,48785,2.92e-07,60.0,48.87362918929999,Caudovirales,High-quality,Porphyromonas gulae,temperate,TEMPHD
GCA_900157275.1@5_3,Porphyromonas gingivalis,TemPhD_cluster_59316,100.0,30,0,0,2924,2895,47858,2.92e-07,60.0,48.44122194826361,Caudovirales,High-quality,Porphyromonas gingivalis,temperate,TEMPHD
GCA_900157275.1@5_3,Porphyromonas gingivalis,TemPhD_cluster_26955,100.0,30,0,0,2919,2890,48785,2.92e-07,60.0,48.87362918929999,Caudovirales,High-quality,Porphyromonas gulae,temperate,TEMPHD
GCA_900157275.1@5_5,Porphyromonas gingivalis,IMGVR_UViG_2855585092_000002|2855585092|2855585172|3283-47269,100.0,30,0,0,23206,23177,43987,2.92e-07,60.0,50.48764407665901,Caudoviricetes,High-quality,Porphyromonas gingivalis,temperate,IMG_VR
GCA_900157275.1@5_5,Porphyromonas gingivalis,IMGVR_UViG_2846822444_000001|2846822444|2846822444|1411026-1458836,100.0,30,0,0,25127,25156,47811,2.92e-07,60.0,50.235301499654895,Caudoviricetes,High-quality,Porphyromonas gingivalis,temperate,IMG_VR
GCA_900157275.1@5_5,Porphyromonas gingivalis,IMGVR_UViG_2571042235_000001|2571042235|2571059602|13605-56115,100.0,30,0,0,21599,21570,42511,2.92e-07,60.0,50.859777469360864,Caudoviricetes,High-quality,Porphyromonas gingivalis,temperate,IMG_VR
GCA_000467795.1@7_3,Porphyromonas gingivalis,MGV-GENOME-0211214,96.552,29,1,0,9843,9815,29957,0.000281,50.1,49.77801515505558,Caudovirales,Medium-quality,Bacteroides ovatus,virulent,MGV
GCA_900683625.1@14_2,Chryseobacterium taihuense,IMGVR_UViG_2918673184_000001|2918673184|2918673184|233669-286297,93.333,30,2,0,10109,10080,52629,0.017,44.1,34.7299017651865,Caudoviricetes,High-quality,Chryseobacterium rhizosphaerae,temperate,IMG_VR
GCA_900683625.1@14_2,Chryseobacterium taihuense,IMGVR_UViG_2731639187_000001|2731639187|2731645518|1315080-1358563,93.333,30,2,0,23462,23433,43484,0.017,44.1,35.378530034035506,Caudoviricetes,High-quality,Chryseobacterium sp002754245,temperate,IMG_VR
GCA_000834035.1@4_2,Prevotella pectinovora,uvig_369240,100.0,30,0,0,24496,24467,94884,2.92e-07,60.0,29.374815564267948,,Complete,Prevotella copri,virulent,GPD
GCA_000834035.1@4_2,Prevotella pectinovora,IMGVR_UViG_3300045988_042533|3300045988|Ga0495776_002888,100.0,30,0,0,70289,70318,94904,2.92e-07,60.0,29.3738936188148,Crassvirales,Complete,Prevotella,virulent,IMG_VR
GCA_000834035.1@4_7,Prevotella pectinovora,uvig_9877,100.0,29,0,0,12051,12079,23202,1.15e-06,58.0,29.027670028445822,,Low-quality,Prevotella copri,virulent,GPD
GCA_000834035.1@4_7,Prevotella pectinovora,IMGVR_UViG_3300045988_078285|3300045988|Ga0495776_116540,100.0,29,0,0,34896,34924,90646,1.15e-06,58.0,29.20150916753084,Crassvirales,High-quality,Prevotella,virulent,IMG_VR
GCA_000834035.1@4_7,Prevotella pectinovora,IMGVR_UViG_3300045988_073329|3300045988|Ga0495776_010840,100.0,29,0,0,21606,21634,90731,1.15e-06,58.0,29.19068455103548,Crassvirales,Complete,Prevotella,virulent,IMG_VR
GCA_002754095.1@15_4,Porphyromonas gingivalis,IMGVR_UViG_2858652038_000001|2858652038|2858652105|9513-66683,100.0,30,0,0,28474,28445,57171,2.92e-07,60.0,51.34596211365903,Caudoviricetes,High-quality,Porphyromonas gingivalis,temperate,IMG_VR
GCA_002754095.1@15_4,Porphyromonas gingivalis,IMGVR_UViG_2531839003_000001|2531839003|2531840682|878-52163,100.0,30,0,0,24018,23989,51286,2.92e-07,60.0,52.12533634910111,Caudoviricetes,High-quality,Porphyromonas gingivalis,temperate,IMG_VR
GCA_002754095.1@15_4,Porphyromonas gingivalis,SAMEA2738073_b1_ct2_vs2,100.0,30,0,0,317,346,23250,2.92e-07,60.0,52.79139784946236,Siphoviridae,Medium-quality,Porphyromonas,temperate,CHVD
GCA_025907745.1@15_6,Riemerella anatipestifer,IMGVR_UViG_2834949002_000004|2834949002|2834949002|1763995-1802961,100.0,30,0,0,12192,12163,38967,2.92e-07,60.0,34.22896296866579,Caudoviricetes,High-quality,Riemerella anatipestifer,temperate,IMG_VR
GCA_025907745.1@15_11,Riemerella anatipestifer,IMGVR_UViG_2834949002_000004|2834949002|2834949002|1763995-1802961,100.0,30,0,0,33,4,38967,2.92e-07,60.0,34.22896296866579,Caudoviricetes,High-quality,Riemerella anatipestifer,temperate,IMG_VR
GCA_016728765.1@6_7,Chryseobacterium sp.,IMGVR_UViG_2918673184_000001|2918673184|2918673184|233669-286297,93.333,30,2,0,10080,10109,52629,0.017,44.1,34.7299017651865,Caudoviricetes,High-quality,Chryseobacterium rhizosphaerae,temperate,IMG_VR
GCA_016728765.1@6_7,Chryseobacterium sp.,IMGVR_UViG_2731639187_000001|2731639187|2731645518|1315080-1358563,93.333,30,2,0,23433,23462,43484,0.017,44.1,35.378530034035506,Caudoviricetes,High-quality,Chryseobacterium sp002754245,temperate,IMG_VR
GCA_002763715.1@13_1,Prevotella intermedia,SRS098626_a1_ct21772,100.0,30,0,0,44738,44767,98664,2.92e-07,60.0,32.95021487067218,CrAss-like,High-quality,Prevotella,virulent,CHVD
GCA_002892595.1@14_7,Porphyromonas gingivalis,MGV-GENOME-0211214,96.667,30,1,0,13760,13789,29957,7.11e-05,52.0,49.77801515505558,Caudovirales,Medium-quality,Bacteroides ovatus,virulent,MGV
GCA_002892595.1@14_2,Porphyromonas gingivalis,Station125_SUR_ALL_assembly_NODE_972_length_19599_cov_4.985520,93.103,29,2,0,16324,16352,19599,0.069,42.1,30.55257921322517,Caudovirales,Low-quality,Clostridioides difficile,virulent,GOV2
GCA_002892595.1@14_3,Porphyromonas gingivalis,TemPhD_cluster_26955,90.0,30,3,0,11975,11946,48785,4.2,36.2,48.87362918929999,Caudovirales,High-quality,Porphyromonas gulae,temperate,TEMPHD
GCA_002892595.1@14_5,Porphyromonas gingivalis,TemPhD_cluster_26955,90.0,30,3,0,11975,11946,48785,4.2,36.2,48.87362918929999,Caudovirales,High-quality,Porphyromonas gulae,temperate,TEMPHD
GCA_000380305.1@5_1,Porphyromonas gingivalis,IMGVR_UViG_2639763162_000001|2639763162|2639848518|21614-75019,100.0,30,0,0,7016,6987,53406,2.92e-07,60.0,49.39145414372917,Caudoviricetes,High-quality,Porphyromonas gulae,temperate,IMG_VR
GCA_000380305.1@5_1,Porphyromonas gingivalis,IMGVR_UViG_3300045988_183125|3300045988|Ga0495776_172817,100.0,30,0,0,756,727,43617,2.92e-07,60.0,50.37943920948255,Caudoviricetes,High-quality,Porphyromonas,temperate,IMG_VR
GCA_000380305.1@5_5,Porphyromonas gingivalis,TemPhD_cluster_59316,100.0,30,0,0,35280,35251,47858,2.92e-07,60.0,48.44122194826361,Caudovirales,High-quality,Porphyromonas gingivalis,temperate,TEMPHD
GCA_000380305.1@5_5,Porphyromonas gingivalis,TemPhD_cluster_26955,100.0,30,0,0,36308,36279,48785,2.92e-07,60.0,48.87362918929999,Caudovirales,High-quality,Porphyromonas gulae,temperate,TEMPHD
GCA_009496935.1@14_6,Riemerella anatipestifer,IMGVR_UViG_2834949002_000004|2834949002|2834949002|1763995-1802961,93.333,30,2,0,28448,28477,38967,0.017,44.1,34.22896296866579,Caudoviricetes,High-quality,Riemerella anatipestifer,temperate,IMG_VR
GCA_009496935.1@14_7,Riemerella anatipestifer,IMGVR_UViG_2834949002_000004|2834949002|2834949002|1763995-1802961,100.0,30,0,0,8243,8214,38967,2.92e-07,60.0,34.22896296866579,Caudoviricetes,High-quality,Riemerella anatipestifer,temperate,IMG_VR
GCA_018141805.1@6_3,Porphyromonas gingivalis,IMGVR_UViG_2855585092_000002|2855585092|2855585172|3283-47269,100.0,30,0,0,7290,7319,43987,2.92e-07,60.0,50.48764407665901,Caudoviricetes,High-quality,Porphyromonas gingivalis,temperate,IMG_VR
GCA_018141805.1@6_3,Porphyromonas gingivalis,IMGVR_UViG_2846829876_000002|2846829876|2846829876|620851-664599,100.0,30,0,0,6064,6093,43749,2.92e-07,60.0,50.54515531783584,Caudoviricetes,High-quality,Porphyromonas gingivalis,temperate,IMG_VR
GCA_018141805.1@6_2,Porphyromonas gingivalis,MGV-GENOME-0211214,96.667,30,1,0,10518,10489,29957,7.11e-05,52.0,49.77801515505558,Caudovirales,Medium-quality,Bacteroides ovatus,virulent,MGV
GCA_017132675.1@14_8,Flavobacterium columnare,Station191_SUR_ALL_assembly_NODE_18_length_111890_cov_446.688988,96.552,29,1,0,79274,79302,111890,0.000281,50.1,33.848422557869334,Caudovirales,Medium-quality,Cellulophaga baltica,virulent,GOV2
GCA_017132675.1@14_8,Flavobacterium columnare,Station188_DCM_ALL_assembly_NODE_2728_length_22965_cov_7.986469,96.552,29,1,0,22930,22958,22965,0.000281,50.1,29.97605051164816,Caudovirales,Low-quality,Clostridioides difficile,virulent,GOV2
GCA_017132675.1@14_8,Flavobacterium columnare,Station194_SUR_ALL_assembly_NODE_5263_length_10389_cov_61.048771,96.552,29,1,0,9760,9788,10389,0.000281,50.1,34.30551544903263,Caudovirales,Low-quality,Bacteroides xylanisolvens,virulent,GOV2
GCA_017132675.1@14_9,Flavobacterium columnare,KM873719.2,100.0,30,0,0,15775,15804,47142,2.92e-07,60.0,30.198124814390564,Caudovirales,High-quality,Campylobacter coli,virulent,GENBANK
GCA_017132675.1@14_9,Flavobacterium columnare,NC_041845.1,100.0,30,0,0,15797,15826,46450,2.92e-07,60.0,29.82346609257266,Caudovirales,High-quality,Flavobacterium columnare,virulent,REFSEQ
GCA_017132675.1@14_10,Flavobacterium columnare,KM873719.2,100.0,30,0,0,41831,41860,47142,2.92e-07,60.0,30.198124814390564,Caudovirales,High-quality,Campylobacter coli,virulent,GENBANK
GCA_000769095.1@18_7,Porphyromonas gulae,TemPhD_cluster_59316,93.333,30,2,0,15235,15206,47858,0.017,44.1,48.44122194826361,Caudovirales,High-quality,Porphyromonas gingivalis,temperate,TEMPHD
GCA_007990835.1@8_2,Flavobacterium columnare,IMGVR_UViG_3300020045_012053|3300020045|Ga0206662_1000191,90.0,30,3,0,6089,6118,49567,4.2,36.2,34.59963282022313,Caudoviricetes,High-quality,Flavobacteriaceae,virulent,IMG_VR
GCA_019391755.1@12_3,Prevotella buccae,MGV-GENOME-0303693,100.0,30,0,0,1301,1330,47752,2.92e-07,60.0,51.10990115597252,Caudovirales,Medium-quality,Prevotella,temperate,MGV
GCA_019391755.1@12_6,Prevotella buccae,SAMEA2579955_b1_ct2_vs5,100.0,30,0,0,47904,47933,51350,2.92e-07,60.0,50.6952288218111,Siphoviridae,High-quality,Prevotella,temperate,CHVD
GCA_019391755.1@12_6,Prevotella buccae,MGV-GENOME-0250011,100.0,30,0,0,2378,2349,36742,2.92e-07,60.0,51.24652985683959,Caudovirales,Medium-quality,Prevotella,temperate,MGV
GCA_019391755.1@12_6,Prevotella buccae,Ma_2019_SRR413635_NODE_3103_length_5644_cov_1.752729,100.0,30,0,0,2099,2070,5644,2.92e-07,60.0,44.011339475549256,Caudovirales,Not-determined,Bacillus velezensis,virulent,GVD
GCA_019391755.1@12_2,Prevotella buccae,OTU_841,100.0,29,0,0,51877,51905,56445,1.15e-06,58.0,46.98024625741873,Bertilviridae,Medium-quality,Prevotella,virulent,IGVD
GCA_014844475.1@14_8,Flavobacterium columnare,Station191_SUR_ALL_assembly_NODE_18_length_111890_cov_446.688988,96.552,29,1,0,79274,79302,111890,0.000281,50.1,33.848422557869334,Caudovirales,Medium-quality,Cellulophaga baltica,virulent,GOV2
GCA_014844475.1@14_8,Flavobacterium columnare,Station188_DCM_ALL_assembly_NODE_2728_length_22965_cov_7.986469,96.552,29,1,0,22930,22958,22965,0.000281,50.1,29.97605051164816,Caudovirales,Low-quality,Clostridioides difficile,virulent,GOV2
GCA_014844475.1@14_8,Flavobacterium columnare,Station194_SUR_ALL_assembly_NODE_5263_length_10389_cov_61.048771,96.552,29,1,0,9760,9788,10389,0.000281,50.1,34.30551544903263,Caudovirales,Low-quality,Bacteroides xylanisolvens,virulent,GOV2
GCA_014844475.1@14_10,Flavobacterium columnare,KM873719.2,100.0,30,0,0,44354,44383,47142,2.92e-07,60.0,30.198124814390564,Caudovirales,High-quality,Campylobacter coli,virulent,GENBANK
GCA_014844475.1@14_10,Flavobacterium columnare,NC_041845.1,100.0,30,0,0,45056,45085,46450,2.92e-07,60.0,29.82346609257266,Caudovirales,High-quality,Flavobacterium columnare,virulent,REFSEQ
GCA_014844475.1@14_9,Flavobacterium columnare,NC_041845.1,100.0,30,0,0,37336,37365,46450,2.92e-07,60.0,29.82346609257266,Caudovirales,High-quality,Flavobacterium columnare,virulent,REFSEQ
GCA_023822445.1@15_1,Porphyromonas gingivalis,MGV-GENOME-0211214,96.667,30,1,0,13789,13760,29957,7.11e-05,52.0,49.77801515505558,Caudovirales,Medium-quality,Bacteroides ovatus,virulent,MGV
GCA_023822445.1@15_3,Porphyromonas gingivalis,TemPhD_cluster_26955,90.0,30,3,0,11946,11975,48785,4.2,36.2,48.87362918929999,Caudovirales,High-quality,Porphyromonas gulae,temperate,TEMPHD
GCA_023822445.1@15_5,Porphyromonas gingivalis,TemPhD_cluster_26955,90.0,30,3,0,11946,11975,48785,4.2,36.2,48.87362918929999,Caudovirales,High-quality,Porphyromonas gulae,temperate,TEMPHD
GCA_023822445.1@15_6,Porphyromonas gingivalis,Station125_SUR_ALL_assembly_NODE_972_length_19599_cov_4.985520,93.103,29,2,0,16352,16324,19599,0.069,42.1,30.55257921322517,Caudovirales,Low-quality,Clostridioides difficile,virulent,GOV2
GCA_002355195.1@17_2,Prevotella intermedia,IMGVR_UViG_3300011976_000131|3300011976|Ga0119798_1000140|28726-78166,96.667,30,1,0,2833,2862,49441,7.11e-05,52.0,42.71353734754556,Caudoviricetes,Medium-quality,Bacteroidaceae,temperate,IMG_VR
GCA_002355195.1@17_3,Prevotella intermedia,MGV-GENOME-0317514,100.0,30,0,0,24977,25006,29696,2.92e-07,60.0,43.571524784482754,Caudovirales,Medium-quality,Parabacteroides distasonis,virulent,MGV
GCA_002355195.1@17_3,Prevotella intermedia,uvig_222483,100.0,30,0,0,13906,13935,31065,2.92e-07,60.0,42.53017865765331,Caudovirales,Low-quality,Bacteroides fragilis,virulent,GPD
GCA_002355195.1@17_5,Prevotella intermedia,IMGVR_UViG_3300008636_000155|3300008636|Ga0111420_100085|61064-107867,100.0,30,0,0,729,700,46804,2.92e-07,60.0,43.23134774805572,Caudoviricetes,High-quality,Prevotella,temperate,IMG_VR
GCA_002355195.1@17_5,Prevotella intermedia,IMGVR_UViG_3300006251_000178|3300006251|Ga0099392_100037|31684-79470,100.0,30,0,0,45765,45794,47787,2.92e-07,60.0,42.81917676355494,Caudoviricetes,High-quality,Prevotella,temperate,IMG_VR
GCA_002355195.1@17_5,Prevotella intermedia,IMGVR_UViG_3300008493_000282|3300008493|Ga0111009_1000024|65259-113148,100.0,30,0,0,729,700,47890,2.92e-07,60.0,42.601795782000416,Caudoviricetes,High-quality,Prevotella,temperate,IMG_VR
GCA_002355195.1@17_5,Prevotella intermedia,IMGVR_UViG_3300007300_000203|3300007300|Ga0104843_100010|102456-144260,100.0,30,0,0,730,701,41805,2.92e-07,60.0,43.1024997009927,Caudoviricetes,High-quality,Prevotella,temperate,IMG_VR
GCA_002355195.1@17_5,Prevotella intermedia,IMGVR_UViG_3300007297_000173|3300007297|Ga0104793_100023|65320-111091,100.0,30,0,0,730,701,45772,2.92e-07,60.0,43.07436860963034,Caudoviricetes,High-quality,Prevotella,temperate,IMG_VR
GCA_002355195.1@17_5,Prevotella intermedia,IMGVR_UViG_3300006459_000203|3300006459|Ga0100222_100062|31656-80797,100.0,30,0,0,45766,45795,49142,2.92e-07,60.0,42.54405600097676,Caudoviricetes,High-quality,Prevotella,temperate,IMG_VR
GCA_002355195.1@17_5,Prevotella intermedia,IMGVR_UViG_3300006260_000156|3300006260|Ga0099518_100046|52850-98363,100.0,30,0,0,44786,44815,45514,2.92e-07,60.0,43.14936063628774,Caudoviricetes,High-quality,Prevotella,temperate,IMG_VR
GCA_002355195.1@17_5,Prevotella intermedia,IMGVR_UViG_7000000366_000092|7000000366|SRS065278_LANL_scaffold_66260,100.0,30,0,0,45570,45599,46720,2.92e-07,60.0,42.63698630136986,Caudoviricetes,High-quality,Prevotella,virulent,IMG_VR
GCA_002355195.1@17_7,Prevotella intermedia,SRS149690_a1_ct18923_vs1,93.333,30,2,0,4001,3972,20350,0.017,44.1,36.72727272727273,Microviridae,Medium-quality,Prevotella,virulent,CHVD
GCA_000467835.1@11_2,Porphyromonas gingivalis,IMGVR_UViG_2531839003_000001|2531839003|2531840682|878-52163,100.0,30,0,0,42440,42469,51286,2.92e-07,60.0,52.12533634910111,Caudoviricetes,High-quality,Porphyromonas gingivalis,temperate,IMG_VR
GCA_000467835.1@11_2,Porphyromonas gingivalis,IMGVR_UViG_2846822444_000001|2846822444|2846822444|1411026-1458836,100.0,30,0,0,39644,39673,47811,2.92e-07,60.0,50.235301499654895,Caudoviricetes,High-quality,Porphyromonas gingivalis,temperate,IMG_VR
GCA_000467835.1@11_2,Porphyromonas gingivalis,IMGVR_UViG_2846820306_000001|2846820306|2846820306|552118-592473,100.0,30,0,0,7269,7240,40356,2.92e-07,60.0,50.44850827634056,Caudoviricetes,High-quality,Porphyromonas gingivalis,temperate,IMG_VR
GCA_000467835.1@11_2,Porphyromonas gingivalis,IMGVR_UViG_2841427693_000001|2841427693|2841427693|1483722-1524627,100.0,30,0,0,8168,8139,40906,2.92e-07,60.0,49.07593018139148,Caudoviricetes,High-quality,Porphyromonas gingivalis,temperate,IMG_VR
GCA_000467835.1@11_2,Porphyromonas gingivalis,IMGVR_UViG_3300045988_183125|3300045988|Ga0495776_172817,100.0,30,0,0,8286,8257,43617,2.92e-07,60.0,50.37943920948255,Caudoviricetes,High-quality,Porphyromonas,temperate,IMG_VR
GCA_900109895.1@1_8,bacterium A37T11,IMGVR_UViG_3300045988_053200|3300045988|Ga0495776_019727,96.667,30,1,0,7209,7238,43437,7.11e-05,52.0,39.59067154729839,Caudoviricetes,Complete,Bacteroidales,virulent,IMG_VR
GCA_025907515.1@11_20,Riemerella anatipestifer,IMGVR_UViG_2518645536_000001|2518645536|2518679801|1354423-1396578,100.0,30,0,0,4762,4733,42156,2.92e-07,60.0,33.456684694942595,Caudoviricetes,High-quality,Riemerella anatipestifer,temperate,IMG_VR
GCA_025907515.1@11_20,Riemerella anatipestifer,IMGVR_UViG_2841113585_000003|2841113585|2841113585|879182-919811,100.0,30,0,0,35859,35888,40630,2.92e-07,60.0,33.32266797932562,Caudoviricetes,Medium-quality,Riemerella anatipestifer,temperate,IMG_VR
GCA_025907515.1@11_24,Riemerella anatipestifer,uvig_556097,100.0,30,0,0,2680,2709,32624,2.92e-07,60.0,40.57442373712604,Caudovirales,High-quality,Ruminococcus E bromii;NA,temperate,GPD
GCA_025907515.1@11_24,Riemerella anatipestifer,MGV-GENOME-0239501,100.0,30,0,0,2251,2280,35153,2.92e-07,60.0,42.30079936278553,Caudovirales,High-quality,Ruminococcus_E,temperate,MGV
GCA_025907515.1@11_24,Riemerella anatipestifer,Moreno-Gallego_2019_ERR2868017_NODE_189_length_5498_cov_28.744259,100.0,30,0,0,1375,1346,5498,2.92e-07,60.0,50.30920334667152,,Not-determined,Neisseriaceae,virulent,GVD
GCA_025907515.1@11_24,Riemerella anatipestifer,MGV-GENOME-0256847,100.0,30,0,0,3125,3154,37904,2.92e-07,60.0,40.70282819755171,Caudovirales,High-quality,Ruminococcus_E,temperate,MGV
GCA_025907515.1@11_24,Riemerella anatipestifer,SRS018656_a1_ct1_vs1,100.0,30,0,0,32175,32146,33945,2.92e-07,60.0,40.577404625128885,Siphoviridae,High-quality,Ruminococcus,temperate,CHVD
GCA_025907515.1@11_24,Riemerella anatipestifer,SAMN05826588_a1_ct2896_vs1,100.0,30,0,0,2149,2178,25223,2.92e-07,60.0,39.98731316655434,Siphoviridae,Medium-quality,Ruminococcus,temperate,CHVD
GCA_025907515.1@11_24,Riemerella anatipestifer,MGV-GENOME-0255888,100.0,30,0,0,2823,2852,37738,2.92e-07,60.0,49.06195346865229,Caudovirales,High-quality,CAG-177,virulent,MGV
GCA_025907515.1@11_24,Riemerella anatipestifer,MGV-GENOME-0364871,100.0,30,0,0,1431,1460,97995,2.92e-07,60.0,44.005306393183325,Caudovirales,High-quality,CAG-177,virulent,MGV
GCA_025907515.1@11_24,Riemerella anatipestifer,MGV-GENOME-0295822,100.0,30,0,0,3029,3058,38753,2.92e-07,60.0,47.748561401697934,Caudovirales,High-quality,CAG-353,temperate,MGV
GCA_025907515.1@11_3,Riemerella anatipestifer,IMGVR_UViG_2834949002_000004|2834949002|2834949002|1763995-1802961,100.0,30,0,0,3731,3702,38967,2.92e-07,60.0,34.22896296866579,Caudoviricetes,High-quality,Riemerella anatipestifer,temperate,IMG_VR
GCA_025907515.1@11_17,Riemerella anatipestifer,IMGVR_UViG_2834334511_000001|2834334511|2834334554|4915-53707,100.0,30,0,0,17404,17375,48793,2.92e-07,60.0,35.03371385239686,Caudoviricetes,High-quality,Riemerella anatipestifer,temperate,IMG_VR
GCA_025907515.1@11_25,Riemerella anatipestifer,IMGVR_UViG_2834949002_000004|2834949002|2834949002|1763995-1802961,96.667,30,1,0,35510,35481,38967,7.11e-05,52.0,34.22896296866579,Caudoviricetes,High-quality,Riemerella anatipestifer,temperate,IMG_VR
GCA_900157295.1@15_6,Porphyromonas gingivalis,TemPhD_cluster_59316,96.667,30,1,0,31029,31058,47858,7.11e-05,52.0,48.44122194826361,Caudovirales,High-quality,Porphyromonas gingivalis,temperate,TEMPHD
GCA_900157295.1@15_2,Porphyromonas gingivalis,MGV-GENOME-0272237,96.667,30,1,0,23272,23243,35387,7.11e-05,52.0,48.2013168677763,Caudovirales,Medium-quality,Ruminiclostridium siraeum,temperate,MGV
GCA_022180405.1@17_30,Capnocytophaga canimorsus,IMGVR_UViG_2808606708_000003|2808606708|2808644140|2311449-2360487,100.0,30,0,0,1540,1511,49039,2.92e-07,60.0,44.50947205285589,Caudoviricetes,High-quality,Tannerella forsythia,temperate,IMG_VR
GCA_002529205.1@6_6,Porphyromonas gingivalis,IMGVR_UViG_2858652038_000001|2858652038|2858652105|9513-66683,96.667,30,1,0,43822,43793,57171,7.11e-05,52.0,51.34596211365903,Caudoviricetes,High-quality,Porphyromonas gingivalis,temperate,IMG_VR
GCA_002899825.2@8_3,Chryseobacterium phosphatilyticum,IMGVR_UViG_2889290771_000001|2889290771|2889290771|2137926-2188246,100.0,29,0,0,35492,35464,50321,1.15e-06,58.0,34.234216331153995,Caudoviricetes,High-quality,Chryseobacterium culicis A,temperate,IMG_VR
GCA_002899825.2@8_4,Chryseobacterium phosphatilyticum,IMGVR_UViG_2859310504_000001|2859310504|2859310504|2213228-2301002,100.0,30,0,0,40599,40570,87775,2.92e-07,60.0,31.55454286528055,Caudoviricetes,High-quality,Chryseobacterium lactis,temperate,IMG_VR
GCA_002899825.2@8_4,Chryseobacterium phosphatilyticum,IMGVR_UViG_2847593706_000001|2847593706|2847593706|98350-184492,100.0,30,0,0,40599,40570,86143,2.92e-07,60.0,31.58701229351195,Caudoviricetes,High-quality,Chryseobacterium lactis,temperate,IMG_VR
GCA_002899825.2@8_6,Chryseobacterium phosphatilyticum,IMGVR_UViG_2562617092_000001|2562617092|2562625208|145008-194461,100.0,29,0,0,37669,37641,49454,1.15e-06,58.0,34.74137582399806,Caudoviricetes,High-quality,Chryseobacterium gleum,temperate,IMG_VR
GCA_023148185.1@27_4,Prevotella intermedia,IMGVR_UViG_3300008150_000415|3300008150|Ga0114319_1000014|33251-90707,100.0,30,0,0,52112,52083,57457,2.92e-07,60.0,42.18981151121709,Caudoviricetes,High-quality,Prevotella,temperate,IMG_VR
GCA_023148185.1@27_4,Prevotella intermedia,IMGVR_UViG_2903635032_000001|2903635032|2903635065,100.0,30,0,0,54227,54198,56266,2.92e-07,60.0,42.519461131056055,Caudoviricetes,High-quality,Prevotella intermedia,virulent,IMG_VR
GCA_023148185.1@27_4,Prevotella intermedia,IMGVR_UViG_2874429018_000001|2874429018|2874429019|243313-306293,100.0,30,0,0,5268,5297,62981,2.92e-07,60.0,42.07300614471031,Caudoviricetes,High-quality,Prevotella intermedia,temperate,IMG_VR
GCA_023148185.1@27_4,Prevotella intermedia,IMGVR_UViG_2876634834_000005|2876634834|2876634836|16788-78134,100.0,30,0,0,4801,4830,61347,2.92e-07,60.0,42.73721616378959,Caudoviricetes,High-quality,Prevotella intermedia,temperate,IMG_VR
GCA_023148185.1@27_6,Prevotella intermedia,SAMEA2738138_b1_ct9,93.333,30,2,0,1196,1167,45365,0.017,44.1,42.56144604871597,Siphoviridae,High-quality,Prevotella,virulent,CHVD
GCA_023148185.1@27_6,Prevotella intermedia,IMGVR_UViG_3300045988_098293|3300045988|Ga0495776_015574,93.333,30,2,0,11394,11423,45420,0.017,44.1,42.54953764861295,Caudoviricetes,Complete,Prevotella,virulent,IMG_VR
GCA_023148185.1@27_7,Prevotella intermedia,MGV-GENOME-0296411,96.667,30,1,0,5992,5963,45730,7.11e-05,52.0,42.47977257817625,Caudovirales,Complete,GCA-900066995,virulent,MGV
GCA_023148185.1@27_7,Prevotella intermedia,SAMEA2737885_b1_ct7,96.667,30,1,0,26878,26907,45675,7.11e-05,52.0,42.46743295019157,Caudovirales,High-quality,Prevotella,virulent,CHVD
GCA_023148185.1@27_7,Prevotella intermedia,MGV-GENOME-0267287,96.667,30,1,0,37654,37625,39759,7.11e-05,52.0,42.44573555672929,Caudovirales,Medium-quality,GCA-900066995,virulent,MGV
GCA_023148185.1@27_9,Prevotella intermedia,IMGVR_UViG_3300045988_178931|3300045988|Ga0495776_167706,100.0,29,0,0,12699,12671,32660,1.15e-06,58.0,35.1837109614207,Caudoviricetes,High-quality,Prevotella,virulent,IMG_VR
GCA_023148185.1@27_9,Prevotella intermedia,MGV-GENOME-0157582,100.0,29,0,0,19678,19706,21495,1.15e-06,58.0,35.27797162130728,Caudovirales,Medium-quality,Turicibacter sanguinis,temperate,MGV
GCA_023148185.1@27_11,Prevotella intermedia,uvig_217930,96.667,30,1,0,1462,1491,11328,7.11e-05,52.0,33.78354519774011,Caudovirales,Low-quality,Lactobacillus apodemi,virulent,GPD
GCA_023148185.1@27_11,Prevotella intermedia,MGV-GENOME-0157582,96.667,30,1,0,10969,10940,21495,7.11e-05,52.0,35.27797162130728,Caudovirales,Medium-quality,Turicibacter sanguinis,temperate,MGV
GCA_002797155.1@16_3,Prevotella intermedia,MGV-GENOME-0296411,96.667,30,1,0,38692,38663,45730,7.11e-05,52.0,42.47977257817625,Caudovirales,Complete,GCA-900066995,virulent,MGV
GCA_002797155.1@16_3,Prevotella intermedia,SAMEA2737885_b1_ct7,96.667,30,1,0,39853,39882,45675,7.11e-05,52.0,42.46743295019157,Caudovirales,High-quality,Prevotella,virulent,CHVD
GCA_002797155.1@16_3,Prevotella intermedia,MGV-GENOME-0267287,96.667,30,1,0,24678,24649,39759,7.11e-05,52.0,42.44573555672929,Caudovirales,Medium-quality,GCA-900066995,virulent,MGV
GCA_002797155.1@16_4,Prevotella intermedia,MGV-GENOME-0296411,100.0,30,0,0,1127,1098,45730,2.92e-07,60.0,42.47977257817625,Caudovirales,Complete,GCA-900066995,virulent,MGV
GCA_002797155.1@16_4,Prevotella intermedia,MGV-GENOME-0267287,100.0,30,0,0,32789,32760,39759,2.92e-07,60.0,42.44573555672929,Caudovirales,Medium-quality,GCA-900066995,virulent,MGV
GCA_002797155.1@16_4,Prevotella intermedia,SAMEA2737885_b1_ct7,100.0,30,0,0,31743,31772,45675,2.92e-07,60.0,42.46743295019157,Caudovirales,High-quality,Prevotella,virulent,CHVD
GCA_002797155.1@16_5,Prevotella intermedia,IMGVR_UViG_3300008515_000301|3300008515|Ga0115189_1000030|50311-95502,100.0,30,0,0,7730,7759,45192,2.92e-07,60.0,43.11382545583289,Caudoviricetes,High-quality,Prevotella,temperate,IMG_VR
GCA_002797155.1@16_5,Prevotella intermedia,IMGVR_UViG_3300008636_000155|3300008636|Ga0111420_100085|61064-107867,100.0,30,0,0,8252,8281,46804,2.92e-07,60.0,43.23134774805572,Caudoviricetes,High-quality,Prevotella,temperate,IMG_VR
GCA_002797155.1@16_5,Prevotella intermedia,IMGVR_UViG_7000000292_000156|7000000292|SRS023958_Baylor_scaffold_17989|68-47854,100.0,30,0,0,9109,9138,47787,2.92e-07,60.0,42.81917676355494,Caudoviricetes,High-quality,Prevotella,temperate,IMG_VR
GCA_002797155.1@16_5,Prevotella intermedia,IMGVR_UViG_2825903561_000001|2825903561|2825903561|306351-356912,100.0,30,0,0,10965,10994,50562,2.92e-07,60.0,42.911672797753255,Caudoviricetes,High-quality,Prevotella intermedia,temperate,IMG_VR
GCA_002797155.1@16_5,Prevotella intermedia,IMGVR_UViG_3300028539_000040|3300028539|Ga0307855_138,100.0,30,0,0,34214,34243,44553,2.92e-07,60.0,42.92640226247391,Caudoviricetes,High-quality,Prevotella,virulent,IMG_VR
GCA_002797155.1@16_5,Prevotella intermedia,IMGVR_UViG_3300006259_000026|3300006259|Ga0099458_100365,100.0,30,0,0,1510,1539,40028,2.92e-07,60.0,43.37713600479664,Caudoviricetes,High-quality,Prevotella,virulent,IMG_VR
GCA_002797155.1@16_5,Prevotella intermedia,IMGVR_UViG_3300006459_000203|3300006459|Ga0100222_100062|31656-80797,100.0,30,0,0,38679,38650,49142,2.92e-07,60.0,42.54405600097676,Caudoviricetes,High-quality,Prevotella,temperate,IMG_VR
GCA_002797155.1@16_1,Prevotella intermedia,TemPhD_cluster_57620,90.0,30,3,0,18081,18110,55192,4.2,36.2,41.63103348311349,Caudovirales,Medium-quality,Prevotella intermedia,temperate,TEMPHD
GCA_002797155.1@16_2,Prevotella intermedia,IMGVR_UViG_3300008515_000003|3300008515|Ga0115189_1000224,93.333,30,2,0,10218,10247,39138,0.017,44.1,41.85701875415197,Caudoviricetes,Complete,Prevotella,virulent,IMG_VR
GCA_002529285.1@5_3,Porphyromonas gingivalis,IMGVR_UViG_2858652038_000001|2858652038|2858652105|9513-66683,100.0,30,0,0,56049,56078,57171,2.92e-07,60.0,51.34596211365903,Caudoviricetes,High-quality,Porphyromonas gingivalis,temperate,IMG_VR
GCA_002529285.1@5_5,Porphyromonas gingivalis,IMGVR_UViG_2531839003_000001|2531839003|2531840682|878-52163,100.0,30,0,0,34178,34149,51286,2.92e-07,60.0,52.12533634910111,Caudoviricetes,High-quality,Porphyromonas gingivalis,temperate,IMG_VR
GCA_000833975.1@4_4,Prevotella pectinovora,uvig_88390,100.0,30,0,0,127763,127734,172104,2.92e-07,60.0,34.39722493376098,Caudovirales,High-quality,Prevotella copri,virulent,GPD
GCA_000833975.1@4_4,Prevotella pectinovora,uvig_554844,100.0,30,0,0,79360,79331,80871,2.92e-07,60.0,35.66667903203868,Caudovirales,Low-quality,Prevotella copri,virulent,GPD
GCA_000833975.1@4_4,Prevotella pectinovora,IMGVR_UViG_3300045988_110911|3300045988|Ga0495776_119656,100.0,30,0,0,76510,76481,169536,2.92e-07,60.0,34.720649301623254,Caudoviricetes,High-quality,Prevotella,virulent,IMG_VR
GCA_000833975.1@4_4,Prevotella pectinovora,IMGVR_UViG_3300045988_124152|3300045988|Ga0495776_101598,100.0,30,0,0,5587,5558,163629,2.92e-07,60.0,34.69678357748321,Caudoviricetes,High-quality,Prevotella,virulent,IMG_VR
GCA_000833975.1@4_4,Prevotella pectinovora,IMGVR_UViG_3300045988_132833|3300045988|Ga0495776_015052,100.0,30,0,0,1427,1398,175174,2.92e-07,60.0,34.39551531619989,Caudoviricetes,Complete,Prevotella,virulent,IMG_VR
GCA_000833975.1@4_4,Prevotella pectinovora,IMGVR_UViG_3300045988_135144|3300045988|Ga0495776_137332,100.0,30,0,0,31927,31898,174140,2.92e-07,60.0,34.783507522682896,Caudoviricetes,High-quality,Prevotella,virulent,IMG_VR
GCA_000833975.1@4_4,Prevotella pectinovora,MGV-GENOME-0376077,100.0,30,0,0,114900,114871,151978,2.92e-07,60.0,34.8609667188672,Caudovirales,Medium-quality,Prevotella,virulent,MGV
GCA_000833975.1@4_4,Prevotella pectinovora,uvig_373772,100.0,30,0,0,404,375,53291,2.92e-07,60.0,33.996359610440784,Caudovirales,Low-quality,Prevotella copri,virulent,GPD
GCA_000833975.1@4_6,Prevotella pectinovora,uvig_7751,93.333,30,2,0,75345,75374,77456,0.017,44.1,45.11464573435241,Caudovirales,Medium-quality,Prevotella copri,virulent,GPD
GCA_000833975.1@4_6,Prevotella pectinovora,MGV-GENOME-0350017,93.333,30,2,0,67246,67275,69357,0.017,44.1,46.15972432486988,Caudovirales,Medium-quality,Prevotella,virulent,MGV
GCA_000833975.1@4_6,Prevotella pectinovora,MGV-GENOME-0341299,93.333,30,2,0,2112,2083,66791,0.017,44.1,45.959785000973184,Caudovirales,Medium-quality,Prevotella,virulent,MGV
GCA_000833975.1@4_7,Prevotella pectinovora,IMGVR_UViG_3300045988_075458|3300045988|Ga0495776_010395,93.333,30,2,0,3469,3440,93180,0.017,44.1,29.19295986263147,Crassvirales,Complete,Prevotella,virulent,IMG_VR
GCA_000833975.1@4_7,Prevotella pectinovora,SAMN03283292_a1_ct15735,93.333,30,2,0,78811,78782,93105,0.017,44.1,29.20036517909887,CrAss-like,High-quality,Prevotella,virulent,CHVD
GCA_000833975.1@4_7,Prevotella pectinovora,uvig_365449,93.333,30,2,0,66823,66794,93160,0.017,44.1,29.20674109059682,,Complete,Prevotella copri,virulent,GPD
GCA_000833975.1@4_8,Prevotella pectinovora,IMGVR_UViG_3300045988_083604|3300045988|Ga0495776_011932,100.0,30,0,0,10637,10666,99146,2.92e-07,60.0,32.44407237810905,Caudoviricetes,Complete,Prevotella,virulent,IMG_VR
GCA_020281315.1@10_11,Empedobacter stercoris,IMGVR_UViG_2890301493_000002|2890301493|2890301517|142042-187714,93.333,30,2,0,33055,33026,45673,0.017,44.1,31.30295798392924,Caudoviricetes,High-quality,Empedobacter sp002378465,temperate,IMG_VR
GCA_020281315.1@10_11,Empedobacter stercoris,TemPhD_cluster_47731,93.333,30,2,0,12993,13022,47752,0.017,44.1,31.20288155469928,,High-quality,Empedobacter falsenii,temperate,TEMPHD
GCA_020281315.1@10_13,Empedobacter stercoris,IMGVR_UViG_2890301493_000002|2890301493|2890301517|142042-187714,93.333,30,2,0,33055,33026,45673,0.017,44.1,31.30295798392924,Caudoviricetes,High-quality,Empedobacter sp002378465,temperate,IMG_VR
GCA_020281315.1@10_13,Empedobacter stercoris,TemPhD_cluster_47731,93.333,30,2,0,12993,13022,47752,0.017,44.1,31.20288155469928,,High-quality,Empedobacter falsenii,temperate,TEMPHD
GCA_020281315.1@10_15,Empedobacter stercoris,IMGVR_UViG_2890301493_000002|2890301493|2890301517|142042-187714,93.333,30,2,0,33055,33026,45673,0.017,44.1,31.30295798392924,Caudoviricetes,High-quality,Empedobacter sp002378465,temperate,IMG_VR
GCA_020281315.1@10_15,Empedobacter stercoris,TemPhD_cluster_47731,93.333,30,2,0,12993,13022,47752,0.017,44.1,31.20288155469928,,High-quality,Empedobacter falsenii,temperate,TEMPHD
GCA_020281315.1@10_2,Empedobacter stercoris,IMGVR_UViG_3300014667_000022|3300014667|Ga0121291_10131|27947-77032,93.333,30,2,0,8451,8480,49086,0.017,44.1,30.41804180418042,Caudoviricetes,High-quality,Empedobacter,temperate,IMG_VR
GCA_020281315.1@10_7,Empedobacter stercoris,IMGVR_UViG_3300013921_000017|3300013921|Ga0121431_100016|43184-86638,100.0,30,0,0,13209,13180,43455,2.92e-07,60.0,30.390058681394542,Caudoviricetes,High-quality,Weeksellaceae,temperate,IMG_VR
GCA_025907495.1@15_5,Riemerella anatipestifer,IMGVR_UViG_2834949002_000004|2834949002|2834949002|1763995-1802961,100.0,30,0,0,8214,8243,38967,2.92e-07,60.0,34.22896296866579,Caudoviricetes,High-quality,Riemerella anatipestifer,temperate,IMG_VR
GCA_025907495.1@15_6,Riemerella anatipestifer,IMGVR_UViG_2834949002_000004|2834949002|2834949002|1763995-1802961,93.333,30,2,0,28477,28448,38967,0.017,44.1,34.22896296866579,Caudoviricetes,High-quality,Riemerella anatipestifer,temperate,IMG_VR
GCA_027696905.1@3_4,Prevotella buccae,IMGVR_UViG_3300045988_140237|3300045988|Ga0495776_169296,100.0,30,0,0,34066,34095,55557,2.92e-07,60.0,45.8988066310276,Caudoviricetes,High-quality,Prevotella,virulent,IMG_VR
GCA_027696905.1@3_2,Prevotella buccae,IMGVR_UViG_3300028833_000004|3300028833|Ga0247610_10000074,96.667,30,1,0,56891,56920,158651,7.11e-05,52.0,31.56109952033079,Caudoviricetes,Complete,Cryptobacteroides,virulent,IMG_VR
GCA_001051115.1@15_7,Riemerella anatipestifer,IMGVR_UViG_2834949002_000004|2834949002|2834949002|1763995-1802961,93.333,30,2,0,28448,28477,38967,0.017,44.1,34.22896296866579,Caudoviricetes,High-quality,Riemerella anatipestifer,temperate,IMG_VR
GCA_001051115.1@15_8,Riemerella anatipestifer,IMGVR_UViG_2834949002_000004|2834949002|2834949002|1763995-1802961,100.0,30,0,0,8243,8214,38967,2.92e-07,60.0,34.22896296866579,Caudoviricetes,High-quality,Riemerella anatipestifer,temperate,IMG_VR
GCA_028335105.1@4_5,Porphyromonas gingivalis,MGV-GENOME-0211214,96.667,30,1,0,13760,13789,29957,7.11e-05,52.0,49.77801515505558,Caudovirales,Medium-quality,Bacteroides ovatus,virulent,MGV
GCA_028335105.1@4_2,Porphyromonas gingivalis,Station125_SUR_ALL_assembly_NODE_972_length_19599_cov_4.985520,93.103,29,2,0,16324,16352,19599,0.069,42.1,30.55257921322517,Caudovirales,Low-quality,Clostridioides difficile,virulent,GOV2
GCA_028335105.1@4_3,Porphyromonas gingivalis,TemPhD_cluster_26955,90.0,30,3,0,11975,11946,48785,4.2,36.2,48.87362918929999,Caudovirales,High-quality,Porphyromonas gulae,temperate,TEMPHD
GCA_002753975.1@13_3,Porphyromonas gingivalis,TemPhD_cluster_59316,100.0,30,0,0,2924,2895,47858,2.92e-07,60.0,48.44122194826361,Caudovirales,High-quality,Porphyromonas gingivalis,temperate,TEMPHD
GCA_002753975.1@13_3,Porphyromonas gingivalis,TemPhD_cluster_26955,100.0,30,0,0,2919,2890,48785,2.92e-07,60.0,48.87362918929999,Caudovirales,High-quality,Porphyromonas gulae,temperate,TEMPHD
GCA_002753975.1@13_4,Porphyromonas gingivalis,IMGVR_UViG_2855585092_000002|2855585092|2855585172|3283-47269,100.0,30,0,0,23206,23177,43987,2.92e-07,60.0,50.48764407665901,Caudoviricetes,High-quality,Porphyromonas gingivalis,temperate,IMG_VR
GCA_002753975.1@13_4,Porphyromonas gingivalis,IMGVR_UViG_2846822444_000001|2846822444|2846822444|1411026-1458836,100.0,30,0,0,25127,25156,47811,2.92e-07,60.0,50.235301499654895,Caudoviricetes,High-quality,Porphyromonas gingivalis,temperate,IMG_VR
GCA_002753975.1@13_4,Porphyromonas gingivalis,IMGVR_UViG_2571042235_000001|2571042235|2571059602|13605-56115,100.0,30,0,0,21599,21570,42511,2.92e-07,60.0,50.859777469360864,Caudoviricetes,High-quality,Porphyromonas gingivalis,temperate,IMG_VR
GCA_021406725.1@13_2,Porphyromonas gingivalis,MGV-GENOME-0362808,96.667,30,1,0,72134,72163,95462,7.11e-05,52.0,33.34311034757286,Caudovirales,Complete,Barnesiella,virulent,MGV
GCA_021406725.1@13_2,Porphyromonas gingivalis,MGV-GENOME-0362577,96.667,30,1,0,23270,23241,95151,7.11e-05,52.0,33.32807852781369,Caudovirales,Medium-quality,Barnesiella,virulent,MGV
GCA_021406725.1@13_2,Porphyromonas gingivalis,MGV-GENOME-0362487,96.667,30,1,0,63620,63591,95029,7.11e-05,52.0,33.25721621820708,Caudovirales,Medium-quality,Barnesiella,virulent,MGV
GCA_021406725.1@13_2,Porphyromonas gingivalis,uvig_327615,96.667,30,1,0,75189,75218,97588,7.11e-05,52.0,33.3924252981924,Caudovirales,Complete,Barnesiella intestinihominis,virulent,GPD
GCA_021406725.1@13_2,Porphyromonas gingivalis,uvig_192534,96.667,30,1,0,5979,6008,93873,7.11e-05,52.0,33.100039414954246,Caudovirales,Complete,Bacteroides intestinalis,virulent,GPD
GCA_021406725.1@13_2,Porphyromonas gingivalis,MGV-GENOME-0366467,96.667,30,1,0,96606,96577,99926,7.11e-05,52.0,32.85030922882933,Caudovirales,Complete,Bacteroides_A,virulent,MGV
GCA_021406725.1@13_2,Porphyromonas gingivalis,MGV-GENOME-0364222,96.667,30,1,0,86918,86947,97281,7.11e-05,52.0,32.882063301158496,Caudovirales,Medium-quality,Bacteroides_A,virulent,MGV
GCA_021406725.1@13_2,Porphyromonas gingivalis,MGV-GENOME-0362209,96.667,30,1,0,72809,72838,94595,7.11e-05,52.0,33.272371689835616,Caudovirales,Complete,Barnesiella,virulent,MGV
GCA_021406725.1@13_2,Porphyromonas gingivalis,MGV-GENOME-0361973,96.667,30,1,0,73348,73377,94197,7.11e-05,52.0,33.08916419843519,Caudovirales,Complete,Barnesiella,virulent,MGV
GCA_021406725.1@13_2,Porphyromonas gingivalis,MGV-GENOME-0361788,96.667,30,1,0,84386,84415,93954,7.11e-05,52.0,33.115141452200014,Caudovirales,Medium-quality,Barnesiella intestinihominis,virulent,MGV
GCA_014196225.1@1_4,Bacteroides pyogenes,MGV-GENOME-0370516,100.0,30,0,0,59020,59049,107826,2.92e-07,60.0,43.69261588114184,Caudovirales,High-quality,Bacteroidaceae,virulent,MGV
GCA_014196225.1@1_4,Bacteroides pyogenes,MGV-GENOME-0370332,100.0,30,0,0,24799,24770,109451,2.92e-07,60.0,44.28100245772081,Caudovirales,Complete,Bacteroidaceae,virulent,MGV
GCA_014196225.1@1_4,Bacteroides pyogenes,MGV-GENOME-0370325,100.0,30,0,0,65608,65637,106906,2.92e-07,60.0,44.479262155538514,Caudovirales,High-quality,Bacteroidaceae,virulent,MGV
GCA_014196225.1@1_4,Bacteroides pyogenes,MGV-GENOME-0370289,100.0,30,0,0,34088,34059,109302,2.92e-07,60.0,44.49415381237306,Caudovirales,Complete,Bacteroidaceae,virulent,MGV
GCA_014196225.1@1_4,Bacteroides pyogenes,MGV-GENOME-0370253,100.0,30,0,0,34104,34133,109143,2.92e-07,60.0,44.56538669452003,Caudovirales,Complete,Bacteroidaceae,virulent,MGV
GCA_014196225.1@1_4,Bacteroides pyogenes,MGV-GENOME-0369872,100.0,30,0,0,15657,15628,107754,2.92e-07,60.0,44.47816322363903,Caudovirales,High-quality,Bacteroidaceae,virulent,MGV
GCA_014196225.1@1_4,Bacteroides pyogenes,MGV-GENOME-0369846,100.0,30,0,0,56369,56340,107657,2.92e-07,60.0,44.50058983623917,Caudovirales,High-quality,Bacteroidaceae,virulent,MGV
GCA_014196225.1@1_4,Bacteroides pyogenes,MGV-GENOME-0369821,100.0,30,0,0,72317,72288,107575,2.92e-07,60.0,44.68324424819893,Caudovirales,High-quality,Bacteroidaceae,virulent,MGV
GCA_014196225.1@1_4,Bacteroides pyogenes,MGV-GENOME-0369533,100.0,30,0,0,35012,35041,106740,2.92e-07,60.0,44.402285928424206,Caudovirales,High-quality,Bacteroidaceae,virulent,MGV
GCA_014196225.1@1_4,Bacteroides pyogenes,MGV-GENOME-0369268,100.0,30,0,0,68421,68392,105924,2.92e-07,60.0,44.35916317359616,Caudovirales,High-quality,Bacteroidaceae,virulent,MGV
GCA_014196225.1@1_10,Bacteroides pyogenes,IMGVR_UViG_2524614554_000002|2524614554|2524661374,96.667,30,1,0,39526,39497,61466,7.11e-05,52.0,42.228223733446136,Caudoviricetes,Complete,Bacteroides pyogenes,virulent,IMG_VR
GCA_014196225.1@1_10,Bacteroides pyogenes,IMGVR_UViG_2576861690_000001|2576861690|2576910602,96.667,30,1,0,21871,21900,61292,7.11e-05,52.0,42.19963453631795,Caudoviricetes,High-quality,Bacteroides pyogenes,virulent,IMG_VR
GCA_014196225.1@1_10,Bacteroides pyogenes,TemPhD_cluster_56727,96.667,30,1,0,21941,21970,61371,7.11e-05,52.0,42.22678463769533,Caudovirales,High-quality,Bacteroides pyogenes,temperate,TEMPHD
GCA_014196225.1@1_12,Bacteroides pyogenes,MGV-GENOME-0368578,100.0,30,0,0,56088,56117,103873,2.92e-07,60.0,43.83429765194035,Caudovirales,High-quality,Bacteroidaceae,virulent,MGV
GCA_014196225.1@1_12,Bacteroides pyogenes,MGV-GENOME-0328882,100.0,30,0,0,54529,54500,58451,2.92e-07,60.0,43.47744264426614,Caudovirales,Medium-quality,Bacteroidaceae,virulent,MGV
GCA_014196225.1@1_12,Bacteroides pyogenes,uvig_418013,100.0,30,0,0,70087,70116,83942,2.92e-07,60.0,43.67301231802912,Caudovirales,Medium-quality,Bacteroides uniformis;Bacteroides B dorei;Bacteroides B massiliensis;Bacteroides B vulgatus;Odoribacter splanchnicus;Bacteroides intestinalis,virulent,GPD
GCA_014196225.1@1_12,Bacteroides pyogenes,MGV-GENOME-0348430,100.0,30,0,0,56091,56120,75306,2.92e-07,60.0,44.1983374498712,Caudovirales,Medium-quality,Bacteroidaceae,virulent,MGV
GCA_002529155.1@5_3,Porphyromonas gingivalis,IMGVR_UViG_2639763162_000001|2639763162|2639848518|21614-75019,100.0,30,0,0,26294,26265,53406,2.92e-07,60.0,49.39145414372917,Caudoviricetes,High-quality,Porphyromonas gulae,temperate,IMG_VR
GCA_002529155.1@5_3,Porphyromonas gingivalis,IMGVR_UViG_2855585092_000002|2855585092|2855585172|3283-47269,100.0,30,0,0,20922,20893,43987,2.92e-07,60.0,50.48764407665901,Caudoviricetes,High-quality,Porphyromonas gingivalis,temperate,IMG_VR
GCA_002529155.1@5_3,Porphyromonas gingivalis,IMGVR_UViG_2571042235_000001|2571042235|2571059602|13605-56115,100.0,30,0,0,19315,19286,42511,2.92e-07,60.0,50.859777469360864,Caudoviricetes,High-quality,Porphyromonas gingivalis,temperate,IMG_VR
GCA_002529155.1@5_3,Porphyromonas gingivalis,IMGVR_UViG_3300045988_183125|3300045988|Ga0495776_172817,100.0,30,0,0,20425,20396,43617,2.92e-07,60.0,50.37943920948255,Caudoviricetes,High-quality,Porphyromonas,temperate,IMG_VR
GCA_002529155.1@5_6,Porphyromonas gingivalis,TemPhD_cluster_59316,96.667,30,1,0,31058,31029,47858,7.11e-05,52.0,48.44122194826361,Caudovirales,High-quality,Porphyromonas gingivalis,temperate,TEMPHD
GCA_021406645.1@17_7,Porphyromonas gingivalis,IMGVR_UViG_2858652038_000001|2858652038|2858652105|9513-66683,100.0,30,0,0,51148,51177,57171,2.92e-07,60.0,51.34596211365903,Caudoviricetes,High-quality,Porphyromonas gingivalis,temperate,IMG_VR
GCA_021406645.1@17_7,Porphyromonas gingivalis,IMGVR_UViG_2531839003_000001|2531839003|2531840682|878-52163,100.0,30,0,0,45996,46025,51286,2.92e-07,60.0,52.12533634910111,Caudoviricetes,High-quality,Porphyromonas gingivalis,temperate,IMG_VR
GCA_021406645.1@17_2,Porphyromonas gingivalis,IMGVR_UViG_2531839003_000001|2531839003|2531840682|878-52163,100.0,30,0,0,36790,36761,51286,2.92e-07,60.0,52.12533634910111,Caudoviricetes,High-quality,Porphyromonas gingivalis,temperate,IMG_VR
GCA_021406645.1@17_5,Porphyromonas gingivalis,MGV-GENOME-0272237,96.667,30,1,0,26268,26297,35387,7.11e-05,52.0,48.2013168677763,Caudovirales,Medium-quality,Ruminiclostridium siraeum,temperate,MGV
GCA_021406645.1@17_8,Porphyromonas gingivalis,MGV-GENOME-0211214,100.0,30,0,0,27767,27738,29957,2.92e-07,60.0,49.77801515505558,Caudovirales,Medium-quality,Bacteroides ovatus,virulent,MGV
GCA_000252855.1@14_6,Riemerella anatipestifer,IMGVR_UViG_2834949002_000004|2834949002|2834949002|1763995-1802961,93.333,30,2,0,28448,28477,38967,0.017,44.1,34.22896296866579,Caudoviricetes,High-quality,Riemerella anatipestifer,temperate,IMG_VR
GCA_000252855.1@14_7,Riemerella anatipestifer,IMGVR_UViG_2834949002_000004|2834949002|2834949002|1763995-1802961,100.0,30,0,0,8243,8214,38967,2.92e-07,60.0,34.22896296866579,Caudoviricetes,High-quality,Riemerella anatipestifer,temperate,IMG_VR
GCA_021406655.1@15_1,Porphyromonas gingivalis,TemPhD_cluster_59316,100.0,30,0,0,12155,12126,47858,2.92e-07,60.0,48.44122194826361,Caudovirales,High-quality,Porphyromonas gingivalis,temperate,TEMPHD
GCA_014844315.1@14_8,Flavobacterium columnare,Station191_SUR_ALL_assembly_NODE_18_length_111890_cov_446.688988,96.552,29,1,0,79274,79302,111890,0.000281,50.1,33.848422557869334,Caudovirales,Medium-quality,Cellulophaga baltica,virulent,GOV2
GCA_014844315.1@14_8,Flavobacterium columnare,Station188_DCM_ALL_assembly_NODE_2728_length_22965_cov_7.986469,96.552,29,1,0,22930,22958,22965,0.000281,50.1,29.97605051164816,Caudovirales,Low-quality,Clostridioides difficile,virulent,GOV2
GCA_014844315.1@14_8,Flavobacterium columnare,Station194_SUR_ALL_assembly_NODE_5263_length_10389_cov_61.048771,96.552,29,1,0,9760,9788,10389,0.000281,50.1,34.30551544903263,Caudovirales,Low-quality,Bacteroides xylanisolvens,virulent,GOV2
GCA_014844315.1@14_10,Flavobacterium columnare,KM873719.2,100.0,30,0,0,44354,44383,47142,2.92e-07,60.0,30.198124814390564,Caudovirales,High-quality,Campylobacter coli,virulent,GENBANK
GCA_014844315.1@14_10,Flavobacterium columnare,NC_041845.1,100.0,30,0,0,45056,45085,46450,2.92e-07,60.0,29.82346609257266,Caudovirales,High-quality,Flavobacterium columnare,virulent,REFSEQ
GCA_014844315.1@14_9,Flavobacterium columnare,NC_041845.1,100.0,30,0,0,37336,37365,46450,2.92e-07,60.0,29.82346609257266,Caudovirales,High-quality,Flavobacterium columnare,virulent,REFSEQ
GCA_003838285.1@10_1,Prevotella intermedia,uvig_158386,100.0,30,0,0,14329,14300,23649,2.92e-07,60.0,30.46217599052813,Caudovirales,Medium-quality,Parabacteroides distasonis,virulent,GPD
GCA_000183155.1@14_6,Riemerella anatipestifer,IMGVR_UViG_2834949002_000004|2834949002|2834949002|1763995-1802961,93.333,30,2,0,28448,28477,38967,0.017,44.1,34.22896296866579,Caudoviricetes,High-quality,Riemerella anatipestifer,temperate,IMG_VR
GCA_000183155.1@14_7,Riemerella anatipestifer,IMGVR_UViG_2834949002_000004|2834949002|2834949002|1763995-1802961,100.0,30,0,0,8243,8214,38967,2.92e-07,60.0,34.22896296866579,Caudoviricetes,High-quality,Riemerella anatipestifer,temperate,IMG_VR
GCA_023822425.1@5_1,Porphyromonas gingivalis,IMGVR_UViG_2855585092_000002|2855585092|2855585172|3283-47269,100.0,30,0,0,7319,7290,43987,2.92e-07,60.0,50.48764407665901,Caudoviricetes,High-quality,Porphyromonas gingivalis,temperate,IMG_VR
GCA_023822425.1@5_1,Porphyromonas gingivalis,IMGVR_UViG_2846829876_000002|2846829876|2846829876|620851-664599,100.0,30,0,0,6093,6064,43749,2.92e-07,60.0,50.54515531783584,Caudoviricetes,High-quality,Porphyromonas gingivalis,temperate,IMG_VR
GCA_023822425.1@5_2,Porphyromonas gingivalis,IMGVR_UViG_2531839003_000001|2531839003|2531840682|878-52163,100.0,30,0,0,16847,16876,51286,2.92e-07,60.0,52.12533634910111,Caudoviricetes,High-quality,Porphyromonas gingivalis,temperate,IMG_VR
GCA_023822425.1@5_4,Porphyromonas gingivalis,IMGVR_UViG_2600255045_000002|2600255045|2600278965|1087-49872,96.552,29,1,0,9111,9083,48786,0.000281,50.1,49.91800926495306,Caudoviricetes,High-quality,Porphyromonas gingivalis,temperate,IMG_VR
GCA_023822425.1@5_4,Porphyromonas gingivalis,IMGVR_UViG_2846822444_000001|2846822444|2846822444|1411026-1458836,96.552,29,1,0,7577,7549,47811,0.000281,50.1,50.235301499654895,Caudoviricetes,High-quality,Porphyromonas gingivalis,temperate,IMG_VR
GCA_023822425.1@5_4,Porphyromonas gingivalis,IMGVR_UViG_2855585092_000002|2855585092|2855585172|3283-47269,96.552,29,1,0,40522,40550,43987,0.000281,50.1,50.48764407665901,Caudoviricetes,High-quality,Porphyromonas gingivalis,temperate,IMG_VR
GCA_023822425.1@5_4,Porphyromonas gingivalis,IMGVR_UViG_2846820306_000001|2846820306|2846820306|552118-592473,96.552,29,1,0,36806,36834,40356,0.000281,50.1,50.44850827634056,Caudoviricetes,High-quality,Porphyromonas gingivalis,temperate,IMG_VR
GCA_023822425.1@5_4,Porphyromonas gingivalis,IMGVR_UViG_2571042235_000001|2571042235|2571059602|13605-56115,96.552,29,1,0,39045,39073,42511,0.000281,50.1,50.859777469360864,Caudoviricetes,High-quality,Porphyromonas gingivalis,temperate,IMG_VR
GCA_023822425.1@5_4,Porphyromonas gingivalis,IMGVR_UViG_3300045988_183125|3300045988|Ga0495776_172817,96.552,29,1,0,39973,40001,43617,0.000281,50.1,50.37943920948255,Caudoviricetes,High-quality,Porphyromonas,temperate,IMG_VR
GCA_023822425.1@5_6,Porphyromonas gingivalis,MGV-GENOME-0211214,96.667,30,1,0,10489,10518,29957,7.11e-05,52.0,49.77801515505558,Caudovirales,Medium-quality,Bacteroides ovatus,virulent,MGV
GCA_002529205.1@16_4,Porphyromonas gingivalis,IMGVR_UViG_2600255045_000002|2600255045|2600278965|1087-49872,100.0,30,0,0,11577,11548,48786,2.92e-07,60.0,49.91800926495306,Caudoviricetes,High-quality,Porphyromonas gingivalis,temperate,IMG_VR
GCA_002529205.1@16_4,Porphyromonas gingivalis,IMGVR_UViG_2846822444_000001|2846822444|2846822444|1411026-1458836,100.0,30,0,0,10605,10576,47811,2.92e-07,60.0,50.235301499654895,Caudoviricetes,High-quality,Porphyromonas gingivalis,temperate,IMG_VR
GCA_009902355.1@1_5,Riemerella anatipestifer,uvig_556097,100.0,30,0,0,2680,2709,32624,2.92e-07,60.0,40.57442373712604,Caudovirales,High-quality,Ruminococcus E bromii;NA,temperate,GPD
GCA_009902355.1@1_5,Riemerella anatipestifer,MGV-GENOME-0239501,100.0,30,0,0,2251,2280,35153,2.92e-07,60.0,42.30079936278553,Caudovirales,High-quality,Ruminococcus_E,temperate,MGV
GCA_009902355.1@1_5,Riemerella anatipestifer,Moreno-Gallego_2019_ERR2868017_NODE_189_length_5498_cov_28.744259,100.0,30,0,0,1375,1346,5498,2.92e-07,60.0,50.30920334667152,,Not-determined,Neisseriaceae,virulent,GVD
GCA_009902355.1@1_5,Riemerella anatipestifer,MGV-GENOME-0256847,100.0,30,0,0,3125,3154,37904,2.92e-07,60.0,40.70282819755171,Caudovirales,High-quality,Ruminococcus_E,temperate,MGV
GCA_009902355.1@1_5,Riemerella anatipestifer,SRS018656_a1_ct1_vs1,100.0,30,0,0,32175,32146,33945,2.92e-07,60.0,40.577404625128885,Siphoviridae,High-quality,Ruminococcus,temperate,CHVD
GCA_009902355.1@1_5,Riemerella anatipestifer,SAMN05826588_a1_ct2896_vs1,100.0,30,0,0,2149,2178,25223,2.92e-07,60.0,39.98731316655434,Siphoviridae,Medium-quality,Ruminococcus,temperate,CHVD
GCA_009902355.1@1_5,Riemerella anatipestifer,MGV-GENOME-0255888,100.0,30,0,0,2823,2852,37738,2.92e-07,60.0,49.06195346865229,Caudovirales,High-quality,CAG-177,virulent,MGV
GCA_009902355.1@1_5,Riemerella anatipestifer,MGV-GENOME-0364871,100.0,30,0,0,1431,1460,97995,2.92e-07,60.0,44.005306393183325,Caudovirales,High-quality,CAG-177,virulent,MGV
GCA_009902355.1@1_5,Riemerella anatipestifer,MGV-GENOME-0295822,100.0,30,0,0,3029,3058,38753,2.92e-07,60.0,47.748561401697934,Caudovirales,High-quality,CAG-353,temperate,MGV
GCA_009902355.1@1_3,Riemerella anatipestifer,IMGVR_UViG_2834949002_000004|2834949002|2834949002|1763995-1802961,100.0,30,0,0,3731,3702,38967,2.92e-07,60.0,34.22896296866579,Caudoviricetes,High-quality,Riemerella anatipestifer,temperate,IMG_VR
GCA_009902355.1@1_6,Riemerella anatipestifer,IMGVR_UViG_2834949002_000004|2834949002|2834949002|1763995-1802961,96.667,30,1,0,35510,35481,38967,7.11e-05,52.0,34.22896296866579,Caudoviricetes,High-quality,Riemerella anatipestifer,temperate,IMG_VR
GCA_900157245.1@6_1,Porphyromonas gingivalis,MGV-GENOME-0211214,93.333,30,2,0,13603,13574,29957,0.017,44.1,49.77801515505558,Caudovirales,Medium-quality,Bacteroides ovatus,virulent,MGV
GCA_002794335.1@15_3,Prevotella intermedia,IMGVR_UViG_2874499349_000001|2874499349|2874499349|50467-102037,100.0,30,0,0,49117,49088,51571,2.92e-07,60.0,43.22778305636889,Caudoviricetes,High-quality,Prevotella intermedia,temperate,IMG_VR
GCA_002794335.1@15_3,Prevotella intermedia,IMGVR_UViG_3300045988_171143|3300045988|Ga0495776_185951,100.0,30,0,0,214,243,43634,2.92e-07,60.0,42.735023147087134,Caudoviricetes,High-quality,Prevotella,virulent,IMG_VR
GCA_002794335.1@15_6,Prevotella intermedia,IMGVR_UViG_2874499349_000001|2874499349|2874499349|50467-102037,100.0,30,0,0,13414,13443,51571,2.92e-07,60.0,43.22778305636889,Caudoviricetes,High-quality,Prevotella intermedia,temperate,IMG_VR
GCA_900186945.1@14_6,Riemerella anatipestifer,IMGVR_UViG_2834949002_000004|2834949002|2834949002|1763995-1802961,93.333,30,2,0,28448,28477,38967,0.017,44.1,34.22896296866579,Caudoviricetes,High-quality,Riemerella anatipestifer,temperate,IMG_VR
GCA_900186945.1@14_7,Riemerella anatipestifer,IMGVR_UViG_2834949002_000004|2834949002|2834949002|1763995-1802961,100.0,30,0,0,8243,8214,38967,2.92e-07,60.0,34.22896296866579,Caudoviricetes,High-quality,Riemerella anatipestifer,temperate,IMG_VR
GCA_001263815.1@4_5,Porphyromonas gingivalis,MGV-GENOME-0211214,96.667,30,1,0,13760,13789,29957,7.11e-05,52.0,49.77801515505558,Caudovirales,Medium-quality,Bacteroides ovatus,virulent,MGV
GCA_001263815.1@4_2,Porphyromonas gingivalis,Station125_SUR_ALL_assembly_NODE_972_length_19599_cov_4.985520,93.103,29,2,0,16324,16352,19599,0.069,42.1,30.55257921322517,Caudovirales,Low-quality,Clostridioides difficile,virulent,GOV2
GCA_001263815.1@4_3,Porphyromonas gingivalis,TemPhD_cluster_26955,90.0,30,3,0,11975,11946,48785,4.2,36.2,48.87362918929999,Caudovirales,High-quality,Porphyromonas gulae,temperate,TEMPHD
GCA_002529345.1@6_6,Porphyromonas gingivalis,IMGVR_UViG_2858652038_000001|2858652038|2858652105|9513-66683,96.667,30,1,0,43822,43793,57171,7.11e-05,52.0,51.34596211365903,Caudoviricetes,High-quality,Porphyromonas gingivalis,temperate,IMG_VR
GCA_009735555.1@13_3,Labilibaculum euxinus,Station180_SUR_ALL_assembly_NODE_544_length_106350_cov_6.526751,93.103,29,2,0,95132,95160,106350,0.069,42.1,33.919134931828864,Caudovirales,Low-quality,Salmonella enterica,virulent,GOV2
GCA_002763535.1@5_3,Prevotella intermedia,MGV-GENOME-0296411,96.667,30,1,0,12091,12120,45730,7.11e-05,52.0,42.47977257817625,Caudovirales,Complete,GCA-900066995,virulent,MGV
GCA_002763535.1@5_3,Prevotella intermedia,SAMEA2737885_b1_ct7,96.667,30,1,0,20779,20750,45675,7.11e-05,52.0,42.46743295019157,Caudovirales,High-quality,Prevotella,virulent,CHVD
GCA_002763535.1@5_4,Prevotella intermedia,IMGVR_UViG_3300008493_000282|3300008493|Ga0111009_1000024|65259-113148,100.0,30,0,0,6746,6717,47890,2.92e-07,60.0,42.601795782000416,Caudoviricetes,High-quality,Prevotella,temperate,IMG_VR
GCA_002763535.1@5_4,Prevotella intermedia,IMGVR_UViG_3300007300_000203|3300007300|Ga0104843_100010|102456-144260,100.0,30,0,0,6744,6715,41805,2.92e-07,60.0,43.1024997009927,Caudoviricetes,High-quality,Prevotella,temperate,IMG_VR
GCA_002763535.1@5_4,Prevotella intermedia,IMGVR_UViG_3300007297_000173|3300007297|Ga0104793_100023|65320-111091,100.0,30,0,0,6744,6715,45772,2.92e-07,60.0,43.07436860963034,Caudoviricetes,High-quality,Prevotella,temperate,IMG_VR
GCA_002763535.1@5_4,Prevotella intermedia,IMGVR_UViG_2825910664_000001|2825910664|2825910664|1344290-1394369,100.0,30,0,0,6560,6531,50080,2.92e-07,60.0,42.903354632587856,Caudoviricetes,High-quality,Prevotella intermedia,temperate,IMG_VR
GCA_002763535.1@5_4,Prevotella intermedia,IMGVR_UViG_2825903561_000001|2825903561|2825903561|306351-356912,100.0,30,0,0,9553,9524,50562,2.92e-07,60.0,42.911672797753255,Caudoviricetes,High-quality,Prevotella intermedia,temperate,IMG_VR
GCA_002763535.1@5_4,Prevotella intermedia,IMGVR_UViG_3300019477_000053|3300019477|Ga0197716_100017,100.0,30,0,0,21700,21671,58188,2.92e-07,60.0,40.52897504640132,Caudoviricetes,Complete,Prevotella,virulent,IMG_VR
GCA_002763535.1@5_4,Prevotella intermedia,IMGVR_UViG_2874499349_000001|2874499349|2874499349|50467-102037,100.0,30,0,0,43113,43142,51571,2.92e-07,60.0,43.22778305636889,Caudoviricetes,High-quality,Prevotella intermedia,temperate,IMG_VR
GCA_002763535.1@5_4,Prevotella intermedia,IMGVR_UViG_2825927844_000001|2825927844|2825927845|1857532-1908120,100.0,30,0,0,41037,41066,50589,2.92e-07,60.0,42.91842100061278,Caudoviricetes,High-quality,Prevotella intermedia,temperate,IMG_VR
GCA_002763535.1@5_4,Prevotella intermedia,IMGVR_UViG_7000000366_000092|7000000366|SRS065278_LANL_scaffold_66260,100.0,30,0,0,39553,39582,46720,2.92e-07,60.0,42.63698630136986,Caudoviricetes,High-quality,Prevotella,virulent,IMG_VR
GCA_002763535.1@5_6,Prevotella intermedia,MGV-GENOME-0327944,100.0,30,0,0,41327,41356,43218,2.92e-07,60.0,43.53278726456569,Caudovirales,High-quality,Bacteroides vulgatus,virulent,MGV
GCA_002763535.1@5_6,Prevotella intermedia,MGV-GENOME-0353118,100.0,30,0,0,2704,2675,34635,2.92e-07,60.0,43.56575718204129,Caudovirales,Medium-quality,Bacteroides fragilis,virulent,MGV
GCA_002763535.1@5_6,Prevotella intermedia,MGV-GENOME-0313076,100.0,30,0,0,33351,33380,36792,2.92e-07,60.0,42.59078060447924,Caudovirales,Medium-quality,Parabacteroides distasonis,virulent,MGV
GCA_002763535.1@5_6,Prevotella intermedia,IMGVR_UViG_3300008515_000301|3300008515|Ga0115189_1000030|50311-95502,100.0,30,0,0,9361,9332,45192,2.92e-07,60.0,43.11382545583289,Caudoviricetes,High-quality,Prevotella,temperate,IMG_VR
GCA_002763535.1@5_6,Prevotella intermedia,IMGVR_UViG_3300008362_000172|3300008362|Ga0115107_100069|27990-68342,100.0,30,0,0,38813,38842,40353,2.92e-07,60.0,43.45897454959978,Caudoviricetes,High-quality,Prevotella,temperate,IMG_VR
GCA_002763535.1@5_6,Prevotella intermedia,IMGVR_UViG_3300008636_000155|3300008636|Ga0111420_100085|61064-107867,100.0,30,0,0,9883,9854,46804,2.92e-07,60.0,43.23134774805572,Caudoviricetes,High-quality,Prevotella,temperate,IMG_VR
GCA_002763535.1@5_6,Prevotella intermedia,IMGVR_UViG_3300006251_000178|3300006251|Ga0099392_100037|31684-79470,100.0,30,0,0,37048,37077,47787,2.92e-07,60.0,42.81917676355494,Caudoviricetes,High-quality,Prevotella,temperate,IMG_VR
GCA_002763535.1@5_6,Prevotella intermedia,IMGVR_UViG_3300007300_000203|3300007300|Ga0104843_100010|102456-144260,100.0,30,0,0,10189,10160,41805,2.92e-07,60.0,43.1024997009927,Caudoviricetes,High-quality,Prevotella,temperate,IMG_VR
GCA_002763535.1@5_6,Prevotella intermedia,IMGVR_UViG_3300006459_000203|3300006459|Ga0100222_100062|31656-80797,100.0,30,0,0,37048,37077,49142,2.92e-07,60.0,42.54405600097676,Caudoviricetes,High-quality,Prevotella,temperate,IMG_VR
GCA_002763535.1@5_6,Prevotella intermedia,IMGVR_UViG_3300006260_000156|3300006260|Ga0099518_100046|52850-98363,100.0,30,0,0,36068,36097,45514,2.92e-07,60.0,43.14936063628774,Caudoviricetes,High-quality,Prevotella,temperate,IMG_VR
GCA_002763535.1@5_9,Prevotella intermedia,IMGVR_UViG_3300045988_058211|3300045988|Ga0495776_132035,100.0,30,0,0,72122,72151,91261,2.92e-07,60.0,32.627299722773145,Caudoviricetes,High-quality,Prevotella,virulent,IMG_VR
GCA_002763535.1@5_9,Prevotella intermedia,IMGVR_UViG_3300011980_000004|3300011980|Ga0119777_1000092,100.0,30,0,0,72086,72115,96437,2.92e-07,60.0,32.41494447152027,Caudoviricetes,High-quality,Prevotella,virulent,IMG_VR
GCA_002763535.1@5_9,Prevotella intermedia,MGV-GENOME-0361688,100.0,30,0,0,23154,23125,93786,2.92e-07,60.0,32.562429360458914,,High-quality,Prevotella copri,virulent,MGV
GCA_002763535.1@5_9,Prevotella intermedia,SRS098626_a1_ct21772,100.0,30,0,0,60641,60612,98664,2.92e-07,60.0,32.95021487067218,CrAss-like,High-quality,Prevotella,virulent,CHVD
GCA_002763535.1@5_11,Prevotella intermedia,SRS149690_a1_ct18923_vs1,96.667,30,1,0,16214,16185,20350,7.11e-05,52.0,36.72727272727273,Microviridae,Medium-quality,Prevotella,virulent,CHVD
GCA_900157225.1@2_3,Porphyromonas gingivalis,IMGVR_UViG_2531839003_000001|2531839003|2531840682|878-52163,100.0,29,0,0,32119,32091,51286,1.15e-06,58.0,52.12533634910111,Caudoviricetes,High-quality,Porphyromonas gingivalis,temperate,IMG_VR
GCA_002763745.1@12_10,Prevotella intermedia,IMGVR_UViG_3300045988_098293|3300045988|Ga0495776_015574,100.0,30,0,0,9396,9367,45420,2.92e-07,60.0,42.54953764861295,Caudoviricetes,Complete,Prevotella,virulent,IMG_VR
GCA_002763745.1@12_10,Prevotella intermedia,SAMEA2738138_b1_ct9,100.0,30,0,0,3194,3223,45365,2.92e-07,60.0,42.56144604871597,Siphoviridae,High-quality,Prevotella,virulent,CHVD
GCA_002763745.1@12_12,Prevotella intermedia,MGV-GENOME-0230253,100.0,30,0,0,17378,17349,33365,2.92e-07,60.0,47.3849842649483,Caudovirales,Medium-quality,Bacteroides oleiciplenus,virulent,MGV
GCA_002763745.1@12_12,Prevotella intermedia,IMGVR_UViG_3300006678_000010|3300006678|Ga0100058_100198,100.0,30,0,0,10012,10041,56619,2.92e-07,60.0,43.23283703350466,Caudoviricetes,Medium-quality,Prevotella,virulent,IMG_VR
GCA_002763745.1@12_12,Prevotella intermedia,SRS144512_a1_ct20284_vs01,100.0,30,0,0,10674,10645,28879,2.92e-07,60.0,47.65054191627134,Caudovirales,Low-quality,-,virulent,CHVD
GCA_002763745.1@12_12,Prevotella intermedia,SRS143354_a1_ct6378_vs01,100.0,30,0,0,18556,18527,34850,2.92e-07,60.0,46.6829268292683,Caudovirales,Medium-quality,Prevotella,virulent,CHVD
GCA_002763745.1@12_12,Prevotella intermedia,SRS104704_a1_ct16072_vs1,100.0,30,0,0,24274,24245,43380,2.92e-07,60.0,44.54817888427847,Myoviridae,Medium-quality,Prevotella,virulent,CHVD
GCA_002763745.1@12_12,Prevotella intermedia,SRS018513_a1_ct23062_vs1,100.0,30,0,0,9407,9378,14039,2.92e-07,60.0,49.76850203005912,Myoviridae,Low-quality,Prevotella,virulent,CHVD
GCA_002763745.1@12_12,Prevotella intermedia,SRS018479_a1_ct263_vs1,100.0,30,0,0,225,196,22788,2.92e-07,60.0,44.46638581709672,Podoviridae,Low-quality,Prevotella,virulent,CHVD
GCA_002763745.1@12_4,Prevotella intermedia,IMGVR_UViG_3300011982_000015|3300011982|Ga0119773_1002176,93.333,30,2,0,2862,2891,6265,0.017,44.1,36.72785315243416,Microviridae,Complete,Prevotella,virulent,IMG_VR
GCA_000271945.1@5_1,Porphyromonas gingivalis,IMGVR_UViG_2855585092_000002|2855585092|2855585172|3283-47269,100.0,30,0,0,7319,7290,43987,2.92e-07,60.0,50.48764407665901,Caudoviricetes,High-quality,Porphyromonas gingivalis,temperate,IMG_VR
GCA_000271945.1@5_1,Porphyromonas gingivalis,IMGVR_UViG_2846829876_000002|2846829876|2846829876|620851-664599,100.0,30,0,0,6093,6064,43749,2.92e-07,60.0,50.54515531783584,Caudoviricetes,High-quality,Porphyromonas gingivalis,temperate,IMG_VR
GCA_000271945.1@5_2,Porphyromonas gingivalis,IMGVR_UViG_2531839003_000001|2531839003|2531840682|878-52163,100.0,30,0,0,16847,16876,51286,2.92e-07,60.0,52.12533634910111,Caudoviricetes,High-quality,Porphyromonas gingivalis,temperate,IMG_VR
GCA_000271945.1@5_4,Porphyromonas gingivalis,IMGVR_UViG_2600255045_000002|2600255045|2600278965|1087-49872,96.552,29,1,0,9111,9083,48786,0.000281,50.1,49.91800926495306,Caudoviricetes,High-quality,Porphyromonas gingivalis,temperate,IMG_VR
GCA_000271945.1@5_4,Porphyromonas gingivalis,IMGVR_UViG_2846822444_000001|2846822444|2846822444|1411026-1458836,96.552,29,1,0,7577,7549,47811,0.000281,50.1,50.235301499654895,Caudoviricetes,High-quality,Porphyromonas gingivalis,temperate,IMG_VR
GCA_000271945.1@5_4,Porphyromonas gingivalis,IMGVR_UViG_2855585092_000002|2855585092|2855585172|3283-47269,96.552,29,1,0,40522,40550,43987,0.000281,50.1,50.48764407665901,Caudoviricetes,High-quality,Porphyromonas gingivalis,temperate,IMG_VR
GCA_000271945.1@5_4,Porphyromonas gingivalis,IMGVR_UViG_2846820306_000001|2846820306|2846820306|552118-592473,96.552,29,1,0,36806,36834,40356,0.000281,50.1,50.44850827634056,Caudoviricetes,High-quality,Porphyromonas gingivalis,temperate,IMG_VR
GCA_000271945.1@5_4,Porphyromonas gingivalis,IMGVR_UViG_2571042235_000001|2571042235|2571059602|13605-56115,96.552,29,1,0,39045,39073,42511,0.000281,50.1,50.859777469360864,Caudoviricetes,High-quality,Porphyromonas gingivalis,temperate,IMG_VR
GCA_000271945.1@5_4,Porphyromonas gingivalis,IMGVR_UViG_3300045988_183125|3300045988|Ga0495776_172817,96.552,29,1,0,39973,40001,43617,0.000281,50.1,50.37943920948255,Caudoviricetes,High-quality,Porphyromonas,temperate,IMG_VR
GCA_000271945.1@5_6,Porphyromonas gingivalis,MGV-GENOME-0211214,96.667,30,1,0,10489,10518,29957,7.11e-05,52.0,49.77801515505558,Caudovirales,Medium-quality,Bacteroides ovatus,virulent,MGV
GCA_000739415.1@20_5,Porphyromonas gingivalis,TemPhD_cluster_26955,100.0,30,0,0,14175,14146,48785,2.92e-07,60.0,48.87362918929999,Caudovirales,High-quality,Porphyromonas gulae,temperate,TEMPHD
GCA_021406625.1@5_1,Porphyromonas gingivalis,IMGVR_UViG_2858652038_000001|2858652038|2858652105|9513-66683,100.0,30,0,0,16349,16320,57171,2.92e-07,60.0,51.34596211365903,Caudoviricetes,High-quality,Porphyromonas gingivalis,temperate,IMG_VR
GCA_021406625.1@5_2,Porphyromonas gingivalis,MGV-GENOME-0211214,100.0,30,0,0,9713,9684,29957,2.92e-07,60.0,49.77801515505558,Caudovirales,Medium-quality,Bacteroides ovatus,virulent,MGV
GCA_021406625.1@5_6,Porphyromonas gingivalis,Station85_MES_COMBINED_FINAL_NODE_4420_length_12877_cov_36.515130,90.0,30,3,0,7214,7185,12877,4.2,36.2,54.65558748155627,Caudovirales,Low-quality,Pseudomonas syringae,temperate,GOV2
GCA_021406625.1@5_9,Porphyromonas gingivalis,MGV-GENOME-0211214,93.333,30,2,0,13574,13603,29957,0.017,44.1,49.77801515505558,Caudovirales,Medium-quality,Bacteroides ovatus,virulent,MGV
GCA_002892575.1@5_5,Porphyromonas gingivalis,TemPhD_cluster_26955,100.0,30,0,0,14146,14175,48785,2.92e-07,60.0,48.87362918929999,Caudovirales,High-quality,Porphyromonas gulae,temperate,TEMPHD
GCA_014844355.1@14_8,Flavobacterium columnare,Station191_SUR_ALL_assembly_NODE_18_length_111890_cov_446.688988,96.552,29,1,0,79274,79302,111890,0.000281,50.1,33.848422557869334,Caudovirales,Medium-quality,Cellulophaga baltica,virulent,GOV2
GCA_014844355.1@14_8,Flavobacterium columnare,Station188_DCM_ALL_assembly_NODE_2728_length_22965_cov_7.986469,96.552,29,1,0,22930,22958,22965,0.000281,50.1,29.97605051164816,Caudovirales,Low-quality,Clostridioides difficile,virulent,GOV2
GCA_014844355.1@14_8,Flavobacterium columnare,Station194_SUR_ALL_assembly_NODE_5263_length_10389_cov_61.048771,96.552,29,1,0,9760,9788,10389,0.000281,50.1,34.30551544903263,Caudovirales,Low-quality,Bacteroides xylanisolvens,virulent,GOV2
GCA_014844355.1@14_10,Flavobacterium columnare,KM873719.2,100.0,30,0,0,44354,44383,47142,2.92e-07,60.0,30.198124814390564,Caudovirales,High-quality,Campylobacter coli,virulent,GENBANK
GCA_014844355.1@14_10,Flavobacterium columnare,NC_041845.1,100.0,30,0,0,45056,45085,46450,2.92e-07,60.0,29.82346609257266,Caudovirales,High-quality,Flavobacterium columnare,virulent,REFSEQ
GCA_014844355.1@14_9,Flavobacterium columnare,NC_041845.1,100.0,30,0,0,37336,37365,46450,2.92e-07,60.0,29.82346609257266,Caudovirales,High-quality,Flavobacterium columnare,virulent,REFSEQ
GCA_900157215.1@5_2,Porphyromonas gingivalis,MGV-GENOME-0211214,100.0,30,0,0,29315,29286,29957,2.92e-07,60.0,49.77801515505558,Caudovirales,Medium-quality,Bacteroides ovatus,virulent,MGV
GCA_900157215.1@5_8,Porphyromonas gingivalis,TemPhD_cluster_26955,100.0,30,0,0,14175,14146,48785,2.92e-07,60.0,48.87362918929999,Caudovirales,High-quality,Porphyromonas gulae,temperate,TEMPHD
GCA_003614945.1@5_5,Bergeyella cardium,IMGVR_UViG_3300006742_000002|3300006742|Ga0101805_100027,90.0,30,3,0,10396,10367,68689,4.2,36.2,32.85242178514755,Caudoviricetes,High-quality,Bergeyella A,virulent,IMG_VR
GCA_003863375.2@13_3,Labilibaculum euxinus,Station180_SUR_ALL_assembly_NODE_544_length_106350_cov_6.526751,93.103,29,2,0,95132,95160,106350,0.069,42.1,33.919134931828864,Caudovirales,Low-quality,Salmonella enterica,virulent,GOV2
GCA_009800945.1@11_6,Riemerella anatipestifer,IMGVR_UViG_2834949002_000004|2834949002|2834949002|1763995-1802961,93.333,30,2,0,28448,28477,38967,0.017,44.1,34.22896296866579,Caudoviricetes,High-quality,Riemerella anatipestifer,temperate,IMG_VR
GCA_009800945.1@11_7,Riemerella anatipestifer,IMGVR_UViG_2834949002_000004|2834949002|2834949002|1763995-1802961,100.0,30,0,0,8243,8214,38967,2.92e-07,60.0,34.22896296866579,Caudoviricetes,High-quality,Riemerella anatipestifer,temperate,IMG_VR
GCA_003861325.1@10_1,Prevotella intermedia,uvig_158386,100.0,30,0,0,14329,14300,23649,2.92e-07,60.0,30.46217599052813,Caudovirales,Medium-quality,Parabacteroides distasonis,virulent,GPD
GCA_002530675.1@5_2,Flavobacterium columnare,IMGVR_UViG_3300020045_012053|3300020045|Ga0206662_1000191,90.0,30,3,0,6089,6118,49567,4.2,36.2,34.59963282022313,Caudoviricetes,High-quality,Flavobacteriaceae,virulent,IMG_VR
GCA_028335105.1@15_4,Porphyromonas gingivalis,IMGVR_UViG_2600255045_000002|2600255045|2600278965|1087-49872,96.552,29,1,0,9083,9111,48786,0.000281,50.1,49.91800926495306,Caudoviricetes,High-quality,Porphyromonas gingivalis,temperate,IMG_VR
GCA_028335105.1@15_4,Porphyromonas gingivalis,IMGVR_UViG_2846822444_000001|2846822444|2846822444|1411026-1458836,96.552,29,1,0,7549,7577,47811,0.000281,50.1,50.235301499654895,Caudoviricetes,High-quality,Porphyromonas gingivalis,temperate,IMG_VR
GCA_028335105.1@15_4,Porphyromonas gingivalis,IMGVR_UViG_2855585092_000002|2855585092|2855585172|3283-47269,96.552,29,1,0,40550,40522,43987,0.000281,50.1,50.48764407665901,Caudoviricetes,High-quality,Porphyromonas gingivalis,temperate,IMG_VR
GCA_028335105.1@15_4,Porphyromonas gingivalis,IMGVR_UViG_2846820306_000001|2846820306|2846820306|552118-592473,96.552,29,1,0,36834,36806,40356,0.000281,50.1,50.44850827634056,Caudoviricetes,High-quality,Porphyromonas gingivalis,temperate,IMG_VR
GCA_028335105.1@15_4,Porphyromonas gingivalis,IMGVR_UViG_2571042235_000001|2571042235|2571059602|13605-56115,96.552,29,1,0,39073,39045,42511,0.000281,50.1,50.859777469360864,Caudoviricetes,High-quality,Porphyromonas gingivalis,temperate,IMG_VR
GCA_028335105.1@15_4,Porphyromonas gingivalis,IMGVR_UViG_3300045988_183125|3300045988|Ga0495776_172817,96.552,29,1,0,40001,39973,43617,0.000281,50.1,50.37943920948255,Caudoviricetes,High-quality,Porphyromonas,temperate,IMG_VR
GCA_028335105.1@15_6,Porphyromonas gingivalis,IMGVR_UViG_2531839003_000001|2531839003|2531840682|878-52163,100.0,30,0,0,16876,16847,51286,2.92e-07,60.0,52.12533634910111,Caudoviricetes,High-quality,Porphyromonas gingivalis,temperate,IMG_VR
GCA_028335105.1@15_7,Porphyromonas gingivalis,IMGVR_UViG_2855585092_000002|2855585092|2855585172|3283-47269,100.0,30,0,0,7290,7319,43987,2.92e-07,60.0,50.48764407665901,Caudoviricetes,High-quality,Porphyromonas gingivalis,temperate,IMG_VR
GCA_028335105.1@15_7,Porphyromonas gingivalis,IMGVR_UViG_2846829876_000002|2846829876|2846829876|620851-664599,100.0,30,0,0,6064,6093,43749,2.92e-07,60.0,50.54515531783584,Caudoviricetes,High-quality,Porphyromonas gingivalis,temperate,IMG_VR
GCA_028335105.1@15_2,Porphyromonas gingivalis,MGV-GENOME-0211214,96.667,30,1,0,10518,10489,29957,7.11e-05,52.0,49.77801515505558,Caudovirales,Medium-quality,Bacteroides ovatus,virulent,MGV
GCA_900446855.1@6_3,Chryseobacterium jejuense,IMGVR_UViG_2859292163_000001|2859292163|2859292163|4814795-4857697,96.667,30,1,0,16031,16060,42903,7.11e-05,52.0,34.57800153835396,Caudoviricetes,High-quality,Chryseobacterium aureum,temperate,IMG_VR
GCA_900446855.1@6_5,Chryseobacterium jejuense,IMGVR_UViG_2859292163_000001|2859292163|2859292163|4814795-4857697,100.0,30,0,0,18730,18759,42903,2.92e-07,60.0,34.57800153835396,Caudoviricetes,High-quality,Chryseobacterium aureum,temperate,IMG_VR
GCA_900446855.1@6_5,Chryseobacterium jejuense,TemPhD_cluster_32810,100.0,30,0,0,14764,14793,40088,2.92e-07,60.0,33.85551786070645,Caudovirales,High-quality,Chryseobacterium indologenes,temperate,TEMPHD
GCA_900446855.1@6_5,Chryseobacterium jejuense,IMGVR_UViG_2585428184_000002|2585428184|2585515366|189357-237759,100.0,30,0,0,27938,27909,48403,2.92e-07,60.0,33.19009152325269,Caudoviricetes,High-quality,Chryseobacterium rhizoplanae,temperate,IMG_VR
GCA_900446855.1@6_5,Chryseobacterium jejuense,IMGVR_UViG_2903172618_000001|2903172618|2903172625|19445-66896,100.0,30,0,0,31774,31745,47452,2.92e-07,60.0,34.21352103177948,Caudoviricetes,High-quality,Chryseobacterium sp006829085,temperate,IMG_VR
GCA_900446855.1@6_11,Chryseobacterium jejuense,IMGVR_UViG_2681813505_000001|2681813505|2681918585|675256-714161,96.667,30,1,0,37830,37859,38906,7.11e-05,52.0,33.15169896674035,Caudoviricetes,High-quality,Chryseobacterium joostei,temperate,IMG_VR
GCA_900446855.1@6_11,Chryseobacterium jejuense,IMGVR_UViG_2684623028_000001|2684623028|2684692253,96.667,30,1,0,17472,17443,39915,7.11e-05,52.0,34.13253162971314,Caudoviricetes,High-quality,Chryseobacterium oranimense,virulent,IMG_VR
GCA_900446855.1@6_11,Chryseobacterium jejuense,TemPhD_cluster_41486,96.667,30,1,0,39271,39300,42463,7.11e-05,52.0,32.63076089772272,Caudovirales,High-quality,Chryseobacterium joostei,temperate,TEMPHD
GCA_900446855.1@6_8,Chryseobacterium jejuense,IMGVR_UViG_2816332188_000001|2816332188|2816336741|251950-302245,96.667,30,0,1,10283,10311,50296,0.017,44.1,34.448067440750755,Caudoviricetes,High-quality,Chryseobacterium aquifrigidense,temperate,IMG_VR
GCA_028377305.1@11_4,Prolixibacteraceae bacterium,uvig_591222,90.0,30,3,0,2612,2641,19738,4.2,36.2,34.50197588408147,Caudovirales,Low-quality,Blautia obeum,virulent,GPD
GCA_028377305.1@11_4,Prolixibacteraceae bacterium,SAMN09781776_a1_ct92702_vs1,90.0,30,3,0,17126,17097,19737,4.2,36.2,34.49865734407458,Siphoviridae,Low-quality,Bacillus,virulent,CHVD
GCA_021406845.1@6_4,Porphyromonas gingivalis,IMGVR_UViG_2858652038_000001|2858652038|2858652105|9513-66683,96.667,30,1,0,54248,54277,57171,7.11e-05,52.0,51.34596211365903,Caudoviricetes,High-quality,Porphyromonas gingivalis,temperate,IMG_VR
GCA_000287635.1@14_1,Prevotella sp.,SAMEA2737953_b1_ct1,100.0,30,0,0,7676,7705,54313,2.92e-07,60.0,40.377073628781325,Siphoviridae,High-quality,Prevotella,virulent,CHVD
GCA_000287635.1@14_7,Prevotella sp.,OTU_841,100.0,29,0,0,56066,56094,56445,1.15e-06,58.0,46.98024625741873,Bertilviridae,Medium-quality,Prevotella,virulent,IGVD
GCA_000287635.1@14_7,Prevotella sp.,uvig_397423,100.0,29,0,0,11961,11933,27086,1.15e-06,58.0,49.43144059661818,Caudovirales,Low-quality,Prevotella stercorea,virulent,GPD
GCA_000287635.1@14_7,Prevotella sp.,Ma_2019_SRR413567_NODE_1806_length_11898_cov_2.813730,100.0,29,0,0,412,384,11898,1.15e-06,58.0,46.1253992267608,Caudovirales,Low-quality,Bacteroidaceae,virulent,GVD
GCA_000287635.1@14_8,Prevotella sp.,OTU_841,100.0,30,0,0,50906,50877,56445,2.92e-07,60.0,46.98024625741873,Bertilviridae,Medium-quality,Prevotella,virulent,IGVD
GCA_000287635.1@14_8,Prevotella sp.,OTU_6103,100.0,30,0,0,14950,14921,18590,2.92e-07,60.0,53.37816030123722,Zeniaviridae,Low-quality,Prevotella,temperate,IGVD
GCA_000287635.1@14_8,Prevotella sp.,OTU_4838,100.0,30,0,0,20321,20292,23961,2.92e-07,60.0,50.911898501731976,Zeniaviridae,Medium-quality,Prevotella,temperate,IGVD
GCA_000287635.1@14_9,Prevotella sp.,uvig_533811,100.0,30,0,0,3632,3661,26283,2.92e-07,60.0,39.29536202107826,Caudovirales,High-quality,Parabacteroides distasonis,virulent,GPD
GCA_000287635.1@14_9,Prevotella sp.,MGV-GENOME-0128210,100.0,30,0,0,12359,12330,15941,2.92e-07,60.0,39.71519979925977,Caudovirales,Medium-quality,Prevotella,virulent,MGV
GCA_000287635.1@14_9,Prevotella sp.,IMGVR_UViG_3300039340_000067|3300039340|Ga0169801_00281|22292-53535,100.0,30,0,0,26174,26145,31244,2.92e-07,60.0,39.23633337600819,Caudoviricetes,High-quality,Prevotella,temperate,IMG_VR
GCA_000287635.1@14_9,Prevotella sp.,SAMEA2580213_a1_ct11143_vs1,100.0,30,0,0,5082,5111,32550,2.92e-07,60.0,39.61904761904762,Myoviridae,High-quality,Prevotella,temperate,CHVD
GCA_000287635.1@14_11,Prevotella sp.,IMGVR_UViG_3300008281_000192|3300008281|Ga0113996_1000107|16268-70347,96.667,30,1,0,50733,50704,54080,7.11e-05,52.0,40.821005917159766,Caudoviricetes,High-quality,Prevotella,temperate,IMG_VR
GCA_000287635.1@14_11,Prevotella sp.,SRS018443_a1_ct39747_vs1,96.667,30,1,0,2157,2186,54372,7.11e-05,52.0,40.59442360038255,Siphoviridae,High-quality,Prevotella,virulent,CHVD
GCA_002529125.1@14_2,Porphyromonas gingivalis,IMGVR_UViG_2571042235_000001|2571042235|2571059602|13605-56115,100.0,30,0,0,1480,1451,42511,2.92e-07,60.0,50.859777469360864,Caudoviricetes,High-quality,Porphyromonas gingivalis,temperate,IMG_VR
GCA_002529125.1@14_2,Porphyromonas gingivalis,IMGVR_UViG_2858652038_000001|2858652038|2858652105|9513-66683,100.0,30,0,0,55192,55221,57171,2.92e-07,60.0,51.34596211365903,Caudoviricetes,High-quality,Porphyromonas gingivalis,temperate,IMG_VR
GCA_002529125.1@14_9,Porphyromonas gingivalis,IMGVR_UViG_2858652038_000001|2858652038|2858652105|9513-66683,96.667,30,1,0,25336,25365,57171,7.11e-05,52.0,51.34596211365903,Caudoviricetes,High-quality,Porphyromonas gingivalis,temperate,IMG_VR
GCA_002529125.1@14_9,Porphyromonas gingivalis,IMGVR_UViG_2531839003_000001|2531839003|2531840682|878-52163,96.667,30,1,0,20880,20909,51286,7.11e-05,52.0,52.12533634910111,Caudoviricetes,High-quality,Porphyromonas gingivalis,temperate,IMG_VR
GCA_002529125.1@14_12,Porphyromonas gingivalis,IMGVR_UViG_2639763162_000001|2639763162|2639848518|21614-75019,100.0,29,0,0,37366,37338,53406,1.15e-06,58.0,49.39145414372917,Caudoviricetes,High-quality,Porphyromonas gulae,temperate,IMG_VR
GCA_002529125.1@14_12,Porphyromonas gingivalis,IMGVR_UViG_2855585092_000002|2855585092|2855585172|3283-47269,100.0,29,0,0,32173,32145,43987,1.15e-06,58.0,50.48764407665901,Caudoviricetes,High-quality,Porphyromonas gingivalis,temperate,IMG_VR
GCA_002529125.1@14_12,Porphyromonas gingivalis,IMGVR_UViG_2846829876_000002|2846829876|2846829876|620851-664599,100.0,29,0,0,31069,31041,43749,1.15e-06,58.0,50.54515531783584,Caudoviricetes,High-quality,Porphyromonas gingivalis,temperate,IMG_VR
GCA_002529125.1@14_12,Porphyromonas gingivalis,IMGVR_UViG_2846822444_000001|2846822444|2846822444|1411026-1458836,100.0,29,0,0,16490,16518,47811,1.15e-06,58.0,50.235301499654895,Caudoviricetes,High-quality,Porphyromonas gingivalis,temperate,IMG_VR
GCA_002529125.1@14_12,Porphyromonas gingivalis,IMGVR_UViG_2571042235_000001|2571042235|2571059602|13605-56115,100.0,29,0,0,30582,30554,42511,1.15e-06,58.0,50.859777469360864,Caudoviricetes,High-quality,Porphyromonas gingivalis,temperate,IMG_VR
GCA_002529125.1@14_1,Porphyromonas gingivalis,IMGVR_UViG_2531839003_000001|2531839003|2531840682|878-52163,100.0,30,0,0,18326,18297,51286,2.92e-07,60.0,52.12533634910111,Caudoviricetes,High-quality,Porphyromonas gingivalis,temperate,IMG_VR
GCA_001670725.1@13_13,Riemerella anatipestifer,IMGVR_UViG_2734482772_000010|2734482772|2734684211|1-34584,100.0,30,0,0,26478,26449,34584,2.92e-07,60.0,54.72183668748555,Caudoviricetes,High-quality,Escherichia coli,temperate,IMG_VR
GCA_001670725.1@13_13,Riemerella anatipestifer,uvig_193258,100.0,30,0,0,4694,4723,31377,2.92e-07,60.0,55.53749561780922,Caudovirales,Medium-quality,Escherichia coli,temperate,GPD
GCA_001670725.1@13_7,Riemerella anatipestifer,IMGVR_UViG_2834949002_000004|2834949002|2834949002|1763995-1802961,93.333,30,2,0,28448,28477,38967,0.017,44.1,34.22896296866579,Caudoviricetes,High-quality,Riemerella anatipestifer,temperate,IMG_VR
GCA_001670725.1@13_8,Riemerella anatipestifer,IMGVR_UViG_2834949002_000004|2834949002|2834949002|1763995-1802961,100.0,30,0,0,8243,8214,38967,2.92e-07,60.0,34.22896296866579,Caudoviricetes,High-quality,Riemerella anatipestifer,temperate,IMG_VR
GCA_023822465.1@5_5,Porphyromonas gingivalis,MGV-GENOME-0211214,96.667,30,1,0,13760,13789,29957,7.11e-05,52.0,49.77801515505558,Caudovirales,Medium-quality,Bacteroides ovatus,virulent,MGV
GCA_023822465.1@5_2,Porphyromonas gingivalis,Station125_SUR_ALL_assembly_NODE_972_length_19599_cov_4.985520,93.103,29,2,0,16324,16352,19599,0.069,42.1,30.55257921322517,Caudovirales,Low-quality,Clostridioides difficile,virulent,GOV2
GCA_023822465.1@5_3,Porphyromonas gingivalis,TemPhD_cluster_26955,90.0,30,3,0,11975,11946,48785,4.2,36.2,48.87362918929999,Caudovirales,High-quality,Porphyromonas gulae,temperate,TEMPHD
GCA_015291805.1@4_6,Riemerella anatipestifer,IMGVR_UViG_2834949002_000004|2834949002|2834949002|1763995-1802961,93.333,30,2,0,28448,28477,38967,0.017,44.1,34.22896296866579,Caudoviricetes,High-quality,Riemerella anatipestifer,temperate,IMG_VR
GCA_015291805.1@4_7,Riemerella anatipestifer,IMGVR_UViG_2834949002_000004|2834949002|2834949002|1763995-1802961,100.0,30,0,0,8243,8214,38967,2.92e-07,60.0,34.22896296866579,Caudoviricetes,High-quality,Riemerella anatipestifer,temperate,IMG_VR
GCA_000378065.1@5_3,Porphyromonas gulae,IMGVR_UViG_2531839003_000001|2531839003|2531840682|878-52163,93.333,30,2,0,50369,50340,51286,0.017,44.1,52.12533634910111,Caudoviricetes,High-quality,Porphyromonas gingivalis,temperate,IMG_VR
GCA_000378065.1@5_5,Porphyromonas gulae,MGV-GENOME-0272237,96.552,29,1,0,195,223,35387,0.000281,50.1,48.2013168677763,Caudovirales,Medium-quality,Ruminiclostridium siraeum,temperate,MGV
GCA_009663485.1@1_1,Riemerella anatipestifer,Station72_DCM_ALL_assembly_NODE_31_length_76956_cov_5.497874,93.103,29,2,0,37257,37285,76956,0.069,42.1,38.25302770414263,Caudovirales,Medium-quality,Acinetobacter calcoaceticus,virulent,GOV2
GCA_009663485.1@1_1,Riemerella anatipestifer,Station100_DCM_ALL_assembly_NODE_89_length_60434_cov_6.364464,93.103,29,2,0,21371,21399,60434,0.069,42.1,38.32114372704107,Caudovirales,Medium-quality,Moraxella catarrhalis,virulent,GOV2
GCA_009663485.1@1_2,Riemerella anatipestifer,IMGVR_UViG_2834954086_000001|2834954086|2834954086|2092303-2140653,96.667,30,1,0,48032,48003,48351,7.11e-05,52.0,34.932059316249926,Caudoviricetes,High-quality,Riemerella anatipestifer,temperate,IMG_VR
GCA_009663485.1@1_2,Riemerella anatipestifer,IMGVR_UViG_2721755539_000001|2721755539|2721800994|2089749-2136803,96.667,30,1,0,46470,46441,47055,7.11e-05,52.0,35.10360216767612,Caudoviricetes,High-quality,Riemerella anatipestifer,temperate,IMG_VR
GCA_009663485.1@1_2,Riemerella anatipestifer,IMGVR_UViG_651053063_000001|651053063|651053060|157280-206407,96.667,30,1,0,586,615,49128,7.11e-05,52.0,34.912880638332524,Caudoviricetes,High-quality,Riemerella anatipestifer,temperate,IMG_VR
GCA_009663485.1@1_2,Riemerella anatipestifer,IMGVR_UViG_2724679207_000002|2724679207|2724717569|47187-96235,96.667,30,1,0,586,615,49049,7.11e-05,52.0,34.80193276111643,Caudoviricetes,High-quality,Riemerella anatipestifer,temperate,IMG_VR
GCA_009663485.1@1_2,Riemerella anatipestifer,IMGVR_UViG_2834334511_000001|2834334511|2834334554|4915-53707,96.667,30,1,0,48208,48179,48793,7.11e-05,52.0,35.03371385239686,Caudoviricetes,High-quality,Riemerella anatipestifer,temperate,IMG_VR
GCA_009663485.1@1_2,Riemerella anatipestifer,IMGVR_UViG_2627854212_000002|2627854212|2627925495|2119183-2168380,96.667,30,1,0,48613,48584,49198,7.11e-05,52.0,34.966868571893166,Caudoviricetes,High-quality,Riemerella anatipestifer,temperate,IMG_VR
GCA_009663485.1@1_2,Riemerella anatipestifer,IMGVR_UViG_649633092_000001|649633092|649633065|2090737-2139086,96.667,30,1,0,48031,48002,48350,7.11e-05,52.0,34.932781799379526,Caudoviricetes,High-quality,Riemerella anatipestifer,temperate,IMG_VR
GCA_009663485.1@1_2,Riemerella anatipestifer,IMGVR_UViG_2531839590_000001|2531839590|2531917019|70498-119313,96.667,30,1,0,48231,48202,48816,7.11e-05,52.0,35.095050803015404,Caudoviricetes,High-quality,Riemerella anatipestifer,temperate,IMG_VR
GCA_009663485.1@1_2,Riemerella anatipestifer,NC_019490.1,96.667,30,1,0,44628,44599,49329,7.11e-05,52.0,34.74021366741673,Caudovirales,High-quality,Riemerella anatipestifer,virulent,REFSEQ
GCA_009663485.1@1_4,Riemerella anatipestifer,IMGVR_UViG_2518645536_000001|2518645536|2518679801|1354423-1396578,100.0,30,0,0,4306,4277,42156,2.92e-07,60.0,33.456684694942595,Caudoviricetes,High-quality,Riemerella anatipestifer,temperate,IMG_VR
GCA_009663485.1@1_5,Riemerella anatipestifer,IMGVR_UViG_2834949002_000002|2834949002|2834949002|359312-408814,96.667,30,1,0,3624,3595,49503,7.11e-05,52.0,34.71708785326142,Caudoviricetes,High-quality,Riemerella anatipestifer,temperate,IMG_VR
GCA_001670875.1@4_5,Riemerella anatipestifer,IMGVR_UViG_2834949002_000004|2834949002|2834949002|1763995-1802961,100.0,30,0,0,8214,8243,38967,2.92e-07,60.0,34.22896296866579,Caudoviricetes,High-quality,Riemerella anatipestifer,temperate,IMG_VR
GCA_001670875.1@4_6,Riemerella anatipestifer,IMGVR_UViG_2834949002_000004|2834949002|2834949002|1763995-1802961,93.333,30,2,0,28477,28448,38967,0.017,44.1,34.22896296866579,Caudoviricetes,High-quality,Riemerella anatipestifer,temperate,IMG_VR
GCA_025629665.1@16_6,Riemerella anatipestifer,IMGVR_UViG_2834949002_000004|2834949002|2834949002|1763995-1802961,100.0,30,0,0,12192,12163,38967,2.92e-07,60.0,34.22896296866579,Caudoviricetes,High-quality,Riemerella anatipestifer,temperate,IMG_VR
GCA_025629665.1@16_11,Riemerella anatipestifer,IMGVR_UViG_2834949002_000004|2834949002|2834949002|1763995-1802961,100.0,30,0,0,33,4,38967,2.92e-07,60.0,34.22896296866579,Caudoviricetes,High-quality,Riemerella anatipestifer,temperate,IMG_VR
GCA_023822425.1@15_1,Porphyromonas gingivalis,MGV-GENOME-0211214,96.667,30,1,0,13789,13760,29957,7.11e-05,52.0,49.77801515505558,Caudovirales,Medium-quality,Bacteroides ovatus,virulent,MGV
GCA_023822425.1@15_3,Porphyromonas gingivalis,TemPhD_cluster_26955,90.0,30,3,0,11946,11975,48785,4.2,36.2,48.87362918929999,Caudovirales,High-quality,Porphyromonas gulae,temperate,TEMPHD
GCA_023822425.1@15_5,Porphyromonas gingivalis,TemPhD_cluster_26955,90.0,30,3,0,11946,11975,48785,4.2,36.2,48.87362918929999,Caudovirales,High-quality,Porphyromonas gulae,temperate,TEMPHD
GCA_023822425.1@15_6,Porphyromonas gingivalis,Station125_SUR_ALL_assembly_NODE_972_length_19599_cov_4.985520,93.103,29,2,0,16352,16324,19599,0.069,42.1,30.55257921322517,Caudovirales,Low-quality,Clostridioides difficile,virulent,GOV2
GCA_002896355.1@13_6,Riemerella anatipestifer,IMGVR_UViG_2834949002_000004|2834949002|2834949002|1763995-1802961,93.333,30,2,0,28448,28477,38967,0.017,44.1,34.22896296866579,Caudoviricetes,High-quality,Riemerella anatipestifer,temperate,IMG_VR
GCA_002896355.1@13_7,Riemerella anatipestifer,IMGVR_UViG_2834949002_000004|2834949002|2834949002|1763995-1802961,100.0,30,0,0,8243,8214,38967,2.92e-07,60.0,34.22896296866579,Caudoviricetes,High-quality,Riemerella anatipestifer,temperate,IMG_VR
GCA_025947105.1@19_3,Flavobacterium sp.,IMGVR_UViG_3300025655_000056|3300025655|Ga0208795_1000049,100.0,30,0,0,28746,28775,49140,2.92e-07,60.0,29.947089947089943,Caudoviricetes,High-quality,Flavobacteriaceae,virulent,IMG_VR
GCA_025947105.1@19_3,Flavobacterium sp.,IMGVR_UViG_3300022200_000069|3300022200|Ga0196901_1000052,100.0,30,0,0,28726,28755,49094,2.92e-07,60.0,29.932374628264142,Caudoviricetes,High-quality,Flavobacteriaceae,virulent,IMG_VR
GCA_016863695.1@20_18,Capnocytophaga stomatis,IMGVR_UViG_3300014815_000257|3300014815|Ga0119815_1000232|3-44993,90.0,30,3,0,13284,13313,44991,4.2,36.2,45.34684714720722,Caudoviricetes,High-quality,Capnocytophaga,temperate,IMG_VR
GCA_003862255.1@15_4,Porphyromonas gingivalis,IMGVR_UViG_2858652038_000001|2858652038|2858652105|9513-66683,100.0,30,0,0,56049,56078,57171,2.92e-07,60.0,51.34596211365903,Caudoviricetes,High-quality,Porphyromonas gingivalis,temperate,IMG_VR
GCA_003862255.1@15_7,Porphyromonas gingivalis,IMGVR_UViG_2531839003_000001|2531839003|2531840682|878-52163,100.0,30,0,0,34178,34149,51286,2.92e-07,60.0,52.12533634910111,Caudoviricetes,High-quality,Porphyromonas gingivalis,temperate,IMG_VR
GCA_000768835.1@7_4,Porphyromonas gulae,MGV-GENOME-0361084,93.333,30,2,0,12192,12221,92708,0.017,44.1,27.713897398282786,,Complete,Bacteroides salyersiae,virulent,MGV
GCA_000768835.1@7_7,Porphyromonas gulae,TemPhD_cluster_59316,100.0,30,0,0,8786,8815,47858,2.92e-07,60.0,48.44122194826361,Caudovirales,High-quality,Porphyromonas gingivalis,temperate,TEMPHD
GCA_000768835.1@7_17,Porphyromonas gulae,IMGVR_UViG_2531839003_000001|2531839003|2531840682|878-52163,96.552,29,1,0,7372,7344,51286,0.000281,50.1,52.12533634910111,Caudoviricetes,High-quality,Porphyromonas gingivalis,temperate,IMG_VR
GCA_000768835.1@7_19,Porphyromonas gulae,IMGVR_UViG_2531839003_000001|2531839003|2531840682|878-52163,100.0,30,0,0,48231,48202,51286,2.92e-07,60.0,52.12533634910111,Caudoviricetes,High-quality,Porphyromonas gingivalis,temperate,IMG_VR
GCA_028993465.1@6_1,Porphyromonas gingivalis,IMGVR_UViG_2858652038_000001|2858652038|2858652105|9513-66683,93.333,30,2,0,10554,10525,57171,0.017,44.1,51.34596211365903,Caudoviricetes,High-quality,Porphyromonas gingivalis,temperate,IMG_VR
GCA_028993465.1@6_2,Porphyromonas gingivalis,MGV-GENOME-0211214,100.0,30,0,0,11622,11593,29957,2.92e-07,60.0,49.77801515505558,Caudovirales,Medium-quality,Bacteroides ovatus,virulent,MGV
GCA_028993465.1@6_2,Porphyromonas gingivalis,MGV-GENOME-0272237,100.0,30,0,0,1315,1286,35387,2.92e-07,60.0,48.2013168677763,Caudovirales,Medium-quality,Ruminiclostridium siraeum,temperate,MGV
GCA_001263815.1@15_4,Porphyromonas gingivalis,IMGVR_UViG_2600255045_000002|2600255045|2600278965|1087-49872,96.552,29,1,0,9083,9111,48786,0.000281,50.1,49.91800926495306,Caudoviricetes,High-quality,Porphyromonas gingivalis,temperate,IMG_VR
GCA_001263815.1@15_4,Porphyromonas gingivalis,IMGVR_UViG_2846822444_000001|2846822444|2846822444|1411026-1458836,96.552,29,1,0,7549,7577,47811,0.000281,50.1,50.235301499654895,Caudoviricetes,High-quality,Porphyromonas gingivalis,temperate,IMG_VR
GCA_001263815.1@15_4,Porphyromonas gingivalis,IMGVR_UViG_2855585092_000002|2855585092|2855585172|3283-47269,96.552,29,1,0,40550,40522,43987,0.000281,50.1,50.48764407665901,Caudoviricetes,High-quality,Porphyromonas gingivalis,temperate,IMG_VR
GCA_001263815.1@15_4,Porphyromonas gingivalis,IMGVR_UViG_2846820306_000001|2846820306|2846820306|552118-592473,96.552,29,1,0,36834,36806,40356,0.000281,50.1,50.44850827634056,Caudoviricetes,High-quality,Porphyromonas gingivalis,temperate,IMG_VR
GCA_001263815.1@15_4,Porphyromonas gingivalis,IMGVR_UViG_2571042235_000001|2571042235|2571059602|13605-56115,96.552,29,1,0,39073,39045,42511,0.000281,50.1,50.859777469360864,Caudoviricetes,High-quality,Porphyromonas gingivalis,temperate,IMG_VR
GCA_001263815.1@15_4,Porphyromonas gingivalis,IMGVR_UViG_3300045988_183125|3300045988|Ga0495776_172817,96.552,29,1,0,40001,39973,43617,0.000281,50.1,50.37943920948255,Caudoviricetes,High-quality,Porphyromonas,temperate,IMG_VR
GCA_001263815.1@15_6,Porphyromonas gingivalis,IMGVR_UViG_2531839003_000001|2531839003|2531840682|878-52163,100.0,30,0,0,16876,16847,51286,2.92e-07,60.0,52.12533634910111,Caudoviricetes,High-quality,Porphyromonas gingivalis,temperate,IMG_VR
GCA_001263815.1@15_7,Porphyromonas gingivalis,IMGVR_UViG_2855585092_000002|2855585092|2855585172|3283-47269,100.0,30,0,0,7290,7319,43987,2.92e-07,60.0,50.48764407665901,Caudoviricetes,High-quality,Porphyromonas gingivalis,temperate,IMG_VR
GCA_001263815.1@15_7,Porphyromonas gingivalis,IMGVR_UViG_2846829876_000002|2846829876|2846829876|620851-664599,100.0,30,0,0,6064,6093,43749,2.92e-07,60.0,50.54515531783584,Caudoviricetes,High-quality,Porphyromonas gingivalis,temperate,IMG_VR
GCA_001263815.1@15_2,Porphyromonas gingivalis,MGV-GENOME-0211214,96.667,30,1,0,10518,10489,29957,7.11e-05,52.0,49.77801515505558,Caudovirales,Medium-quality,Bacteroides ovatus,virulent,MGV
GCA_001670615.1@3_7,Riemerella anatipestifer,IMGVR_UViG_2834949002_000004|2834949002|2834949002|1763995-1802961,93.333,30,2,0,28448,28477,38967,0.017,44.1,34.22896296866579,Caudoviricetes,High-quality,Riemerella anatipestifer,temperate,IMG_VR
GCA_001670615.1@3_8,Riemerella anatipestifer,IMGVR_UViG_2834949002_000004|2834949002|2834949002|1763995-1802961,100.0,30,0,0,8243,8214,38967,2.92e-07,60.0,34.22896296866579,Caudoviricetes,High-quality,Riemerella anatipestifer,temperate,IMG_VR
GCA_000769475.1@5_2,Porphyromonas gulae,IMGVR_UViG_2531839003_000001|2531839003|2531840682|878-52163,100.0,30,0,0,48202,48231,51286,2.92e-07,60.0,52.12533634910111,Caudoviricetes,High-quality,Porphyromonas gingivalis,temperate,IMG_VR
GCA_000769475.1@5_10,Porphyromonas gulae,TemPhD_cluster_59316,100.0,30,0,0,8815,8786,47858,2.92e-07,60.0,48.44122194826361,Caudovirales,High-quality,Porphyromonas gingivalis,temperate,TEMPHD
GCA_000769475.1@5_13,Porphyromonas gulae,MGV-GENOME-0361084,93.333,30,2,0,12221,12192,92708,0.017,44.1,27.713897398282786,,Complete,Bacteroides salyersiae,virulent,MGV
GCA_001953955.1@16_2,Prevotella intermedia,MGV-GENOME-0230253,100.0,30,0,0,30216,30245,33365,2.92e-07,60.0,47.3849842649483,Caudovirales,Medium-quality,Bacteroides oleiciplenus,virulent,MGV
GCA_001953955.1@16_2,Prevotella intermedia,IMGVR_UViG_3300045988_176257|3300045988|Ga0495776_028221,100.0,30,0,0,46250,46279,49142,2.92e-07,60.0,42.3283545643238,Caudoviricetes,High-quality,Prevotella,virulent,IMG_VR
GCA_001953955.1@16_2,Prevotella intermedia,uvig_99536,100.0,30,0,0,2018,1989,33323,2.92e-07,60.0,46.66146505416679,Caudovirales,Medium-quality,Prevotella stercorea,virulent,GPD
GCA_001953955.1@16_2,Prevotella intermedia,SRS147178_a1_ct16633_vs1,100.0,30,0,0,7658,7687,13300,2.92e-07,60.0,43.85714285714285,Siphoviridae,Low-quality,Prevotella,virulent,CHVD
GCA_001953955.1@16_2,Prevotella intermedia,SRS147094_a1_ct19299_vs01,100.0,30,0,0,31050,31079,41389,2.92e-07,60.0,44.27263282514678,Caudovirales,Medium-quality,Prevotella,virulent,CHVD
GCA_001953955.1@16_2,Prevotella intermedia,SRS105100_a1_ct73602_vs01,100.0,30,0,0,30801,30830,33058,2.92e-07,60.0,47.365236856434144,Caudovirales,Medium-quality,Prevotella,virulent,CHVD
GCA_001953955.1@16_2,Prevotella intermedia,SRS104915_a1_ct8085_vs01,100.0,30,0,0,4649,4620,39746,2.92e-07,60.0,43.33517838273034,Caudovirales,Medium-quality,Prevotella,virulent,CHVD
GCA_001953955.1@16_2,Prevotella intermedia,SRS104830_a1_ct32814_vs1,100.0,30,0,0,54069,54098,60148,2.92e-07,60.0,38.16086985435925,Siphoviridae,Medium-quality,Prevotella,virulent,CHVD
GCA_001953955.1@16_2,Prevotella intermedia,SRS104704_a1_ct16072_vs1,100.0,30,0,0,37605,37634,43380,2.92e-07,60.0,44.54817888427847,Myoviridae,Medium-quality,Prevotella,virulent,CHVD
GCA_001953955.1@16_2,Prevotella intermedia,SRS050669_a1_ct26560_vs1,100.0,30,0,0,30395,30424,37500,2.92e-07,60.0,45.29866666666666,Siphoviridae,Medium-quality,Prevotella,virulent,CHVD
GCA_001953955.1@16_6,Prevotella intermedia,SRS149720_a1_ct5229,100.0,29,0,0,72237,72209,78562,1.15e-06,58.0,29.42389450370408,Myoviridae,High-quality,Bacteroides,virulent,CHVD
GCA_000765945.1@32_2,Porphyromonas gulae,IMGVR_UViG_2846822444_000001|2846822444|2846822444|1411026-1458836,100.0,30,0,0,30278,30249,47811,2.92e-07,60.0,50.235301499654895,Caudoviricetes,High-quality,Porphyromonas gingivalis,temperate,IMG_VR
GCA_000765945.1@32_2,Porphyromonas gulae,IMGVR_UViG_2841427693_000001|2841427693|2841427693|1483722-1524627,100.0,30,0,0,17505,17534,40906,2.92e-07,60.0,49.07593018139148,Caudoviricetes,High-quality,Porphyromonas gingivalis,temperate,IMG_VR
GCA_000765945.1@32_1,Porphyromonas gulae,Ma_2019_SRR413708_NODE_634_length_34665_cov_13.908610,93.333,30,2,0,30690,30719,34665,0.017,44.1,39.54997836434444,Caudovirales,Not-determined,Bacteroides xylanisolvens,virulent,GVD
GCA_001594285.1@13_1,Prevotella intermedia,MGV-GENOME-0296411,100.0,30,0,0,20080,20109,45730,2.92e-07,60.0,42.47977257817625,Caudovirales,Complete,GCA-900066995,virulent,MGV
GCA_001594285.1@13_1,Prevotella intermedia,MGV-GENOME-0267287,100.0,30,0,0,6066,6095,39759,2.92e-07,60.0,42.44573555672929,Caudovirales,Medium-quality,GCA-900066995,virulent,MGV
GCA_001594285.1@13_1,Prevotella intermedia,SAMEA2737885_b1_ct7,100.0,30,0,0,12790,12761,45675,2.92e-07,60.0,42.46743295019157,Caudovirales,High-quality,Prevotella,virulent,CHVD
GCA_001594285.1@13_2,Prevotella intermedia,MGV-GENOME-0229650,96.667,30,1,0,25030,25059,33249,7.11e-05,52.0,47.39992180215946,Caudovirales,Medium-quality,Bacteroides uniformis,virulent,MGV
GCA_001594285.1@13_2,Prevotella intermedia,uvig_99536,96.667,30,1,0,24784,24813,33323,7.11e-05,52.0,46.66146505416679,Caudovirales,Medium-quality,Prevotella stercorea,virulent,GPD
GCA_001594285.1@13_2,Prevotella intermedia,SRS050669_a1_ct26560_vs1,96.667,30,1,0,7145,7116,37500,7.11e-05,52.0,45.29866666666666,Siphoviridae,Medium-quality,Prevotella,virulent,CHVD
GCA_001594285.1@13_2,Prevotella intermedia,uvig_97191,96.667,30,1,0,8414,8385,33630,7.11e-05,52.0,47.219744275944095,Caudovirales,Medium-quality,Bacteroides uniformis,virulent,GPD
GCA_001594285.1@13_3,Prevotella intermedia,IMGVR_UViG_3300008515_000301|3300008515|Ga0115189_1000030|50311-95502,100.0,30,0,0,1058,1087,45192,2.92e-07,60.0,43.11382545583289,Caudoviricetes,High-quality,Prevotella,temperate,IMG_VR
GCA_001594285.1@13_3,Prevotella intermedia,IMGVR_UViG_3300008636_000155|3300008636|Ga0111420_100085|61064-107867,100.0,30,0,0,1055,1084,46804,2.92e-07,60.0,43.23134774805572,Caudoviricetes,High-quality,Prevotella,temperate,IMG_VR
GCA_001594285.1@13_3,Prevotella intermedia,IMGVR_UViG_3300006251_000178|3300006251|Ga0099392_100037|31684-79470,100.0,30,0,0,45439,45410,47787,2.92e-07,60.0,42.81917676355494,Caudoviricetes,High-quality,Prevotella,temperate,IMG_VR
GCA_001594285.1@13_3,Prevotella intermedia,IMGVR_UViG_3300007300_000203|3300007300|Ga0104843_100010|102456-144260,100.0,30,0,0,1056,1085,41805,2.92e-07,60.0,43.1024997009927,Caudoviricetes,High-quality,Prevotella,temperate,IMG_VR
GCA_001594285.1@13_3,Prevotella intermedia,IMGVR_UViG_3300007297_000173|3300007297|Ga0104793_100023|65320-111091,100.0,30,0,0,1056,1085,45772,2.92e-07,60.0,43.07436860963034,Caudoviricetes,High-quality,Prevotella,temperate,IMG_VR
GCA_001594285.1@13_3,Prevotella intermedia,IMGVR_UViG_3300006459_000203|3300006459|Ga0100222_100062|31656-80797,100.0,30,0,0,45440,45411,49142,2.92e-07,60.0,42.54405600097676,Caudoviricetes,High-quality,Prevotella,temperate,IMG_VR
GCA_001594285.1@13_3,Prevotella intermedia,IMGVR_UViG_3300006260_000156|3300006260|Ga0099518_100046|52850-98363,100.0,30,0,0,44460,44431,45514,2.92e-07,60.0,43.14936063628774,Caudoviricetes,High-quality,Prevotella,temperate,IMG_VR
GCA_001594285.1@13_3,Prevotella intermedia,IMGVR_UViG_2874499349_000001|2874499349|2874499349|50467-102037,100.0,30,0,0,48802,48773,51571,2.92e-07,60.0,43.22778305636889,Caudoviricetes,High-quality,Prevotella intermedia,temperate,IMG_VR
GCA_001594285.1@13_3,Prevotella intermedia,IMGVR_UViG_3300045988_180185|3300045988|Ga0495776_158472,100.0,30,0,0,43483,43454,44537,2.92e-07,60.0,43.0428632373083,Caudoviricetes,High-quality,Prevotella,virulent,IMG_VR
GCA_001594285.1@13_4,Prevotella intermedia,MGV-GENOME-0327944,100.0,30,0,0,9066,9095,43218,2.92e-07,60.0,43.53278726456569,Caudovirales,High-quality,Bacteroides vulgatus,virulent,MGV
GCA_001594285.1@13_5,Prevotella intermedia,MGV-GENOME-0353118,100.0,30,0,0,12206,12177,34635,2.92e-07,60.0,43.56575718204129,Caudovirales,Medium-quality,Bacteroides fragilis,virulent,MGV
GCA_001594285.1@13_5,Prevotella intermedia,MGV-GENOME-0313076,100.0,30,0,0,25063,25092,36792,2.92e-07,60.0,42.59078060447924,Caudovirales,Medium-quality,Parabacteroides distasonis,virulent,MGV
GCA_001594285.1@13_5,Prevotella intermedia,MGV-GENOME-0276554,100.0,30,0,0,39425,39454,41539,2.92e-07,60.0,41.90279014901659,Caudovirales,High-quality,Coprobacillus,virulent,MGV
GCA_001594285.1@13_5,Prevotella intermedia,IMGVR_UViG_3300008362_000172|3300008362|Ga0115107_100069|27990-68342,100.0,30,0,0,30633,30662,40353,2.92e-07,60.0,43.45897454959978,Caudoviricetes,High-quality,Prevotella,temperate,IMG_VR
GCA_001594285.1@13_5,Prevotella intermedia,IMGVR_UViG_3300006251_000178|3300006251|Ga0099392_100037|31684-79470,100.0,30,0,0,28925,28954,47787,2.92e-07,60.0,42.81917676355494,Caudoviricetes,High-quality,Prevotella,temperate,IMG_VR
GCA_001594285.1@13_5,Prevotella intermedia,IMGVR_UViG_3300007300_000203|3300007300|Ga0104843_100010|102456-144260,100.0,30,0,0,19792,19763,41805,2.92e-07,60.0,43.1024997009927,Caudoviricetes,High-quality,Prevotella,temperate,IMG_VR
GCA_001594285.1@13_5,Prevotella intermedia,IMGVR_UViG_3300007297_000173|3300007297|Ga0104793_100023|65320-111091,100.0,30,0,0,18355,18326,45772,2.92e-07,60.0,43.07436860963034,Caudoviricetes,High-quality,Prevotella,temperate,IMG_VR
GCA_001594285.1@13_5,Prevotella intermedia,IMGVR_UViG_3300006459_000203|3300006459|Ga0100222_100062|31656-80797,100.0,30,0,0,28925,28954,49142,2.92e-07,60.0,42.54405600097676,Caudoviricetes,High-quality,Prevotella,temperate,IMG_VR
GCA_001594285.1@13_5,Prevotella intermedia,IMGVR_UViG_3300006260_000156|3300006260|Ga0099518_100046|52850-98363,100.0,30,0,0,27741,27770,45514,2.92e-07,60.0,43.14936063628774,Caudoviricetes,High-quality,Prevotella,temperate,IMG_VR
GCA_001594285.1@13_10,Prevotella intermedia,MGV-GENOME-0353118,93.333,30,2,0,21624,21653,34635,0.017,44.1,43.56575718204129,Caudovirales,Medium-quality,Bacteroides fragilis,virulent,MGV
GCA_001594285.1@13_10,Prevotella intermedia,MGV-GENOME-0339428,93.333,30,2,0,28220,28249,44457,0.017,44.1,45.20547945205479,Caudovirales,High-quality,Prevotella,virulent,MGV
GCA_001594285.1@13_10,Prevotella intermedia,IMGVR_UViG_3300008493_000282|3300008493|Ga0111009_1000024|65259-113148,93.333,30,2,0,29494,29523,47890,0.017,44.1,42.601795782000416,Caudoviricetes,High-quality,Prevotella,temperate,IMG_VR
GCA_001594285.1@13_10,Prevotella intermedia,IMGVR_UViG_3300007297_000173|3300007297|Ga0104793_100023|65320-111091,93.333,30,2,0,27976,28005,45772,0.017,44.1,43.07436860963034,Caudoviricetes,High-quality,Prevotella,temperate,IMG_VR
GCA_001594285.1@13_10,Prevotella intermedia,IMGVR_UViG_648276713_000007|648276713|648280884|29266-72956,93.333,30,2,0,25563,25592,43691,0.017,44.1,45.0550456615779,Caudoviricetes,High-quality,Prevotella amnii,temperate,IMG_VR
GCA_001594285.1@13_10,Prevotella intermedia,SRS056896_a1_ct18368_vs1,93.333,30,2,0,3026,3055,16472,0.017,44.1,41.65857212238951,Siphoviridae,Low-quality,Prevotella,virulent,CHVD
GCA_001594285.1@13_10,Prevotella intermedia,MGV-GENOME-0341122,93.333,30,2,0,17736,17707,24917,0.017,44.1,44.11847333146045,Caudovirales,Medium-quality,Prevotella,virulent,MGV
GCA_001594285.1@13_10,Prevotella intermedia,IMGVR_UViG_3300008362_000172|3300008362|Ga0115107_100069|27990-68342,93.333,30,2,0,17207,17178,40353,0.017,44.1,43.45897454959978,Caudoviricetes,High-quality,Prevotella,temperate,IMG_VR
GCA_001594285.1@13_11,Prevotella intermedia,IMGVR_UViG_3300045988_098293|3300045988|Ga0495776_015574,100.0,30,0,0,470,499,45420,2.92e-07,60.0,42.54953764861295,Caudoviricetes,Complete,Prevotella,virulent,IMG_VR
GCA_001594285.1@13_11,Prevotella intermedia,SAMEA2738138_b1_ct9,100.0,30,0,0,12120,12091,45365,2.92e-07,60.0,42.56144604871597,Siphoviridae,High-quality,Prevotella,virulent,CHVD
GCA_001594285.1@13_15,Prevotella intermedia,MGV-GENOME-0327944,100.0,30,0,0,38163,38192,43218,2.92e-07,60.0,43.53278726456569,Caudovirales,High-quality,Bacteroides vulgatus,virulent,MGV
GCA_001594285.1@13_15,Prevotella intermedia,MGV-GENOME-0313076,100.0,30,0,0,30190,30219,36792,2.92e-07,60.0,42.59078060447924,Caudovirales,Medium-quality,Parabacteroides distasonis,virulent,MGV
GCA_001594285.1@13_15,Prevotella intermedia,IMGVR_UViG_3300008515_000301|3300008515|Ga0115189_1000030|50311-95502,100.0,30,0,0,12519,12490,45192,2.92e-07,60.0,43.11382545583289,Caudoviricetes,High-quality,Prevotella,temperate,IMG_VR
GCA_001594285.1@13_15,Prevotella intermedia,IMGVR_UViG_3300008362_000172|3300008362|Ga0115107_100069|27990-68342,100.0,30,0,0,35652,35681,40353,2.92e-07,60.0,43.45897454959978,Caudoviricetes,High-quality,Prevotella,temperate,IMG_VR
GCA_001594285.1@13_15,Prevotella intermedia,IMGVR_UViG_3300008636_000155|3300008636|Ga0111420_100085|61064-107867,100.0,30,0,0,13044,13015,46804,2.92e-07,60.0,43.23134774805572,Caudoviricetes,High-quality,Prevotella,temperate,IMG_VR
GCA_001594285.1@13_15,Prevotella intermedia,IMGVR_UViG_3300008493_000282|3300008493|Ga0111009_1000024|65259-113148,100.0,30,0,0,13079,13050,47890,2.92e-07,60.0,42.601795782000416,Caudoviricetes,High-quality,Prevotella,temperate,IMG_VR
GCA_001594285.1@13_15,Prevotella intermedia,IMGVR_UViG_3300007300_000203|3300007300|Ga0104843_100010|102456-144260,100.0,30,0,0,13350,13321,41805,2.92e-07,60.0,43.1024997009927,Caudoviricetes,High-quality,Prevotella,temperate,IMG_VR
GCA_001594285.1@13_15,Prevotella intermedia,IMGVR_UViG_3300007297_000173|3300007297|Ga0104793_100023|65320-111091,100.0,30,0,0,13340,13311,45772,2.92e-07,60.0,43.07436860963034,Caudoviricetes,High-quality,Prevotella,temperate,IMG_VR
GCA_001594285.1@13_15,Prevotella intermedia,IMGVR_UViG_3300006260_000156|3300006260|Ga0099518_100046|52850-98363,100.0,30,0,0,32906,32935,45514,2.92e-07,60.0,43.14936063628774,Caudoviricetes,High-quality,Prevotella,temperate,IMG_VR
GCA_001594285.1@13_17,Prevotella intermedia,MGV-GENOME-0295439,100.0,29,0,0,5813,5841,39343,1.15e-06,58.0,42.37348448262715,Caudovirales,Medium-quality,Prevotella,virulent,MGV
GCA_001594285.1@13_19,Prevotella intermedia,MGV-GENOME-0296411,100.0,30,0,0,25259,25230,45730,2.92e-07,60.0,42.47977257817625,Caudovirales,Complete,GCA-900066995,virulent,MGV
GCA_001594285.1@13_19,Prevotella intermedia,SAMEA2737885_b1_ct7,100.0,30,0,0,7611,7640,45675,2.92e-07,60.0,42.46743295019157,Caudovirales,High-quality,Prevotella,virulent,CHVD
GCA_001594285.1@13_19,Prevotella intermedia,MGV-GENOME-0267287,100.0,30,0,0,11245,11216,39759,2.92e-07,60.0,42.44573555672929,Caudovirales,Medium-quality,GCA-900066995,virulent,MGV
GCA_001594285.1@13_23,Prevotella intermedia,TemPhD_cluster_57620,100.0,30,0,0,3664,3635,55192,2.92e-07,60.0,41.63103348311349,Caudovirales,Medium-quality,Prevotella intermedia,temperate,TEMPHD
GCA_001594285.1@13_23,Prevotella intermedia,IMGVR_UViG_2876634834_000005|2876634834|2876634836|16788-78134,100.0,30,0,0,4317,4288,61347,2.92e-07,60.0,42.73721616378959,Caudoviricetes,High-quality,Prevotella intermedia,temperate,IMG_VR
GCA_001594285.1@13_23,Prevotella intermedia,IMGVR_UViG_2903635032_000001|2903635032|2903635065,100.0,30,0,0,54711,54740,56266,2.92e-07,60.0,42.519461131056055,Caudoviricetes,High-quality,Prevotella intermedia,virulent,IMG_VR
GCA_001594285.1@13_18,Prevotella intermedia,IMGVR_UViG_2744054584_000002|2744054584|2744068624|33528-89556,90.0,30,3,0,36224,36253,56029,4.2,36.2,42.13175319923611,Caudoviricetes,High-quality,Domibacillus aminovorans,temperate,IMG_VR
GCA_001670805.1@14_5,Riemerella anatipestifer,IMGVR_UViG_2834949002_000004|2834949002|2834949002|1763995-1802961,100.0,30,0,0,8214,8243,38967,2.92e-07,60.0,34.22896296866579,Caudoviricetes,High-quality,Riemerella anatipestifer,temperate,IMG_VR
GCA_001670805.1@14_6,Riemerella anatipestifer,IMGVR_UViG_2834949002_000004|2834949002|2834949002|1763995-1802961,93.333,30,2,0,28477,28448,38967,0.017,44.1,34.22896296866579,Caudoviricetes,High-quality,Riemerella anatipestifer,temperate,IMG_VR
GCA_019802785.1@14_6,Riemerella anatipestifer,IMGVR_UViG_2834949002_000004|2834949002|2834949002|1763995-1802961,93.333,30,2,0,28448,28477,38967,0.017,44.1,34.22896296866579,Caudoviricetes,High-quality,Riemerella anatipestifer,temperate,IMG_VR
GCA_001553795.1@11_5,Porphyromonas gingivalis,SAMN11031433_a1_ct16848_vs1,96.667,30,1,0,6387,6358,23975,7.11e-05,52.0,39.71637122002086,Myoviridae,Low-quality,Campylobacter,temperate,CHVD
GCA_000503975.1@21_4,Porphyromonas gingivalis,IMGVR_UViG_2858652038_000001|2858652038|2858652105|9513-66683,100.0,30,0,0,56253,56282,57171,2.92e-07,60.0,51.34596211365903,Caudoviricetes,High-quality,Porphyromonas gingivalis,temperate,IMG_VR
GCA_002797185.1@13_1,Prevotella intermedia,IMGVR_UViG_3300008636_000155|3300008636|Ga0111420_100085|61064-107867,100.0,30,0,0,30949,30920,46804,2.92e-07,60.0,43.23134774805572,Caudoviricetes,High-quality,Prevotella,temperate,IMG_VR
GCA_002797185.1@13_1,Prevotella intermedia,IMGVR_UViG_7000000292_000156|7000000292|SRS023958_Baylor_scaffold_17989|68-47854,100.0,30,0,0,31928,31899,47787,2.92e-07,60.0,42.81917676355494,Caudoviricetes,High-quality,Prevotella,temperate,IMG_VR
GCA_002797185.1@13_1,Prevotella intermedia,IMGVR_UViG_3300045988_171143|3300045988|Ga0495776_185951,100.0,30,0,0,32373,32344,43634,2.92e-07,60.0,42.735023147087134,Caudoviricetes,High-quality,Prevotella,virulent,IMG_VR
GCA_002797185.1@13_1,Prevotella intermedia,SRS056896_a1_ct18368_vs1,100.0,30,0,0,5910,5881,16472,2.92e-07,60.0,41.65857212238951,Siphoviridae,Low-quality,Prevotella,virulent,CHVD
GCA_002797185.1@13_1,Prevotella intermedia,MGV-GENOME-0313076,100.0,30,0,0,9756,9785,36792,2.92e-07,60.0,42.59078060447924,Caudovirales,Medium-quality,Parabacteroides distasonis,virulent,MGV
GCA_002797185.1@13_1,Prevotella intermedia,MGV-GENOME-0276554,100.0,30,0,0,26699,26728,41539,2.92e-07,60.0,41.90279014901659,Caudovirales,High-quality,Coprobacillus,virulent,MGV
GCA_002797185.1@13_1,Prevotella intermedia,IMGVR_UViG_3300006459_000203|3300006459|Ga0100222_100062|31656-80797,100.0,30,0,0,15860,15889,49142,2.92e-07,60.0,42.54405600097676,Caudoviricetes,High-quality,Prevotella,temperate,IMG_VR
GCA_002797185.1@13_1,Prevotella intermedia,SRS051791_a1_ct13217_vs01,100.0,30,0,0,17815,17844,50350,2.92e-07,60.0,42.69116186693148,Siphoviridae,High-quality,Prevotella,virulent,CHVD
GCA_002797185.1@13_2,Prevotella intermedia,MGV-GENOME-0327944,100.0,30,0,0,29020,29049,43218,2.92e-07,60.0,43.53278726456569,Caudovirales,High-quality,Bacteroides vulgatus,virulent,MGV
GCA_002797185.1@13_2,Prevotella intermedia,IMGVR_UViG_3300045988_176257|3300045988|Ga0495776_028221,100.0,30,0,0,21360,21331,49142,2.92e-07,60.0,42.3283545643238,Caudoviricetes,High-quality,Prevotella,virulent,IMG_VR
GCA_002797185.1@13_3,Prevotella intermedia,MGV-GENOME-0296411,100.0,30,0,0,12077,12048,45730,2.92e-07,60.0,42.47977257817625,Caudovirales,Complete,GCA-900066995,virulent,MGV
GCA_002797185.1@13_3,Prevotella intermedia,SAMEA2737885_b1_ct7,100.0,30,0,0,20793,20822,45675,2.92e-07,60.0,42.46743295019157,Caudovirales,High-quality,Prevotella,virulent,CHVD
GCA_002797185.1@13_4,Prevotella intermedia,MGV-GENOME-0296411,96.667,30,1,0,35544,35573,45730,7.11e-05,52.0,42.47977257817625,Caudovirales,Complete,GCA-900066995,virulent,MGV
GCA_002797185.1@13_4,Prevotella intermedia,SAMEA2737885_b1_ct7,96.667,30,1,0,43001,42972,45675,7.11e-05,52.0,42.46743295019157,Caudovirales,High-quality,Prevotella,virulent,CHVD
GCA_002797185.1@13_4,Prevotella intermedia,MGV-GENOME-0267287,96.667,30,1,0,21530,21559,39759,7.11e-05,52.0,42.44573555672929,Caudovirales,Medium-quality,GCA-900066995,virulent,MGV
GCA_002797185.1@13_5,Prevotella intermedia,MGV-GENOME-0296411,100.0,30,0,0,34101,34130,45730,2.92e-07,60.0,42.47977257817625,Caudovirales,Complete,GCA-900066995,virulent,MGV
GCA_002797185.1@13_5,Prevotella intermedia,SAMEA2737885_b1_ct7,100.0,30,0,0,44444,44415,45675,2.92e-07,60.0,42.46743295019157,Caudovirales,High-quality,Prevotella,virulent,CHVD
GCA_002797185.1@13_5,Prevotella intermedia,MGV-GENOME-0267287,100.0,30,0,0,20087,20116,39759,2.92e-07,60.0,42.44573555672929,Caudovirales,Medium-quality,GCA-900066995,virulent,MGV
GCA_002797185.1@13_7,Prevotella intermedia,MGV-GENOME-0327944,100.0,30,0,0,25109,25138,43218,2.92e-07,60.0,43.53278726456569,Caudovirales,High-quality,Bacteroides vulgatus,virulent,MGV
GCA_002797185.1@13_7,Prevotella intermedia,MGV-GENOME-0174295,100.0,30,0,0,2047,2076,23811,2.92e-07,60.0,43.13972533702911,Caudovirales,Medium-quality,Prevotella,virulent,MGV
GCA_002797185.1@13_7,Prevotella intermedia,IMGVR_UViG_3300006260_000156|3300006260|Ga0099518_100046|52850-98363,100.0,30,0,0,20461,20490,45514,2.92e-07,60.0,43.14936063628774,Caudoviricetes,High-quality,Prevotella,temperate,IMG_VR
GCA_002797185.1@13_7,Prevotella intermedia,IMGVR_UViG_2874499349_000001|2874499349|2874499349|50467-102037,100.0,30,0,0,23799,23828,51571,2.92e-07,60.0,43.22778305636889,Caudoviricetes,High-quality,Prevotella intermedia,temperate,IMG_VR
GCA_002797185.1@13_7,Prevotella intermedia,IMGVR_UViG_2825927844_000001|2825927844|2825927845|1857532-1908120,100.0,30,0,0,22285,22314,50589,2.92e-07,60.0,42.91842100061278,Caudoviricetes,High-quality,Prevotella intermedia,temperate,IMG_VR
GCA_002797185.1@13_7,Prevotella intermedia,IMGVR_UViG_2825903561_000001|2825903561|2825903561|306351-356912,100.0,30,0,0,28278,28249,50562,2.92e-07,60.0,42.911672797753255,Caudoviricetes,High-quality,Prevotella intermedia,temperate,IMG_VR
GCA_002797185.1@13_7,Prevotella intermedia,SRS056896_a1_ct18368_vs1,100.0,30,0,0,265,236,16472,2.92e-07,60.0,41.65857212238951,Siphoviridae,Low-quality,Prevotella,virulent,CHVD
GCA_002797185.1@13_7,Prevotella intermedia,SRS023617_a1_ct27694_vs01,100.0,30,0,0,2183,2212,18842,2.92e-07,60.0,43.24381700456427,Myoviridae,Low-quality,Prevotella,virulent,CHVD
GCA_002797185.1@13_9,Prevotella intermedia,MGV-GENOME-0288840,100.0,30,0,0,3436,3407,44017,2.92e-07,60.0,42.02694413522048,Caudovirales,Complete,Butyricimonas virosa,virulent,MGV
GCA_002797185.1@13_9,Prevotella intermedia,SAMEA2737926_b1_ct6,100.0,30,0,0,13251,13280,43962,2.92e-07,60.0,42.01128247122515,Siphoviridae,High-quality,Prevotella,virulent,CHVD
GCA_002797185.1@13_10,Prevotella intermedia,MGV-GENOME-0296411,96.667,30,1,0,33719,33690,45730,7.11e-05,52.0,42.47977257817625,Caudovirales,Complete,GCA-900066995,virulent,MGV
GCA_002797185.1@13_10,Prevotella intermedia,IMGVR_UViG_3300045988_098293|3300045988|Ga0495776_015574,96.667,30,1,0,7956,7985,45420,7.11e-05,52.0,42.54953764861295,Caudoviricetes,Complete,Prevotella,virulent,IMG_VR
GCA_002797185.1@13_10,Prevotella intermedia,SAMEA2738138_b1_ct9,96.667,30,1,0,4634,4605,45365,7.11e-05,52.0,42.56144604871597,Siphoviridae,High-quality,Prevotella,virulent,CHVD
GCA_002797185.1@13_10,Prevotella intermedia,SAMEA2737885_b1_ct7,96.667,30,1,0,44826,44855,45675,7.11e-05,52.0,42.46743295019157,Caudovirales,High-quality,Prevotella,virulent,CHVD
GCA_002797185.1@13_10,Prevotella intermedia,MGV-GENOME-0267287,96.667,30,1,0,19705,19676,39759,7.11e-05,52.0,42.44573555672929,Caudovirales,Medium-quality,GCA-900066995,virulent,MGV
GCA_001077795.1@14_2,Riemerella anatipestifer,IMGVR_UViG_2834949002_000004|2834949002|2834949002|1763995-1802961,93.333,30,2,0,28448,28477,38967,0.017,44.1,34.22896296866579,Caudoviricetes,High-quality,Riemerella anatipestifer,temperate,IMG_VR
GCA_001077795.1@14_3,Riemerella anatipestifer,IMGVR_UViG_2834949002_000004|2834949002|2834949002|1763995-1802961,100.0,30,0,0,8243,8214,38967,2.92e-07,60.0,34.22896296866579,Caudoviricetes,High-quality,Riemerella anatipestifer,temperate,IMG_VR
GCA_000768915.1@20_4,Porphyromonas gulae,IMGVR_UViG_2858652038_000001|2858652038|2858652105|9513-66683,96.667,30,1,0,46832,46861,57171,7.11e-05,52.0,51.34596211365903,Caudoviricetes,High-quality,Porphyromonas gingivalis,temperate,IMG_VR
GCA_000768915.1@20_4,Porphyromonas gulae,IMGVR_UViG_2531839003_000001|2531839003|2531840682|878-52163,96.667,30,1,0,41677,41706,51286,7.11e-05,52.0,52.12533634910111,Caudoviricetes,High-quality,Porphyromonas gingivalis,temperate,IMG_VR
GCA_000768915.1@20_7,Porphyromonas gulae,MGV-GENOME-0350515,96.667,30,1,0,37003,36974,78083,7.11e-05,52.0,32.10814133678265,Caudovirales,Complete,Bacteroides xylanisolvens,virulent,MGV
GCA_000768915.1@20_7,Porphyromonas gulae,IMGVR_UViG_3300045988_105796|3300045988|Ga0495776_003695,96.667,30,1,0,41366,41395,78094,7.11e-05,52.0,32.23807206699618,Caudoviricetes,Complete,Prevotella,virulent,IMG_VR
GCA_000768915.1@20_7,Porphyromonas gulae,IMGVR_UViG_3300028515_000056|3300028515|Ga0307824_1061,96.667,30,1,0,57809,57838,78388,7.11e-05,52.0,32.1044037352656,Caudoviricetes,High-quality,Bacteroidales,virulent,IMG_VR
GCA_000768915.1@20_7,Porphyromonas gulae,IMGVR_UViG_3300008153_000002|3300008153|Ga0114320_1000058,96.667,30,1,0,23772,23743,77628,7.11e-05,52.0,32.188127995053335,Caudoviricetes,Complete,Prevotella,virulent,IMG_VR
GCA_000768915.1@20_7,Porphyromonas gulae,IMGVR_UViG_3300007186_000002|3300007186|Ga0103259_100071,96.667,30,1,0,70393,70364,78235,7.11e-05,52.0,32.073879976992394,Caudoviricetes,Complete,Prevotella,virulent,IMG_VR
GCA_000768915.1@20_7,Porphyromonas gulae,IMGVR_UViG_3300006262_000001|3300006262|Ga0099523_1000038,96.667,30,1,0,21172,21143,78266,7.11e-05,52.0,32.07011984769888,Caudoviricetes,Complete,Prevotella,virulent,IMG_VR
GCA_000184945.1@5_5,Prevotella buccae,SRS147140_a1_ct21097_vs1,100.0,30,0,0,10242,10271,35961,2.92e-07,60.0,41.34757097967242,Siphoviridae,Medium-quality,Prevotella,virulent,CHVD
GCA_000184945.1@5_5,Prevotella buccae,SRS022530_a1_ct7127_vs1,100.0,30,0,0,26606,26577,29192,2.92e-07,60.0,42.24102493833927,-,Low-quality,Prevotella,virulent,CHVD
GCA_000184945.1@5_7,Prevotella buccae,MGV-GENOME-0355230,100.0,30,0,0,51102,51073,51314,2.92e-07,60.0,46.36551428460069,Caudovirales,High-quality,Bacteroidales,virulent,MGV
GCA_000184945.1@5_7,Prevotella buccae,MGV-GENOME-0341746,100.0,30,0,0,3305,3334,52159,2.92e-07,60.0,46.64008128990203,Caudovirales,High-quality,Bacteroidales,virulent,MGV
GCA_000184945.1@5_7,Prevotella buccae,MGV-GENOME-0314403,100.0,30,0,0,2230,2259,51632,2.92e-07,60.0,46.86047412457391,Caudovirales,High-quality,Bacteroidales,virulent,MGV
GCA_000184945.1@5_7,Prevotella buccae,MGV-GENOME-0222658,100.0,30,0,0,29812,29783,32010,2.92e-07,60.0,47.1727585129647,Caudovirales,Medium-quality,Bacteroidales,virulent,MGV
GCA_000184945.1@5_7,Prevotella buccae,MGV-GENOME-0188382,100.0,30,0,0,3078,3107,25984,2.92e-07,60.0,47.30988300492611,Caudovirales,Medium-quality,Bacteroidales,virulent,MGV
GCA_000184945.1@5_7,Prevotella buccae,uvig_301207,100.0,30,0,0,3378,3407,52450,2.92e-07,60.0,46.74356530028599,Caudovirales,High-quality,Barnesiella intestinihominis,virulent,GPD
GCA_000184945.1@5_7,Prevotella buccae,MGV-GENOME-4425630,100.0,30,0,0,49056,49027,51731,2.92e-07,60.0,46.80559045833253,Caudovirales,Complete,Bacteroidales,virulent,MGV
GCA_000184945.1@5_7,Prevotella buccae,MGV-GENOME-0372930,100.0,30,0,0,3333,3362,60716,2.92e-07,60.0,46.30575136702023,Caudovirales,High-quality,Bacteroidales,virulent,MGV
GCA_000184945.1@5_7,Prevotella buccae,MGV-GENOME-0336699,100.0,30,0,0,2915,2944,52136,2.92e-07,60.0,46.84479054779806,Caudovirales,High-quality,Bacteroidales,virulent,MGV
GCA_000184945.1@5_7,Prevotella buccae,MGV-GENOME-0322230,100.0,30,0,0,47063,47034,49885,2.92e-07,60.0,47.07026160168388,Caudovirales,High-quality,Bacteroidales,virulent,MGV
GCA_000184945.1@5_8,Prevotella buccae,OTU_841,100.0,29,0,0,56066,56094,56445,1.15e-06,58.0,46.98024625741873,Bertilviridae,Medium-quality,Prevotella,virulent,IGVD
GCA_000184945.1@5_8,Prevotella buccae,uvig_397423,100.0,29,0,0,11961,11933,27086,1.15e-06,58.0,49.43144059661818,Caudovirales,Low-quality,Prevotella stercorea,virulent,GPD
GCA_000184945.1@5_8,Prevotella buccae,Ma_2019_SRR413567_NODE_1806_length_11898_cov_2.813730,100.0,29,0,0,412,384,11898,1.15e-06,58.0,46.1253992267608,Caudovirales,Low-quality,Bacteroidaceae,virulent,GVD
GCA_000184945.1@5_9,Prevotella buccae,OTU_841,100.0,30,0,0,50906,50877,56445,2.92e-07,60.0,46.98024625741873,Bertilviridae,Medium-quality,Prevotella,virulent,IGVD
GCA_000184945.1@5_9,Prevotella buccae,OTU_6103,100.0,30,0,0,14950,14921,18590,2.92e-07,60.0,53.37816030123722,Zeniaviridae,Low-quality,Prevotella,temperate,IGVD
GCA_000184945.1@5_9,Prevotella buccae,OTU_4838,100.0,30,0,0,20321,20292,23961,2.92e-07,60.0,50.911898501731976,Zeniaviridae,Medium-quality,Prevotella,temperate,IGVD
GCA_000184945.1@5_10,Prevotella buccae,uvig_533811,100.0,30,0,0,3632,3661,26283,2.92e-07,60.0,39.29536202107826,Caudovirales,High-quality,Parabacteroides distasonis,virulent,GPD
GCA_000184945.1@5_10,Prevotella buccae,MGV-GENOME-0128210,100.0,30,0,0,12359,12330,15941,2.92e-07,60.0,39.71519979925977,Caudovirales,Medium-quality,Prevotella,virulent,MGV
GCA_000184945.1@5_10,Prevotella buccae,IMGVR_UViG_3300039340_000067|3300039340|Ga0169801_00281|22292-53535,100.0,30,0,0,26174,26145,31244,2.92e-07,60.0,39.23633337600819,Caudoviricetes,High-quality,Prevotella,temperate,IMG_VR
GCA_000184945.1@5_10,Prevotella buccae,SAMEA2580213_a1_ct11143_vs1,100.0,30,0,0,5082,5111,32550,2.92e-07,60.0,39.61904761904762,Myoviridae,High-quality,Prevotella,temperate,CHVD
GCA_000184945.1@5_13,Prevotella buccae,IMGVR_UViG_3300008281_000192|3300008281|Ga0113996_1000107|16268-70347,96.667,30,1,0,50733,50704,54080,7.11e-05,52.0,40.821005917159766,Caudoviricetes,High-quality,Prevotella,temperate,IMG_VR
GCA_000184945.1@5_13,Prevotella buccae,SRS018443_a1_ct39747_vs1,96.667,30,1,0,2157,2186,54372,7.11e-05,52.0,40.59442360038255,Siphoviridae,High-quality,Prevotella,virulent,CHVD
GCA_003265025.1@13_1,Prevotella intermedia,MGV-GENOME-0296411,96.667,30,1,0,16759,16730,45730,7.11e-05,52.0,42.47977257817625,Caudovirales,Complete,GCA-900066995,virulent,MGV
GCA_003265025.1@13_1,Prevotella intermedia,SAMEA2737885_b1_ct7,96.667,30,1,0,16111,16140,45675,7.11e-05,52.0,42.46743295019157,Caudovirales,High-quality,Prevotella,virulent,CHVD
GCA_003265025.1@13_1,Prevotella intermedia,MGV-GENOME-0267287,96.667,30,1,0,2745,2716,39759,7.11e-05,52.0,42.44573555672929,Caudovirales,Medium-quality,GCA-900066995,virulent,MGV
GCA_003265025.1@13_7,Prevotella intermedia,MGV-GENOME-0327944,100.0,30,0,0,36823,36852,43218,2.92e-07,60.0,43.53278726456569,Caudovirales,High-quality,Bacteroides vulgatus,virulent,MGV
GCA_003265025.1@13_7,Prevotella intermedia,MGV-GENOME-0313076,100.0,30,0,0,29336,29365,36792,2.92e-07,60.0,42.59078060447924,Caudovirales,Medium-quality,Parabacteroides distasonis,virulent,MGV
GCA_003265025.1@13_7,Prevotella intermedia,IMGVR_UViG_2874499349_000001|2874499349|2874499349|50467-102037,100.0,30,0,0,35451,35480,51571,2.92e-07,60.0,43.22778305636889,Caudoviricetes,High-quality,Prevotella intermedia,temperate,IMG_VR
GCA_003265025.1@13_7,Prevotella intermedia,IMGVR_UViG_3300045988_171143|3300045988|Ga0495776_185951,100.0,30,0,0,12793,12764,43634,2.92e-07,60.0,42.735023147087134,Caudoviricetes,High-quality,Prevotella,virulent,IMG_VR
GCA_003265025.1@13_8,Prevotella intermedia,MGV-GENOME-0296411,100.0,30,0,0,21488,21517,45730,2.92e-07,60.0,42.47977257817625,Caudovirales,Complete,GCA-900066995,virulent,MGV
GCA_003265025.1@13_8,Prevotella intermedia,SAMEA2737885_b1_ct7,100.0,30,0,0,11382,11353,45675,2.92e-07,60.0,42.46743295019157,Caudovirales,High-quality,Prevotella,virulent,CHVD
GCA_003265025.1@13_8,Prevotella intermedia,MGV-GENOME-0267287,100.0,30,0,0,7474,7503,39759,2.92e-07,60.0,42.44573555672929,Caudovirales,Medium-quality,GCA-900066995,virulent,MGV
GCA_003265025.1@13_14,Prevotella intermedia,Station100_MES_ALL_assembly_NODE_162_length_44746_cov_7.212504,96.552,29,1,0,149,177,44746,0.000281,50.1,32.19505654136683,Caudovirales,Medium-quality,Ruminococcaceae bacterium,virulent,GOV2
GCA_003265025.1@13_14,Prevotella intermedia,Station191_SUR_ALL_assembly_NODE_1400_length_21297_cov_3.923501,96.552,29,1,0,601,573,21297,0.000281,50.1,32.6430952716345,Caudovirales,Low-quality,Cellulophaga baltica,virulent,GOV2
GCA_003265025.1@13_10,Prevotella intermedia,IMGVR_UViG_3300011982_000015|3300011982|Ga0119773_1002176,90.0,30,3,0,5154,5125,6265,4.2,36.2,36.72785315243416,Microviridae,Complete,Prevotella,virulent,IMG_VR
GCA_002251285.1@1_2,Prevotella sp.,MGV-GENOME-0373132,100.0,30,0,0,94224,94195,112984,2.92e-07,60.0,35.51564823337818,Caudovirales,High-quality,Prevotella,virulent,MGV
GCA_002251285.1@1_2,Prevotella sp.,IMGVR_UViG_3300045988_096781|3300045988|Ga0495776_150900,100.0,30,0,0,18905,18934,112136,2.92e-07,60.0,35.78600984518799,Crassvirales,High-quality,Bacteroidaceae,virulent,IMG_VR
GCA_002251285.1@1_4,Prevotella sp.,uvig_592052,100.0,30,0,0,9626,9655,11456,2.92e-07,60.0,48.01850558659218,Caudovirales,Low-quality,Prevotella copri,virulent,GPD
GCA_002251285.1@1_4,Prevotella sp.,uvig_584093,100.0,30,0,0,59633,59662,60510,2.92e-07,60.0,48.76053544868616,Caudovirales,Medium-quality,Prevotella copri,temperate,GPD
GCA_002251285.1@1_4,Prevotella sp.,SAMN09781725_a1_ct6723,100.0,30,0,0,15484,15513,68748,2.92e-07,60.0,48.46686449060336,Myoviridae,High-quality,Prevotella,temperate,CHVD
GCA_002251285.1@1_4,Prevotella sp.,uvig_375324,100.0,30,0,0,8443,8472,10248,2.92e-07,60.0,49.024199843871976,Caudovirales,Low-quality,Prevotella copri,virulent,GPD
GCA_002251285.1@1_4,Prevotella sp.,Rampelli_10018_NODE_1759_length_7202_cov_5.505667,100.0,30,0,0,1943,1914,7202,2.92e-07,60.0,50.916412107747846,Caudovirales,Low-quality,Bacteroidaceae,virulent,GVD
GCA_002251285.1@1_4,Prevotella sp.,uvig_416897,100.0,30,0,0,10144,10115,15908,2.92e-07,60.0,49.84284636660799,Caudovirales,Low-quality,Prevotella copri,virulent,GPD
GCA_002251285.1@1_6,Prevotella sp.,MGV-GENOME-0351720,100.0,29,0,0,1501,1473,76979,1.15e-06,58.0,33.636446303537326,Caudovirales,Medium-quality,Prevotella,virulent,MGV
GCA_002251285.1@1_6,Prevotella sp.,MGV-GENOME-0351082,100.0,29,0,0,1501,1473,78747,1.15e-06,58.0,33.64699607604099,Caudovirales,Medium-quality,Prevotella,virulent,MGV
GCA_002892595.1@5_1,Porphyromonas gingivalis,IMGVR_UViG_2855585092_000002|2855585092|2855585172|3283-47269,100.0,30,0,0,7319,7290,43987,2.92e-07,60.0,50.48764407665901,Caudoviricetes,High-quality,Porphyromonas gingivalis,temperate,IMG_VR
GCA_002892595.1@5_1,Porphyromonas gingivalis,IMGVR_UViG_2846829876_000002|2846829876|2846829876|620851-664599,100.0,30,0,0,6093,6064,43749,2.92e-07,60.0,50.54515531783584,Caudoviricetes,High-quality,Porphyromonas gingivalis,temperate,IMG_VR
GCA_002892595.1@5_2,Porphyromonas gingivalis,IMGVR_UViG_2531839003_000001|2531839003|2531840682|878-52163,100.0,30,0,0,16847,16876,51286,2.92e-07,60.0,52.12533634910111,Caudoviricetes,High-quality,Porphyromonas gingivalis,temperate,IMG_VR
GCA_002892595.1@5_4,Porphyromonas gingivalis,IMGVR_UViG_2600255045_000002|2600255045|2600278965|1087-49872,96.552,29,1,0,9111,9083,48786,0.000281,50.1,49.91800926495306,Caudoviricetes,High-quality,Porphyromonas gingivalis,temperate,IMG_VR
GCA_002892595.1@5_4,Porphyromonas gingivalis,IMGVR_UViG_2846822444_000001|2846822444|2846822444|1411026-1458836,96.552,29,1,0,7577,7549,47811,0.000281,50.1,50.235301499654895,Caudoviricetes,High-quality,Porphyromonas gingivalis,temperate,IMG_VR
GCA_002892595.1@5_4,Porphyromonas gingivalis,IMGVR_UViG_2855585092_000002|2855585092|2855585172|3283-47269,96.552,29,1,0,40522,40550,43987,0.000281,50.1,50.48764407665901,Caudoviricetes,High-quality,Porphyromonas gingivalis,temperate,IMG_VR
GCA_002892595.1@5_4,Porphyromonas gingivalis,IMGVR_UViG_2846820306_000001|2846820306|2846820306|552118-592473,96.552,29,1,0,36806,36834,40356,0.000281,50.1,50.44850827634056,Caudoviricetes,High-quality,Porphyromonas gingivalis,temperate,IMG_VR
GCA_002892595.1@5_4,Porphyromonas gingivalis,IMGVR_UViG_2571042235_000001|2571042235|2571059602|13605-56115,96.552,29,1,0,39045,39073,42511,0.000281,50.1,50.859777469360864,Caudoviricetes,High-quality,Porphyromonas gingivalis,temperate,IMG_VR
GCA_002892595.1@5_4,Porphyromonas gingivalis,IMGVR_UViG_3300045988_183125|3300045988|Ga0495776_172817,96.552,29,1,0,39973,40001,43617,0.000281,50.1,50.37943920948255,Caudoviricetes,High-quality,Porphyromonas,temperate,IMG_VR
GCA_002892595.1@5_6,Porphyromonas gingivalis,MGV-GENOME-0211214,96.667,30,1,0,10489,10518,29957,7.11e-05,52.0,49.77801515505558,Caudovirales,Medium-quality,Bacteroides ovatus,virulent,MGV
GCA_021650975.2@19_3,Flavobacterium jumunjinense,IMGVR_UViG_3300025655_000056|3300025655|Ga0208795_1000049,100.0,30,0,0,28746,28775,49140,2.92e-07,60.0,29.947089947089943,Caudoviricetes,High-quality,Flavobacteriaceae,virulent,IMG_VR
GCA_021650975.2@19_3,Flavobacterium jumunjinense,IMGVR_UViG_3300022200_000069|3300022200|Ga0196901_1000052,100.0,30,0,0,28726,28755,49094,2.92e-07,60.0,29.932374628264142,Caudoviricetes,High-quality,Flavobacteriaceae,virulent,IMG_VR
GCA_021406655.1@6_5,Porphyromonas gingivalis,SAMN11031433_a1_ct16848_vs1,96.667,30,1,0,6358,6387,23975,7.11e-05,52.0,39.71637122002086,Myoviridae,Low-quality,Campylobacter,temperate,CHVD
GCA_000768785.1@7_3,Porphyromonas gulae,IMGVR_UViG_2639763162_000001|2639763162|2639848518|21614-75019,100.0,30,0,0,23821,23792,53406,2.92e-07,60.0,49.39145414372917,Caudoviricetes,High-quality,Porphyromonas gulae,temperate,IMG_VR
GCA_000768785.1@7_3,Porphyromonas gulae,IMGVR_UViG_2855585092_000002|2855585092|2855585172|3283-47269,100.0,30,0,0,18448,18419,43987,2.92e-07,60.0,50.48764407665901,Caudoviricetes,High-quality,Porphyromonas gingivalis,temperate,IMG_VR
GCA_000768785.1@7_3,Porphyromonas gulae,IMGVR_UViG_2600255045_000002|2600255045|2600278965|1087-49872,100.0,30,0,0,30768,30797,48786,2.92e-07,60.0,49.91800926495306,Caudoviricetes,High-quality,Porphyromonas gingivalis,temperate,IMG_VR
GCA_000768785.1@7_3,Porphyromonas gulae,IMGVR_UViG_2846829876_000002|2846829876|2846829876|620851-664599,100.0,30,0,0,17767,17738,43749,2.92e-07,60.0,50.54515531783584,Caudoviricetes,High-quality,Porphyromonas gingivalis,temperate,IMG_VR
GCA_000768785.1@7_3,Porphyromonas gulae,IMGVR_UViG_2571042235_000001|2571042235|2571059602|13605-56115,100.0,30,0,0,16841,16812,42511,2.92e-07,60.0,50.859777469360864,Caudoviricetes,High-quality,Porphyromonas gingivalis,temperate,IMG_VR
GCA_000768785.1@7_8,Porphyromonas gulae,IMGVR_UViG_2841427693_000001|2841427693|2841427693|1483722-1524627,100.0,30,0,0,21565,21594,40906,2.92e-07,60.0,49.07593018139148,Caudoviricetes,High-quality,Porphyromonas gingivalis,temperate,IMG_VR
GCA_001936395.1@18_8,Flavobacterium columnare,IMGVR_UViG_3300020045_012053|3300020045|Ga0206662_1000191,90.0,30,3,0,6118,6089,49567,4.2,36.2,34.59963282022313,Caudoviricetes,High-quality,Flavobacteriaceae,virulent,IMG_VR
GCA_000162455.1@2_1,Prevotella buccae,IMGVR_UViG_3300045988_140237|3300045988|Ga0495776_169296,100.0,30,0,0,34095,34066,55557,2.92e-07,60.0,45.8988066310276,Caudoviricetes,High-quality,Prevotella,virulent,IMG_VR
GCA_000162455.1@2_2,Prevotella buccae,IMGVR_UViG_3300007035_000022|3300007035|Ga0102545_100016|75631-125839,96.667,30,1,0,40737,40766,50209,7.11e-05,52.0,43.78896213826207,Caudoviricetes,High-quality,Prevotella,temperate,IMG_VR
GCA_000162455.1@2_2,Prevotella buccae,IMGVR_UViG_3300045988_029689|3300045988|Ga0495776_085625,96.667,30,1,0,1869,1840,38464,7.11e-05,52.0,43.43801996672213,Caudoviricetes,High-quality,Prevotella,virulent,IMG_VR
GCA_000162455.1@2_2,Prevotella buccae,SRS011111_a1_ct403_vs1,96.667,30,1,0,35383,35412,38871,7.11e-05,52.0,43.52602197010625,Siphoviridae,High-quality,Prevotella,virulent,CHVD
GCA_000162455.1@2_4,Prevotella buccae,IMGVR_UViG_3300028833_000004|3300028833|Ga0247610_10000074,96.667,30,1,0,56920,56891,158651,7.11e-05,52.0,31.56109952033079,Caudoviricetes,Complete,Cryptobacteroides,virulent,IMG_VR
GCA_000614025.1@9_1,Prevotella aurantiaca,MGV-GENOME-0313076,100.0,30,0,0,25430,25401,36792,2.92e-07,60.0,42.59078060447924,Caudovirales,Medium-quality,Parabacteroides distasonis,virulent,MGV
GCA_000614025.1@9_1,Prevotella aurantiaca,IMGVR_UViG_3300045988_171143|3300045988|Ga0495776_185951,100.0,30,0,0,16699,16728,43634,2.92e-07,60.0,42.735023147087134,Caudoviricetes,High-quality,Prevotella,virulent,IMG_VR
GCA_002753835.1@14_8,Prevotella intermedia,IMGVR_UViG_3300007186_000001|3300007186|Ga0103259_100001,96.667,30,1,0,199432,199403,326144,7.11e-05,52.0,34.80609791993721,Caudoviricetes,Complete,Prevotella,virulent,IMG_VR
GCA_002753835.1@14_16,Prevotella intermedia,MGV-GENOME-0327944,100.0,30,0,0,23121,23092,43218,2.92e-07,60.0,43.53278726456569,Caudovirales,High-quality,Bacteroides vulgatus,virulent,MGV
GCA_002753835.1@14_1,Prevotella intermedia,SRS149690_a1_ct18923_vs1,93.333,30,2,0,3972,4001,20350,0.017,44.1,36.72727272727273,Microviridae,Medium-quality,Prevotella,virulent,CHVD
GCA_013276255.1@9_7,Capnocytophaga canis,Station72_SUR_ALL_assembly_NODE_695_length_21246_cov_2.897173,90.0,30,3,0,15666,15695,21246,4.2,36.2,34.53826602654617,Caudovirales,Medium-quality,Bacillus cereus,virulent,GOV2
GCA_013276255.1@9_7,Capnocytophaga canis,Station72_MES_ALL_assembly_NODE_573_length_33446_cov_5.902549,90.0,30,3,0,8609,8580,33446,4.2,36.2,35.40931651019554,Caudovirales,High-quality,Lawsonia intracellularis,virulent,GOV2
GCA_001670695.1@14_5,Riemerella anatipestifer,IMGVR_UViG_2834949002_000004|2834949002|2834949002|1763995-1802961,100.0,30,0,0,8214,8243,38967,2.92e-07,60.0,34.22896296866579,Caudoviricetes,High-quality,Riemerella anatipestifer,temperate,IMG_VR
GCA_001670695.1@14_6,Riemerella anatipestifer,IMGVR_UViG_2834949002_000004|2834949002|2834949002|1763995-1802961,93.333,30,2,0,28477,28448,38967,0.017,44.1,34.22896296866579,Caudoviricetes,High-quality,Riemerella anatipestifer,temperate,IMG_VR
GCA_021406795.1@9_1,Porphyromonas gingivalis,MGV-GENOME-0211214,96.552,29,1,0,9815,9843,29957,0.000281,50.1,49.77801515505558,Caudovirales,Medium-quality,Bacteroides ovatus,virulent,MGV
GCA_900454855.1@12_1,Prevotella buccae,OTU_6103,100.0,30,0,0,14704,14733,18590,2.92e-07,60.0,53.37816030123722,Zeniaviridae,Low-quality,Prevotella,temperate,IGVD
GCA_900454855.1@12_1,Prevotella buccae,OTU_4838,100.0,30,0,0,20075,20104,23961,2.92e-07,60.0,50.911898501731976,Zeniaviridae,Medium-quality,Prevotella,temperate,IGVD
GCA_900454855.1@12_2,Prevotella buccae,MGV-GENOME-0212506,100.0,30,0,0,17868,17839,30191,2.92e-07,60.0,51.37623795170746,Caudovirales,Medium-quality,Prevotella,virulent,MGV
GCA_900454855.1@12_2,Prevotella buccae,Ma_2019_SRR413756_NODE_446_length_27293_cov_2.788788,100.0,30,0,0,17868,17839,27293,2.92e-07,60.0,50.595390759535405,Caudovirales,Medium-quality,Bacteroidaceae,virulent,GVD
GCA_900454855.1@12_2,Prevotella buccae,SAMN00792101_a1_ct5513_vs1,100.0,30,0,0,373,402,13079,2.92e-07,60.0,50.92132426026454,Myoviridae,Low-quality,Prevotella,virulent,CHVD
GCA_900454855.1@12_5,Prevotella buccae,OTU_4838,100.0,30,0,0,22289,22318,23961,2.92e-07,60.0,50.911898501731976,Zeniaviridae,Medium-quality,Prevotella,temperate,IGVD
GCA_900454855.1@12_6,Prevotella buccae,uvig_533811,100.0,30,0,0,2789,2818,26283,2.92e-07,60.0,39.29536202107826,Caudovirales,High-quality,Parabacteroides distasonis,virulent,GPD
GCA_900454855.1@12_6,Prevotella buccae,MGV-GENOME-0128210,100.0,30,0,0,13202,13173,15941,2.92e-07,60.0,39.71519979925977,Caudovirales,Medium-quality,Prevotella,virulent,MGV
GCA_900454855.1@12_6,Prevotella buccae,IMGVR_UViG_3300039340_000067|3300039340|Ga0169801_00281|22292-53535,100.0,30,0,0,27017,26988,31244,2.92e-07,60.0,39.23633337600819,Caudoviricetes,High-quality,Prevotella,temperate,IMG_VR
GCA_900454855.1@12_6,Prevotella buccae,SAMEA2580213_a1_ct11143_vs1,100.0,30,0,0,4239,4268,32550,2.92e-07,60.0,39.61904761904762,Myoviridae,High-quality,Prevotella,temperate,CHVD
GCA_900454855.1@12_8,Prevotella buccae,Ma_2019_SRR413635_NODE_2350_length_8070_cov_1.963568,93.333,30,2,0,3190,3219,8070,0.017,44.1,45.91078066914498,,Low-quality,Bacteroides vulgatus,virulent,GVD
GCA_009690705.1@1_3,Riemerella anatipestifer,IMGVR_UViG_2834949002_000004|2834949002|2834949002|1763995-1802961,100.0,30,0,0,3731,3702,38967,2.92e-07,60.0,34.22896296866579,Caudoviricetes,High-quality,Riemerella anatipestifer,temperate,IMG_VR
GCA_002529145.1@19_2,Porphyromonas gingivalis,MGV-GENOME-0272237,96.667,30,1,0,5198,5169,35387,7.11e-05,52.0,48.2013168677763,Caudovirales,Medium-quality,Ruminiclostridium siraeum,temperate,MGV
GCA_001671145.1@3_4,Riemerella anatipestifer,IMGVR_UViG_2834949002_000004|2834949002|2834949002|1763995-1802961,96.667,30,1,0,5491,5462,38967,7.11e-05,52.0,34.22896296866579,Caudoviricetes,High-quality,Riemerella anatipestifer,temperate,IMG_VR
GCA_001671145.1@3_4,Riemerella anatipestifer,IMGVR_UViG_2834949002_000002|2834949002|2834949002|359312-408814,96.667,30,1,0,29313,29342,49503,7.11e-05,52.0,34.71708785326142,Caudoviricetes,High-quality,Riemerella anatipestifer,temperate,IMG_VR
GCA_001671145.1@3_4,Riemerella anatipestifer,IMGVR_UViG_2721755539_000001|2721755539|2721800994|2089749-2136803,96.667,30,1,0,34918,34947,47055,7.11e-05,52.0,35.10360216767612,Caudoviricetes,High-quality,Riemerella anatipestifer,temperate,IMG_VR
GCA_001671145.1@3_4,Riemerella anatipestifer,IMGVR_UViG_651053063_000001|651053063|651053060|157280-206407,96.667,30,1,0,12142,12113,49128,7.11e-05,52.0,34.912880638332524,Caudoviricetes,High-quality,Riemerella anatipestifer,temperate,IMG_VR
GCA_001671145.1@3_4,Riemerella anatipestifer,IMGVR_UViG_2724679207_000002|2724679207|2724717569|47187-96235,96.667,30,1,0,12143,12114,49049,7.11e-05,52.0,34.80193276111643,Caudoviricetes,High-quality,Riemerella anatipestifer,temperate,IMG_VR
GCA_001671145.1@3_4,Riemerella anatipestifer,IMGVR_UViG_2834334511_000001|2834334511|2834334554|4915-53707,96.667,30,1,0,36651,36680,48793,7.11e-05,52.0,35.03371385239686,Caudoviricetes,High-quality,Riemerella anatipestifer,temperate,IMG_VR
GCA_001671145.1@3_4,Riemerella anatipestifer,IMGVR_UViG_2627854212_000002|2627854212|2627925495|2119183-2168380,96.667,30,1,0,37056,37085,49198,7.11e-05,52.0,34.966868571893166,Caudoviricetes,High-quality,Riemerella anatipestifer,temperate,IMG_VR
GCA_001671145.1@3_4,Riemerella anatipestifer,IMGVR_UViG_2531839590_000001|2531839590|2531917019|70498-119313,96.667,30,1,0,36674,36703,48816,7.11e-05,52.0,35.095050803015404,Caudoviricetes,High-quality,Riemerella anatipestifer,temperate,IMG_VR
GCA_001671145.1@3_4,Riemerella anatipestifer,NC_019490.1,96.667,30,1,0,32594,32623,49329,7.11e-05,52.0,34.74021366741673,Caudovirales,High-quality,Riemerella anatipestifer,virulent,REFSEQ
GCA_001677395.1@8_2,Flavobacterium columnare,IMGVR_UViG_3300020045_012053|3300020045|Ga0206662_1000191,90.0,30,3,0,6089,6118,49567,4.2,36.2,34.59963282022313,Caudoviricetes,High-quality,Flavobacteriaceae,virulent,IMG_VR
GCA_000007585.1@5_1,Porphyromonas gingivalis,IMGVR_UViG_2855585092_000002|2855585092|2855585172|3283-47269,100.0,30,0,0,7319,7290,43987,2.92e-07,60.0,50.48764407665901,Caudoviricetes,High-quality,Porphyromonas gingivalis,temperate,IMG_VR
GCA_000007585.1@5_1,Porphyromonas gingivalis,IMGVR_UViG_2846829876_000002|2846829876|2846829876|620851-664599,100.0,30,0,0,6093,6064,43749,2.92e-07,60.0,50.54515531783584,Caudoviricetes,High-quality,Porphyromonas gingivalis,temperate,IMG_VR
GCA_000007585.1@5_2,Porphyromonas gingivalis,IMGVR_UViG_2531839003_000001|2531839003|2531840682|878-52163,100.0,30,0,0,16847,16876,51286,2.92e-07,60.0,52.12533634910111,Caudoviricetes,High-quality,Porphyromonas gingivalis,temperate,IMG_VR
GCA_000007585.1@5_4,Porphyromonas gingivalis,IMGVR_UViG_2600255045_000002|2600255045|2600278965|1087-49872,96.552,29,1,0,9111,9083,48786,0.000281,50.1,49.91800926495306,Caudoviricetes,High-quality,Porphyromonas gingivalis,temperate,IMG_VR
GCA_000007585.1@5_4,Porphyromonas gingivalis,IMGVR_UViG_2846822444_000001|2846822444|2846822444|1411026-1458836,96.552,29,1,0,7577,7549,47811,0.000281,50.1,50.235301499654895,Caudoviricetes,High-quality,Porphyromonas gingivalis,temperate,IMG_VR
GCA_000007585.1@5_4,Porphyromonas gingivalis,IMGVR_UViG_2855585092_000002|2855585092|2855585172|3283-47269,96.552,29,1,0,40522,40550,43987,0.000281,50.1,50.48764407665901,Caudoviricetes,High-quality,Porphyromonas gingivalis,temperate,IMG_VR
GCA_000007585.1@5_4,Porphyromonas gingivalis,IMGVR_UViG_2846820306_000001|2846820306|2846820306|552118-592473,96.552,29,1,0,36806,36834,40356,0.000281,50.1,50.44850827634056,Caudoviricetes,High-quality,Porphyromonas gingivalis,temperate,IMG_VR
GCA_000007585.1@5_4,Porphyromonas gingivalis,IMGVR_UViG_2571042235_000001|2571042235|2571059602|13605-56115,96.552,29,1,0,39045,39073,42511,0.000281,50.1,50.859777469360864,Caudoviricetes,High-quality,Porphyromonas gingivalis,temperate,IMG_VR
GCA_000007585.1@5_4,Porphyromonas gingivalis,IMGVR_UViG_3300045988_183125|3300045988|Ga0495776_172817,96.552,29,1,0,39973,40001,43617,0.000281,50.1,50.37943920948255,Caudoviricetes,High-quality,Porphyromonas,temperate,IMG_VR
GCA_000007585.1@5_6,Porphyromonas gingivalis,MGV-GENOME-0211214,96.667,30,1,0,10489,10518,29957,7.11e-05,52.0,49.77801515505558,Caudovirales,Medium-quality,Bacteroides ovatus,virulent,MGV
GCA_014844515.1@14_8,Flavobacterium columnare,Station191_SUR_ALL_assembly_NODE_18_length_111890_cov_446.688988,96.552,29,1,0,79274,79302,111890,0.000281,50.1,33.848422557869334,Caudovirales,Medium-quality,Cellulophaga baltica,virulent,GOV2
GCA_014844515.1@14_8,Flavobacterium columnare,Station188_DCM_ALL_assembly_NODE_2728_length_22965_cov_7.986469,96.552,29,1,0,22930,22958,22965,0.000281,50.1,29.97605051164816,Caudovirales,Low-quality,Clostridioides difficile,virulent,GOV2
GCA_014844515.1@14_8,Flavobacterium columnare,Station194_SUR_ALL_assembly_NODE_5263_length_10389_cov_61.048771,96.552,29,1,0,9760,9788,10389,0.000281,50.1,34.30551544903263,Caudovirales,Low-quality,Bacteroides xylanisolvens,virulent,GOV2
GCA_014844515.1@14_10,Flavobacterium columnare,KM873719.2,100.0,30,0,0,44354,44383,47142,2.92e-07,60.0,30.198124814390564,Caudovirales,High-quality,Campylobacter coli,virulent,GENBANK
GCA_014844515.1@14_10,Flavobacterium columnare,NC_041845.1,100.0,30,0,0,45056,45085,46450,2.92e-07,60.0,29.82346609257266,Caudovirales,High-quality,Flavobacterium columnare,virulent,REFSEQ
GCA_014844515.1@14_9,Flavobacterium columnare,NC_041845.1,100.0,30,0,0,37336,37365,46450,2.92e-07,60.0,29.82346609257266,Caudovirales,High-quality,Flavobacterium columnare,virulent,REFSEQ
GCA_018141765.1@17_8,Porphyromonas gingivalis,IMGVR_UViG_2858652038_000001|2858652038|2858652105|9513-66683,100.0,30,0,0,53235,53206,57171,2.92e-07,60.0,51.34596211365903,Caudoviricetes,High-quality,Porphyromonas gingivalis,temperate,IMG_VR
GCA_019802725.1@14_7,Riemerella anatipestifer,TemPhD_cluster_54922,100.0,30,0,0,2214,2185,90253,2.92e-07,60.0,53.03424816903593,Caudovirales,Medium-quality,Escherichia coli,temperate,TEMPHD
GCA_019802725.1@14_7,Riemerella anatipestifer,TemPhD_cluster_54229,100.0,30,0,0,76479,76450,99392,2.92e-07,60.0,51.53131036703154,Caudovirales,Medium-quality,Salmonella enterica,temperate,TEMPHD
GCA_019802725.1@14_7,Riemerella anatipestifer,NC_049945.1,100.0,30,0,0,9321,9292,57849,2.92e-07,60.0,50.678490552991406,Caudovirales,High-quality,Escherichia coli,temperate,REFSEQ
GCA_019802725.1@14_7,Riemerella anatipestifer,NC_049923.1,100.0,30,0,0,757,728,56224,2.92e-07,60.0,49.94486340352874,Caudovirales,Medium-quality,Escherichia coli,temperate,REFSEQ
GCA_019802725.1@14_7,Riemerella anatipestifer,NC_028656.1,100.0,30,0,0,33500,33471,65955,2.92e-07,60.0,50.10385869153211,Caudovirales,High-quality,Escherichia coli O157:H7,temperate,REFSEQ
GCA_019802725.1@14_7,Riemerella anatipestifer,Reyes_2015_F23_T2_NODE_16_length_7759_cov_3.260744,100.0,30,0,0,1716,1745,7759,2.92e-07,60.0,48.253640933109935,Caudovirales,Low-quality,Enterobacteriaceae,temperate,GVD
GCA_019802725.1@14_7,Riemerella anatipestifer,TemPhD_cluster_64714,100.0,30,0,0,10190,10219,21123,2.92e-07,60.0,50.087582256308295,Caudovirales,Medium-quality,Escherichia coli,temperate,TEMPHD
GCA_019802725.1@14_7,Riemerella anatipestifer,TemPhD_cluster_54746,100.0,30,0,0,19870,19899,93220,2.92e-07,60.0,53.02617464063506,Caudovirales,Medium-quality,Salmonella enterica,temperate,TEMPHD
GCA_019802725.1@14_7,Riemerella anatipestifer,TemPhD_cluster_46118,100.0,30,0,0,13996,14025,60521,2.92e-07,60.0,51.14918788519688,Caudovirales,Low-quality,Salmonella enterica,temperate,TEMPHD
GCA_019802725.1@14_7,Riemerella anatipestifer,NC_004813.1,100.0,30,0,0,53003,53032,57930,2.92e-07,60.0,50.607629898152936,Caudovirales,High-quality,Escherichia coli,temperate,REFSEQ
GCA_019802725.1@14_8,Riemerella anatipestifer,IMGVR_UViG_2834949002_000004|2834949002|2834949002|1763995-1802961,93.333,30,2,0,28448,28477,38967,0.017,44.1,34.22896296866579,Caudoviricetes,High-quality,Riemerella anatipestifer,temperate,IMG_VR
GCA_019802725.1@14_9,Riemerella anatipestifer,IMGVR_UViG_2834949002_000004|2834949002|2834949002|1763995-1802961,100.0,30,0,0,8243,8214,38967,2.92e-07,60.0,34.22896296866579,Caudoviricetes,High-quality,Riemerella anatipestifer,temperate,IMG_VR
GCA_002763785.1@14_1,Prevotella intermedia,SRS105074_a1_ct25563_vs01,100.0,30,0,0,16724,16753,22692,2.92e-07,60.0,48.40913097126741,Caudovirales,Low-quality,Prevotella,virulent,CHVD
GCA_002763785.1@14_1,Prevotella intermedia,SRS022149_a1_ct29891,100.0,30,0,0,36064,36093,52310,2.92e-07,60.0,45.68724909195183,Myoviridae,Medium-quality,Prevotella,virulent,CHVD
GCA_002763785.1@14_10,Prevotella intermedia,MGV-GENOME-0317514,100.0,30,0,0,9386,9357,29696,2.92e-07,60.0,43.571524784482754,Caudovirales,Medium-quality,Parabacteroides distasonis,virulent,MGV
GCA_002763785.1@14_10,Prevotella intermedia,IMGVR_UViG_3300011976_000131|3300011976|Ga0119798_1000140|28726-78166,100.0,30,0,0,22052,22023,49441,2.92e-07,60.0,42.71353734754556,Caudoviricetes,Medium-quality,Bacteroidaceae,temperate,IMG_VR
GCA_002763785.1@14_14,Prevotella intermedia,MGV-GENOME-0327944,100.0,29,0,0,2326,2354,43218,1.15e-06,58.0,43.53278726456569,Caudovirales,High-quality,Bacteroides vulgatus,virulent,MGV
GCA_021406735.1@15_2,Porphyromonas gingivalis,IMGVR_UViG_2600255045_000002|2600255045|2600278965|1087-49872,96.552,29,1,0,9083,9111,48786,0.000281,50.1,49.91800926495306,Caudoviricetes,High-quality,Porphyromonas gingivalis,temperate,IMG_VR
GCA_021406735.1@15_2,Porphyromonas gingivalis,IMGVR_UViG_2846822444_000001|2846822444|2846822444|1411026-1458836,96.552,29,1,0,7549,7577,47811,0.000281,50.1,50.235301499654895,Caudoviricetes,High-quality,Porphyromonas gingivalis,temperate,IMG_VR
GCA_021406735.1@15_2,Porphyromonas gingivalis,IMGVR_UViG_2855585092_000002|2855585092|2855585172|3283-47269,96.552,29,1,0,40550,40522,43987,0.000281,50.1,50.48764407665901,Caudoviricetes,High-quality,Porphyromonas gingivalis,temperate,IMG_VR
GCA_021406735.1@15_2,Porphyromonas gingivalis,IMGVR_UViG_2846820306_000001|2846820306|2846820306|552118-592473,96.552,29,1,0,36834,36806,40356,0.000281,50.1,50.44850827634056,Caudoviricetes,High-quality,Porphyromonas gingivalis,temperate,IMG_VR
GCA_021406735.1@15_2,Porphyromonas gingivalis,IMGVR_UViG_2571042235_000001|2571042235|2571059602|13605-56115,96.552,29,1,0,39073,39045,42511,0.000281,50.1,50.859777469360864,Caudoviricetes,High-quality,Porphyromonas gingivalis,temperate,IMG_VR
GCA_021406735.1@15_2,Porphyromonas gingivalis,IMGVR_UViG_3300045988_183125|3300045988|Ga0495776_172817,96.552,29,1,0,40001,39973,43617,0.000281,50.1,50.37943920948255,Caudoviricetes,High-quality,Porphyromonas,temperate,IMG_VR
GCA_021406735.1@15_7,Porphyromonas gingivalis,IMGVR_UViG_2858652038_000001|2858652038|2858652105|9513-66683,96.667,30,1,0,12839,12810,57171,7.11e-05,52.0,51.34596211365903,Caudoviricetes,High-quality,Porphyromonas gingivalis,temperate,IMG_VR
GCA_021406735.1@15_10,Porphyromonas gingivalis,IMGVR_UViG_2858652038_000001|2858652038|2858652105|9513-66683,96.667,30,1,0,44311,44282,57171,7.11e-05,52.0,51.34596211365903,Caudoviricetes,High-quality,Porphyromonas gingivalis,temperate,IMG_VR
GCA_021406735.1@15_10,Porphyromonas gingivalis,IMGVR_UViG_2531839003_000001|2531839003|2531840682|878-52163,96.667,30,1,0,39156,39127,51286,7.11e-05,52.0,52.12533634910111,Caudoviricetes,High-quality,Porphyromonas gingivalis,temperate,IMG_VR
GCA_021406735.1@15_3,Porphyromonas gingivalis,MGV-GENOME-0211214,90.0,30,3,0,8622,8651,29957,4.2,36.2,49.77801515505558,Caudovirales,Medium-quality,Bacteroides ovatus,virulent,MGV
GCA_000467815.1@14_3,Porphyromonas gingivalis,IMGVR_UViG_2855585092_000002|2855585092|2855585172|3283-47269,100.0,29,0,0,7291,7319,43987,1.15e-06,58.0,50.48764407665901,Caudoviricetes,High-quality,Porphyromonas gingivalis,temperate,IMG_VR
GCA_000467815.1@14_3,Porphyromonas gingivalis,IMGVR_UViG_2846829876_000002|2846829876|2846829876|620851-664599,100.0,29,0,0,6065,6093,43749,1.15e-06,58.0,50.54515531783584,Caudoviricetes,High-quality,Porphyromonas gingivalis,temperate,IMG_VR
GCA_900455005.1@5_3,Prevotella intermedia,SRS149720_a1_ct5229,100.0,29,0,0,72209,72237,78562,1.15e-06,58.0,29.42389450370408,Myoviridae,High-quality,Bacteroides,virulent,CHVD
GCA_900455005.1@5_7,Prevotella intermedia,MGV-GENOME-0230253,100.0,30,0,0,30245,30216,33365,2.92e-07,60.0,47.3849842649483,Caudovirales,Medium-quality,Bacteroides oleiciplenus,virulent,MGV
GCA_900455005.1@5_7,Prevotella intermedia,IMGVR_UViG_3300045988_176257|3300045988|Ga0495776_028221,100.0,30,0,0,46279,46250,49142,2.92e-07,60.0,42.3283545643238,Caudoviricetes,High-quality,Prevotella,virulent,IMG_VR
GCA_900455005.1@5_7,Prevotella intermedia,uvig_99536,100.0,30,0,0,1989,2018,33323,2.92e-07,60.0,46.66146505416679,Caudovirales,Medium-quality,Prevotella stercorea,virulent,GPD
GCA_900455005.1@5_7,Prevotella intermedia,SRS147178_a1_ct16633_vs1,100.0,30,0,0,7687,7658,13300,2.92e-07,60.0,43.85714285714285,Siphoviridae,Low-quality,Prevotella,virulent,CHVD
GCA_900455005.1@5_7,Prevotella intermedia,SRS147094_a1_ct19299_vs01,100.0,30,0,0,31079,31050,41389,2.92e-07,60.0,44.27263282514678,Caudovirales,Medium-quality,Prevotella,virulent,CHVD
GCA_900455005.1@5_7,Prevotella intermedia,SRS105100_a1_ct73602_vs01,100.0,30,0,0,30830,30801,33058,2.92e-07,60.0,47.365236856434144,Caudovirales,Medium-quality,Prevotella,virulent,CHVD
GCA_900455005.1@5_7,Prevotella intermedia,SRS104915_a1_ct8085_vs01,100.0,30,0,0,4620,4649,39746,2.92e-07,60.0,43.33517838273034,Caudovirales,Medium-quality,Prevotella,virulent,CHVD
GCA_900455005.1@5_7,Prevotella intermedia,SRS104830_a1_ct32814_vs1,100.0,30,0,0,54098,54069,60148,2.92e-07,60.0,38.16086985435925,Siphoviridae,Medium-quality,Prevotella,virulent,CHVD
GCA_900455005.1@5_7,Prevotella intermedia,SRS104704_a1_ct16072_vs1,100.0,30,0,0,37634,37605,43380,2.92e-07,60.0,44.54817888427847,Myoviridae,Medium-quality,Prevotella,virulent,CHVD
GCA_900455005.1@5_7,Prevotella intermedia,SRS050669_a1_ct26560_vs1,100.0,30,0,0,30424,30395,37500,2.92e-07,60.0,45.29866666666666,Siphoviridae,Medium-quality,Prevotella,virulent,CHVD
GCA_900157255.1@5_1,Porphyromonas gingivalis,MGV-GENOME-0211214,100.0,30,0,0,11593,11622,29957,2.92e-07,60.0,49.77801515505558,Caudovirales,Medium-quality,Bacteroides ovatus,virulent,MGV
GCA_900157255.1@5_1,Porphyromonas gingivalis,MGV-GENOME-0272237,100.0,30,0,0,1286,1315,35387,2.92e-07,60.0,48.2013168677763,Caudovirales,Medium-quality,Ruminiclostridium siraeum,temperate,MGV
GCA_900157255.1@5_2,Porphyromonas gingivalis,IMGVR_UViG_2858652038_000001|2858652038|2858652105|9513-66683,93.333,30,2,0,10525,10554,57171,0.017,44.1,51.34596211365903,Caudoviricetes,High-quality,Porphyromonas gingivalis,temperate,IMG_VR
GCA_024124965.1@11_16,Riemerella anatipestifer,uvig_556097,100.0,30,0,0,2680,2709,32624,2.92e-07,60.0,40.57442373712604,Caudovirales,High-quality,Ruminococcus E bromii;NA,temperate,GPD
GCA_024124965.1@11_16,Riemerella anatipestifer,MGV-GENOME-0239501,100.0,30,0,0,2251,2280,35153,2.92e-07,60.0,42.30079936278553,Caudovirales,High-quality,Ruminococcus_E,temperate,MGV
GCA_024124965.1@11_16,Riemerella anatipestifer,Moreno-Gallego_2019_ERR2868017_NODE_189_length_5498_cov_28.744259,100.0,30,0,0,1375,1346,5498,2.92e-07,60.0,50.30920334667152,,Not-determined,Neisseriaceae,virulent,GVD
GCA_024124965.1@11_16,Riemerella anatipestifer,MGV-GENOME-0256847,100.0,30,0,0,3125,3154,37904,2.92e-07,60.0,40.70282819755171,Caudovirales,High-quality,Ruminococcus_E,temperate,MGV
GCA_024124965.1@11_16,Riemerella anatipestifer,SRS018656_a1_ct1_vs1,100.0,30,0,0,32175,32146,33945,2.92e-07,60.0,40.577404625128885,Siphoviridae,High-quality,Ruminococcus,temperate,CHVD
GCA_024124965.1@11_16,Riemerella anatipestifer,SAMN05826588_a1_ct2896_vs1,100.0,30,0,0,2149,2178,25223,2.92e-07,60.0,39.98731316655434,Siphoviridae,Medium-quality,Ruminococcus,temperate,CHVD
GCA_024124965.1@11_16,Riemerella anatipestifer,MGV-GENOME-0255888,100.0,30,0,0,2823,2852,37738,2.92e-07,60.0,49.06195346865229,Caudovirales,High-quality,CAG-177,virulent,MGV
GCA_024124965.1@11_16,Riemerella anatipestifer,MGV-GENOME-0364871,100.0,30,0,0,1431,1460,97995,2.92e-07,60.0,44.005306393183325,Caudovirales,High-quality,CAG-177,virulent,MGV
GCA_024124965.1@11_16,Riemerella anatipestifer,MGV-GENOME-0295822,100.0,30,0,0,3029,3058,38753,2.92e-07,60.0,47.748561401697934,Caudovirales,High-quality,CAG-353,temperate,MGV
GCA_024124965.1@11_3,Riemerella anatipestifer,IMGVR_UViG_2834949002_000004|2834949002|2834949002|1763995-1802961,100.0,30,0,0,3731,3702,38967,2.92e-07,60.0,34.22896296866579,Caudoviricetes,High-quality,Riemerella anatipestifer,temperate,IMG_VR
GCA_024124965.1@11_17,Riemerella anatipestifer,IMGVR_UViG_2834949002_000004|2834949002|2834949002|1763995-1802961,96.667,30,1,0,35510,35481,38967,7.11e-05,52.0,34.22896296866579,Caudoviricetes,High-quality,Riemerella anatipestifer,temperate,IMG_VR
GCA_014844495.1@14_8,Flavobacterium columnare,Station191_SUR_ALL_assembly_NODE_18_length_111890_cov_446.688988,96.552,29,1,0,79274,79302,111890,0.000281,50.1,33.848422557869334,Caudovirales,Medium-quality,Cellulophaga baltica,virulent,GOV2
GCA_014844495.1@14_8,Flavobacterium columnare,Station188_DCM_ALL_assembly_NODE_2728_length_22965_cov_7.986469,96.552,29,1,0,22930,22958,22965,0.000281,50.1,29.97605051164816,Caudovirales,Low-quality,Clostridioides difficile,virulent,GOV2
GCA_014844495.1@14_8,Flavobacterium columnare,Station194_SUR_ALL_assembly_NODE_5263_length_10389_cov_61.048771,96.552,29,1,0,9760,9788,10389,0.000281,50.1,34.30551544903263,Caudovirales,Low-quality,Bacteroides xylanisolvens,virulent,GOV2
GCA_014844495.1@14_10,Flavobacterium columnare,KM873719.2,100.0,30,0,0,44354,44383,47142,2.92e-07,60.0,30.198124814390564,Caudovirales,High-quality,Campylobacter coli,virulent,GENBANK
GCA_014844495.1@14_10,Flavobacterium columnare,NC_041845.1,100.0,30,0,0,45056,45085,46450,2.92e-07,60.0,29.82346609257266,Caudovirales,High-quality,Flavobacterium columnare,virulent,REFSEQ
GCA_014844495.1@14_9,Flavobacterium columnare,NC_041845.1,100.0,30,0,0,37336,37365,46450,2.92e-07,60.0,29.82346609257266,Caudovirales,High-quality,Flavobacterium columnare,virulent,REFSEQ
GCA_001670785.1@13_7,Riemerella anatipestifer,IMGVR_UViG_2834949002_000004|2834949002|2834949002|1763995-1802961,93.333,30,2,0,28448,28477,38967,0.017,44.1,34.22896296866579,Caudoviricetes,High-quality,Riemerella anatipestifer,temperate,IMG_VR
GCA_001670785.1@13_8,Riemerella anatipestifer,IMGVR_UViG_2834949002_000004|2834949002|2834949002|1763995-1802961,100.0,30,0,0,8243,8214,38967,2.92e-07,60.0,34.22896296866579,Caudoviricetes,High-quality,Riemerella anatipestifer,temperate,IMG_VR
GCA_021406605.1@13_1,Porphyromonas gingivalis,IMGVR_UViG_2858652038_000001|2858652038|2858652105|9513-66683,100.0,30,0,0,54873,54902,57171,2.92e-07,60.0,51.34596211365903,Caudoviricetes,High-quality,Porphyromonas gingivalis,temperate,IMG_VR
GCA_025629605.1@1_5,Riemerella anatipestifer,IMGVR_UViG_2834949002_000004|2834949002|2834949002|1763995-1802961,100.0,30,0,0,33,4,38967,2.92e-07,60.0,34.22896296866579,Caudoviricetes,High-quality,Riemerella anatipestifer,temperate,IMG_VR
GCA_000519165.1@13_2,Prevotella intermedia,MGV-GENOME-0230253,100.0,30,0,0,30216,30245,33365,2.92e-07,60.0,47.3849842649483,Caudovirales,Medium-quality,Bacteroides oleiciplenus,virulent,MGV
GCA_000519165.1@13_2,Prevotella intermedia,IMGVR_UViG_3300045988_176257|3300045988|Ga0495776_028221,100.0,30,0,0,46250,46279,49142,2.92e-07,60.0,42.3283545643238,Caudoviricetes,High-quality,Prevotella,virulent,IMG_VR
GCA_000519165.1@13_2,Prevotella intermedia,uvig_99536,100.0,30,0,0,2018,1989,33323,2.92e-07,60.0,46.66146505416679,Caudovirales,Medium-quality,Prevotella stercorea,virulent,GPD
GCA_000519165.1@13_2,Prevotella intermedia,SRS147178_a1_ct16633_vs1,100.0,30,0,0,7658,7687,13300,2.92e-07,60.0,43.85714285714285,Siphoviridae,Low-quality,Prevotella,virulent,CHVD
GCA_000519165.1@13_2,Prevotella intermedia,SRS147094_a1_ct19299_vs01,100.0,30,0,0,31050,31079,41389,2.92e-07,60.0,44.27263282514678,Caudovirales,Medium-quality,Prevotella,virulent,CHVD
GCA_000519165.1@13_2,Prevotella intermedia,SRS105100_a1_ct73602_vs01,100.0,30,0,0,30801,30830,33058,2.92e-07,60.0,47.365236856434144,Caudovirales,Medium-quality,Prevotella,virulent,CHVD
GCA_000519165.1@13_2,Prevotella intermedia,SRS104915_a1_ct8085_vs01,100.0,30,0,0,4649,4620,39746,2.92e-07,60.0,43.33517838273034,Caudovirales,Medium-quality,Prevotella,virulent,CHVD
GCA_000519165.1@13_2,Prevotella intermedia,SRS104830_a1_ct32814_vs1,100.0,30,0,0,54069,54098,60148,2.92e-07,60.0,38.16086985435925,Siphoviridae,Medium-quality,Prevotella,virulent,CHVD
GCA_000519165.1@13_2,Prevotella intermedia,SRS104704_a1_ct16072_vs1,100.0,30,0,0,37605,37634,43380,2.92e-07,60.0,44.54817888427847,Myoviridae,Medium-quality,Prevotella,virulent,CHVD
GCA_000519165.1@13_2,Prevotella intermedia,SRS050669_a1_ct26560_vs1,100.0,30,0,0,30395,30424,37500,2.92e-07,60.0,45.29866666666666,Siphoviridae,Medium-quality,Prevotella,virulent,CHVD
GCA_000519165.1@13_6,Prevotella intermedia,SRS149720_a1_ct5229,100.0,29,0,0,72237,72209,78562,1.15e-06,58.0,29.42389450370408,Myoviridae,High-quality,Bacteroides,virulent,CHVD
GCA_002762425.1@15_4,Prevotella intermedia,SAMN09781739_a1_ct74613_vs1,93.333,30,2,0,99659,99688,172150,0.017,44.1,32.206796398489686,Siphoviridae,High-quality,Lachnospiraceae,temperate,CHVD
GCA_002762425.1@15_4,Prevotella intermedia,uvig_579220,93.333,30,2,0,59377,59348,64233,0.017,44.1,32.17505020783709,Caudovirales,Low-quality,Agathobacter rectalis;Coprococcus sp1;Roseburia intestinalis,temperate,GPD
GCA_002762425.1@15_2,Prevotella intermedia,Station111_SUR_ALL_assembly_NODE_1204_length_13554_cov_24.368916,93.103,29,2,0,7282,7254,13554,0.069,42.1,25.667699572082043,,Low-quality,Campylobacter jejuni,virulent,GOV2
GCA_001995115.1@8_10,Flavobacterium columnare,SAMEA2737859_b1_ct35_vs2,93.333,30,2,0,71395,71366,77769,0.017,44.1,42.95541925445872,Myoviridae,Medium-quality,Prevotella,virulent,CHVD
GCA_001995115.1@8_10,Flavobacterium columnare,MGV-GENOME-0350462,93.333,30,2,0,6492,6521,78023,0.017,44.1,42.9783525370724,Caudovirales,Medium-quality,Prevotella copri,virulent,MGV
GCA_001995115.1@8_2,Flavobacterium columnare,IMGVR_UViG_3300020045_012053|3300020045|Ga0206662_1000191,90.0,30,3,0,6089,6118,49567,4.2,36.2,34.59963282022313,Caudoviricetes,High-quality,Flavobacteriaceae,virulent,IMG_VR
GCA_001670605.1@14_5,Riemerella anatipestifer,IMGVR_UViG_2834949002_000004|2834949002|2834949002|1763995-1802961,100.0,30,0,0,8214,8243,38967,2.92e-07,60.0,34.22896296866579,Caudoviricetes,High-quality,Riemerella anatipestifer,temperate,IMG_VR
GCA_001670605.1@14_6,Riemerella anatipestifer,IMGVR_UViG_2834949002_000004|2834949002|2834949002|1763995-1802961,93.333,30,2,0,28477,28448,38967,0.017,44.1,34.22896296866579,Caudoviricetes,High-quality,Riemerella anatipestifer,temperate,IMG_VR
GCA_000331695.1@14_5,Riemerella anatipestifer,IMGVR_UViG_2834949002_000004|2834949002|2834949002|1763995-1802961,100.0,30,0,0,8214,8243,38967,2.92e-07,60.0,34.22896296866579,Caudoviricetes,High-quality,Riemerella anatipestifer,temperate,IMG_VR
GCA_000331695.1@14_6,Riemerella anatipestifer,IMGVR_UViG_2834949002_000004|2834949002|2834949002|1763995-1802961,93.333,30,2,0,28477,28448,38967,0.017,44.1,34.22896296866579,Caudoviricetes,High-quality,Riemerella anatipestifer,temperate,IMG_VR
GCA_000768775.1@4_5,Porphyromonas gulae,Station208_SUR_ALL_assembly_NODE_3342_length_14452_cov_214.130652,93.103,29,2,0,9939,9967,14452,0.069,42.1,34.64572377525602,Caudovirales,Medium-quality,Cellulophaga baltica,virulent,GOV2
GCA_001274615.1@16_1,Porphyromonas gingivalis,IMGVR_UViG_2858652038_000001|2858652038|2858652105|9513-66683,93.333,30,2,0,10554,10525,57171,0.017,44.1,51.34596211365903,Caudoviricetes,High-quality,Porphyromonas gingivalis,temperate,IMG_VR
GCA_001274615.1@16_4,Porphyromonas gingivalis,MGV-GENOME-0211214,100.0,30,0,0,11622,11593,29957,2.92e-07,60.0,49.77801515505558,Caudovirales,Medium-quality,Bacteroides ovatus,virulent,MGV
GCA_001274615.1@16_4,Porphyromonas gingivalis,MGV-GENOME-0272237,100.0,30,0,0,1315,1286,35387,2.92e-07,60.0,48.2013168677763,Caudovirales,Medium-quality,Ruminiclostridium siraeum,temperate,MGV
GCA_001274615.1@16_8,Porphyromonas gingivalis,IMGVR_UViG_2531839003_000001|2531839003|2531840682|878-52163,100.0,30,0,0,7262,7233,51286,2.92e-07,60.0,52.12533634910111,Caudoviricetes,High-quality,Porphyromonas gingivalis,temperate,IMG_VR
GCA_001274615.1@16_9,Porphyromonas gingivalis,IMGVR_UViG_2858652038_000001|2858652038|2858652105|9513-66683,100.0,30,0,0,8788,8759,57171,2.92e-07,60.0,51.34596211365903,Caudoviricetes,High-quality,Porphyromonas gingivalis,temperate,IMG_VR
GCA_001274615.1@16_10,Porphyromonas gingivalis,MGV-GENOME-0211214,96.667,30,1,0,11207,11178,29957,7.11e-05,52.0,49.77801515505558,Caudovirales,Medium-quality,Bacteroides ovatus,virulent,MGV
GCA_002529225.1@1_2,Prevotella intermedia,MGV-GENOME-0376997,96.667,30,1,0,38237,38266,160875,7.11e-05,52.0,30.69090909090909,Caudovirales,Medium-quality,Barnesiella,virulent,MGV
GCA_002529225.1@1_2,Prevotella intermedia,SRS144300_a1_ct16022_vs1,96.667,30,1,0,136974,136945,143600,7.11e-05,52.0,26.46239554317549,Myoviridae,Medium-quality,Prevotella,virulent,CHVD
GCA_002529225.1@1_2,Prevotella intermedia,Ma_2019_SRR341620_NODE_17_length_159093_cov_15.198256,96.667,30,1,0,38069,38098,159093,7.11e-05,52.0,30.64371153979119,Caudovirales,Medium-quality,Bacteroidaceae,virulent,GVD
GCA_002529225.1@1_2,Prevotella intermedia,uvig_320578,96.667,30,1,0,38109,38138,159173,7.11e-05,52.0,30.64904223706282,Caudovirales,Medium-quality,Odoribacter splanchnicus,virulent,GPD
GCA_002529225.1@1_6,Prevotella intermedia,SAMEA2737885_b1_ct7,100.0,30,0,0,11567,11596,45675,2.92e-07,60.0,42.46743295019157,Caudovirales,High-quality,Prevotella,virulent,CHVD
GCA_002529225.1@1_6,Prevotella intermedia,MGV-GENOME-0296411,100.0,30,0,0,21303,21274,45730,2.92e-07,60.0,42.47977257817625,Caudovirales,Complete,GCA-900066995,virulent,MGV
GCA_002529225.1@1_6,Prevotella intermedia,MGV-GENOME-0267287,100.0,30,0,0,7289,7260,39759,2.92e-07,60.0,42.44573555672929,Caudovirales,Medium-quality,GCA-900066995,virulent,MGV
GCA_002753935.1@7_5,Porphyromonas gingivalis,IMGVR_UViG_2639763162_000001|2639763162|2639848518|21614-75019,100.0,29,0,0,37338,37366,53406,1.15e-06,58.0,49.39145414372917,Caudoviricetes,High-quality,Porphyromonas gulae,temperate,IMG_VR
GCA_002753935.1@7_5,Porphyromonas gingivalis,IMGVR_UViG_2855585092_000002|2855585092|2855585172|3283-47269,100.0,29,0,0,32145,32173,43987,1.15e-06,58.0,50.48764407665901,Caudoviricetes,High-quality,Porphyromonas gingivalis,temperate,IMG_VR
GCA_002753935.1@7_5,Porphyromonas gingivalis,IMGVR_UViG_2846829876_000002|2846829876|2846829876|620851-664599,100.0,29,0,0,31041,31069,43749,1.15e-06,58.0,50.54515531783584,Caudoviricetes,High-quality,Porphyromonas gingivalis,temperate,IMG_VR
GCA_002753935.1@7_5,Porphyromonas gingivalis,IMGVR_UViG_2846822444_000001|2846822444|2846822444|1411026-1458836,100.0,29,0,0,16518,16490,47811,1.15e-06,58.0,50.235301499654895,Caudoviricetes,High-quality,Porphyromonas gingivalis,temperate,IMG_VR
GCA_002753935.1@7_5,Porphyromonas gingivalis,IMGVR_UViG_2571042235_000001|2571042235|2571059602|13605-56115,100.0,29,0,0,30554,30582,42511,1.15e-06,58.0,50.859777469360864,Caudoviricetes,High-quality,Porphyromonas gingivalis,temperate,IMG_VR
GCA_002753935.1@7_6,Porphyromonas gingivalis,IMGVR_UViG_2639763162_000001|2639763162|2639848518|21614-75019,100.0,29,0,0,37338,37366,53406,1.15e-06,58.0,49.39145414372917,Caudoviricetes,High-quality,Porphyromonas gulae,temperate,IMG_VR
GCA_002753935.1@7_6,Porphyromonas gingivalis,IMGVR_UViG_2855585092_000002|2855585092|2855585172|3283-47269,100.0,29,0,0,32145,32173,43987,1.15e-06,58.0,50.48764407665901,Caudoviricetes,High-quality,Porphyromonas gingivalis,temperate,IMG_VR
GCA_002753935.1@7_6,Porphyromonas gingivalis,IMGVR_UViG_2846829876_000002|2846829876|2846829876|620851-664599,100.0,29,0,0,31041,31069,43749,1.15e-06,58.0,50.54515531783584,Caudoviricetes,High-quality,Porphyromonas gingivalis,temperate,IMG_VR
GCA_002753935.1@7_6,Porphyromonas gingivalis,IMGVR_UViG_2846822444_000001|2846822444|2846822444|1411026-1458836,100.0,29,0,0,16518,16490,47811,1.15e-06,58.0,50.235301499654895,Caudoviricetes,High-quality,Porphyromonas gingivalis,temperate,IMG_VR
GCA_002753935.1@7_6,Porphyromonas gingivalis,IMGVR_UViG_2571042235_000001|2571042235|2571059602|13605-56115,100.0,29,0,0,30554,30582,42511,1.15e-06,58.0,50.859777469360864,Caudoviricetes,High-quality,Porphyromonas gingivalis,temperate,IMG_VR
GCA_002753935.1@7_7,Porphyromonas gingivalis,IMGVR_UViG_2639763162_000001|2639763162|2639848518|21614-75019,100.0,29,0,0,37338,37366,53406,1.15e-06,58.0,49.39145414372917,Caudoviricetes,High-quality,Porphyromonas gulae,temperate,IMG_VR
GCA_002753935.1@7_7,Porphyromonas gingivalis,IMGVR_UViG_2855585092_000002|2855585092|2855585172|3283-47269,100.0,29,0,0,32145,32173,43987,1.15e-06,58.0,50.48764407665901,Caudoviricetes,High-quality,Porphyromonas gingivalis,temperate,IMG_VR
GCA_002753935.1@7_7,Porphyromonas gingivalis,IMGVR_UViG_2846829876_000002|2846829876|2846829876|620851-664599,100.0,29,0,0,31041,31069,43749,1.15e-06,58.0,50.54515531783584,Caudoviricetes,High-quality,Porphyromonas gingivalis,temperate,IMG_VR
GCA_002753935.1@7_7,Porphyromonas gingivalis,IMGVR_UViG_2846822444_000001|2846822444|2846822444|1411026-1458836,100.0,29,0,0,16518,16490,47811,1.15e-06,58.0,50.235301499654895,Caudoviricetes,High-quality,Porphyromonas gingivalis,temperate,IMG_VR
GCA_002753935.1@7_7,Porphyromonas gingivalis,IMGVR_UViG_2571042235_000001|2571042235|2571059602|13605-56115,100.0,29,0,0,30554,30582,42511,1.15e-06,58.0,50.859777469360864,Caudoviricetes,High-quality,Porphyromonas gingivalis,temperate,IMG_VR
GCA_014844375.1@14_8,Flavobacterium columnare,Station191_SUR_ALL_assembly_NODE_18_length_111890_cov_446.688988,96.552,29,1,0,79274,79302,111890,0.000281,50.1,33.848422557869334,Caudovirales,Medium-quality,Cellulophaga baltica,virulent,GOV2
GCA_014844375.1@14_8,Flavobacterium columnare,Station188_DCM_ALL_assembly_NODE_2728_length_22965_cov_7.986469,96.552,29,1,0,22930,22958,22965,0.000281,50.1,29.97605051164816,Caudovirales,Low-quality,Clostridioides difficile,virulent,GOV2
GCA_014844375.1@14_8,Flavobacterium columnare,Station194_SUR_ALL_assembly_NODE_5263_length_10389_cov_61.048771,96.552,29,1,0,9760,9788,10389,0.000281,50.1,34.30551544903263,Caudovirales,Low-quality,Bacteroides xylanisolvens,virulent,GOV2
GCA_014844375.1@14_10,Flavobacterium columnare,KM873719.2,100.0,30,0,0,44354,44383,47142,2.92e-07,60.0,30.198124814390564,Caudovirales,High-quality,Campylobacter coli,virulent,GENBANK
GCA_014844375.1@14_10,Flavobacterium columnare,NC_041845.1,100.0,30,0,0,45056,45085,46450,2.92e-07,60.0,29.82346609257266,Caudovirales,High-quality,Flavobacterium columnare,virulent,REFSEQ
GCA_014844375.1@14_9,Flavobacterium columnare,NC_041845.1,100.0,30,0,0,37336,37365,46450,2.92e-07,60.0,29.82346609257266,Caudovirales,High-quality,Flavobacterium columnare,virulent,REFSEQ
GCA_025907695.1@3_11,Riemerella anatipestifer,IMGVR_UViG_2834949002_000004|2834949002|2834949002|1763995-1802961,100.0,30,0,0,3702,3731,38967,2.92e-07,60.0,34.22896296866579,Caudoviricetes,High-quality,Riemerella anatipestifer,temperate,IMG_VR
GCA_001553795.1@5_1,Porphyromonas gingivalis,TemPhD_cluster_59316,100.0,30,0,0,12155,12126,47858,2.92e-07,60.0,48.44122194826361,Caudovirales,High-quality,Porphyromonas gingivalis,temperate,TEMPHD
GCA_001670855.1@13_7,Riemerella anatipestifer,IMGVR_UViG_2834949002_000004|2834949002|2834949002|1763995-1802961,93.333,30,2,0,28448,28477,38967,0.017,44.1,34.22896296866579,Caudoviricetes,High-quality,Riemerella anatipestifer,temperate,IMG_VR
GCA_001670855.1@13_8,Riemerella anatipestifer,IMGVR_UViG_2834949002_000004|2834949002|2834949002|1763995-1802961,100.0,30,0,0,8243,8214,38967,2.92e-07,60.0,34.22896296866579,Caudoviricetes,High-quality,Riemerella anatipestifer,temperate,IMG_VR
GCA_009663585.1@1_7,Riemerella anatipestifer,IMGVR_UViG_2834954086_000001|2834954086|2834954086|2092303-2140653,96.667,30,1,0,48003,48032,48351,7.11e-05,52.0,34.932059316249926,Caudoviricetes,High-quality,Riemerella anatipestifer,temperate,IMG_VR
GCA_009663585.1@1_7,Riemerella anatipestifer,IMGVR_UViG_2721755539_000001|2721755539|2721800994|2089749-2136803,96.667,30,1,0,46441,46470,47055,7.11e-05,52.0,35.10360216767612,Caudoviricetes,High-quality,Riemerella anatipestifer,temperate,IMG_VR
GCA_009663585.1@1_7,Riemerella anatipestifer,IMGVR_UViG_651053063_000001|651053063|651053060|157280-206407,96.667,30,1,0,615,586,49128,7.11e-05,52.0,34.912880638332524,Caudoviricetes,High-quality,Riemerella anatipestifer,temperate,IMG_VR
GCA_009663585.1@1_7,Riemerella anatipestifer,IMGVR_UViG_2724679207_000002|2724679207|2724717569|47187-96235,96.667,30,1,0,615,586,49049,7.11e-05,52.0,34.80193276111643,Caudoviricetes,High-quality,Riemerella anatipestifer,temperate,IMG_VR
GCA_009663585.1@1_7,Riemerella anatipestifer,IMGVR_UViG_2834334511_000001|2834334511|2834334554|4915-53707,96.667,30,1,0,48179,48208,48793,7.11e-05,52.0,35.03371385239686,Caudoviricetes,High-quality,Riemerella anatipestifer,temperate,IMG_VR
GCA_009663585.1@1_7,Riemerella anatipestifer,IMGVR_UViG_2627854212_000002|2627854212|2627925495|2119183-2168380,96.667,30,1,0,48584,48613,49198,7.11e-05,52.0,34.966868571893166,Caudoviricetes,High-quality,Riemerella anatipestifer,temperate,IMG_VR
GCA_009663585.1@1_7,Riemerella anatipestifer,IMGVR_UViG_649633092_000001|649633092|649633065|2090737-2139086,96.667,30,1,0,48002,48031,48350,7.11e-05,52.0,34.932781799379526,Caudoviricetes,High-quality,Riemerella anatipestifer,temperate,IMG_VR
GCA_009663585.1@1_7,Riemerella anatipestifer,IMGVR_UViG_2531839590_000001|2531839590|2531917019|70498-119313,96.667,30,1,0,48202,48231,48816,7.11e-05,52.0,35.095050803015404,Caudoviricetes,High-quality,Riemerella anatipestifer,temperate,IMG_VR
GCA_009663585.1@1_7,Riemerella anatipestifer,NC_019490.1,96.667,30,1,0,44599,44628,49329,7.11e-05,52.0,34.74021366741673,Caudovirales,High-quality,Riemerella anatipestifer,virulent,REFSEQ
GCA_009663585.1@1_8,Riemerella anatipestifer,Station72_DCM_ALL_assembly_NODE_31_length_76956_cov_5.497874,93.103,29,2,0,37285,37257,76956,0.069,42.1,38.25302770414263,Caudovirales,Medium-quality,Acinetobacter calcoaceticus,virulent,GOV2
GCA_009663585.1@1_8,Riemerella anatipestifer,Station100_DCM_ALL_assembly_NODE_89_length_60434_cov_6.364464,93.103,29,2,0,21399,21371,60434,0.069,42.1,38.32114372704107,Caudovirales,Medium-quality,Moraxella catarrhalis,virulent,GOV2
GCA_009663585.1@1_3,Riemerella anatipestifer,IMGVR_UViG_2834949002_000002|2834949002|2834949002|359312-408814,96.667,30,1,0,3595,3624,49503,7.11e-05,52.0,34.71708785326142,Caudoviricetes,High-quality,Riemerella anatipestifer,temperate,IMG_VR
GCA_009663585.1@1_4,Riemerella anatipestifer,IMGVR_UViG_2518645536_000001|2518645536|2518679801|1354423-1396578,100.0,30,0,0,4277,4306,42156,2.92e-07,60.0,33.456684694942595,Caudoviricetes,High-quality,Riemerella anatipestifer,temperate,IMG_VR
GCA_009663585.1@1_5,Riemerella anatipestifer,IMGVR_UViG_2518645536_000001|2518645536|2518679801|1354423-1396578,100.0,30,0,0,4277,4306,42156,2.92e-07,60.0,33.456684694942595,Caudoviricetes,High-quality,Riemerella anatipestifer,temperate,IMG_VR
GCA_000271945.1@13_1,Porphyromonas gingivalis,MGV-GENOME-0211214,96.667,30,1,0,13789,13760,29957,7.11e-05,52.0,49.77801515505558,Caudovirales,Medium-quality,Bacteroides ovatus,virulent,MGV
GCA_000271945.1@13_3,Porphyromonas gingivalis,TemPhD_cluster_26955,90.0,30,3,0,11946,11975,48785,4.2,36.2,48.87362918929999,Caudovirales,High-quality,Porphyromonas gulae,temperate,TEMPHD
GCA_003585975.1@15_6,Capnocytophaga canis,IMGVR_UViG_2808606806_000004|2808606806|2808653060|3-41349,100.0,30,0,0,12298,12327,41347,2.92e-07,60.0,38.13819624156529,Caudoviricetes,High-quality,Bergeyella zoohelcum,temperate,IMG_VR
GCA_003585975.1@15_6,Capnocytophaga canis,IMGVR_UViG_2537561902_000004|2537561902|2537607664|201-39239,100.0,30,0,0,33522,33493,39039,2.92e-07,60.0,39.00970824047747,Caudoviricetes,High-quality,Bergeyella zoohelcum,temperate,IMG_VR
GCA_001314265.1@5_5,Porphyromonas gingivalis,TemPhD_cluster_26955,100.0,30,0,0,14146,14175,48785,2.92e-07,60.0,48.87362918929999,Caudovirales,High-quality,Porphyromonas gulae,temperate,TEMPHD
GCA_025907735.1@13_3,Riemerella anatipestifer,IMGVR_UViG_2834949002_000004|2834949002|2834949002|1763995-1802961,100.0,30,0,0,4,33,38967,2.92e-07,60.0,34.22896296866579,Caudoviricetes,High-quality,Riemerella anatipestifer,temperate,IMG_VR
GCA_025907735.1@13_8,Riemerella anatipestifer,IMGVR_UViG_2834949002_000004|2834949002|2834949002|1763995-1802961,100.0,30,0,0,12163,12192,38967,2.92e-07,60.0,34.22896296866579,Caudoviricetes,High-quality,Riemerella anatipestifer,temperate,IMG_VR
GCA_000007585.1@16_1,Porphyromonas gingivalis,MGV-GENOME-0211214,96.667,30,1,0,13789,13760,29957,7.11e-05,52.0,49.77801515505558,Caudovirales,Medium-quality,Bacteroides ovatus,virulent,MGV
GCA_000007585.1@16_3,Porphyromonas gingivalis,TemPhD_cluster_26955,90.0,30,3,0,11946,11975,48785,4.2,36.2,48.87362918929999,Caudovirales,High-quality,Porphyromonas gulae,temperate,TEMPHD
GCA_000007585.1@16_5,Porphyromonas gingivalis,TemPhD_cluster_26955,90.0,30,3,0,11946,11975,48785,4.2,36.2,48.87362918929999,Caudovirales,High-quality,Porphyromonas gulae,temperate,TEMPHD
GCA_000007585.1@16_6,Porphyromonas gingivalis,Station125_SUR_ALL_assembly_NODE_972_length_19599_cov_4.985520,93.103,29,2,0,16352,16324,19599,0.069,42.1,30.55257921322517,Caudovirales,Low-quality,Clostridioides difficile,virulent,GOV2
GCA_014844255.1@14_8,Flavobacterium columnare,Station191_SUR_ALL_assembly_NODE_18_length_111890_cov_446.688988,96.552,29,1,0,79274,79302,111890,0.000281,50.1,33.848422557869334,Caudovirales,Medium-quality,Cellulophaga baltica,virulent,GOV2
GCA_014844255.1@14_8,Flavobacterium columnare,Station188_DCM_ALL_assembly_NODE_2728_length_22965_cov_7.986469,96.552,29,1,0,22930,22958,22965,0.000281,50.1,29.97605051164816,Caudovirales,Low-quality,Clostridioides difficile,virulent,GOV2
GCA_014844255.1@14_8,Flavobacterium columnare,Station194_SUR_ALL_assembly_NODE_5263_length_10389_cov_61.048771,96.552,29,1,0,9760,9788,10389,0.000281,50.1,34.30551544903263,Caudovirales,Low-quality,Bacteroides xylanisolvens,virulent,GOV2
GCA_014844255.1@14_10,Flavobacterium columnare,KM873719.2,100.0,30,0,0,44354,44383,47142,2.92e-07,60.0,30.198124814390564,Caudovirales,High-quality,Campylobacter coli,virulent,GENBANK
GCA_014844255.1@14_10,Flavobacterium columnare,NC_041845.1,100.0,30,0,0,45056,45085,46450,2.92e-07,60.0,29.82346609257266,Caudovirales,High-quality,Flavobacterium columnare,virulent,REFSEQ
GCA_014844255.1@14_9,Flavobacterium columnare,NC_041845.1,100.0,30,0,0,37336,37365,46450,2.92e-07,60.0,29.82346609257266,Caudovirales,High-quality,Flavobacterium columnare,virulent,REFSEQ
GCA_002529215.1@10_2,Porphyromonas gingivalis,IMGVR_UViG_2858652038_000001|2858652038|2858652105|9513-66683,100.0,29,0,0,39244,39216,57171,1.15e-06,58.0,51.34596211365903,Caudoviricetes,High-quality,Porphyromonas gingivalis,temperate,IMG_VR
GCA_002529215.1@10_6,Porphyromonas gingivalis,MGV-GENOME-0211214,96.667,30,1,0,11135,11106,29957,7.11e-05,52.0,49.77801515505558,Caudovirales,Medium-quality,Bacteroides ovatus,virulent,MGV
GCA_002529215.1@10_14,Porphyromonas gingivalis,TemPhD_cluster_59316,100.0,30,0,0,26430,26459,47858,2.92e-07,60.0,48.44122194826361,Caudovirales,High-quality,Porphyromonas gingivalis,temperate,TEMPHD
GCA_002529215.1@10_18,Porphyromonas gingivalis,IMGVR_UViG_2855585092_000002|2855585092|2855585172|3283-47269,100.0,30,0,0,2017,1988,43987,2.92e-07,60.0,50.48764407665901,Caudoviricetes,High-quality,Porphyromonas gingivalis,temperate,IMG_VR
GCA_002529215.1@10_4,Porphyromonas gingivalis,MGV-GENOME-0211214,100.0,30,0,0,11699,11728,29957,2.92e-07,60.0,49.77801515505558,Caudovirales,Medium-quality,Bacteroides ovatus,virulent,MGV
GCA_002529215.1@10_5,Porphyromonas gingivalis,MGV-GENOME-0211214,100.0,30,0,0,29369,29398,29957,2.92e-07,60.0,49.77801515505558,Caudovirales,Medium-quality,Bacteroides ovatus,virulent,MGV
GCA_002529215.1@10_8,Porphyromonas gingivalis,IMGVR_UViG_2858652038_000001|2858652038|2858652105|9513-66683,100.0,30,0,0,21571,21600,57171,2.92e-07,60.0,51.34596211365903,Caudoviricetes,High-quality,Porphyromonas gingivalis,temperate,IMG_VR
GCA_002529215.1@10_12,Porphyromonas gingivalis,IMGVR_UViG_2858652038_000001|2858652038|2858652105|9513-66683,96.552,29,1,0,30691,30719,57171,0.000281,50.1,51.34596211365903,Caudoviricetes,High-quality,Porphyromonas gingivalis,temperate,IMG_VR
GCA_002529215.1@10_13,Porphyromonas gingivalis,IMGVR_UViG_2531839003_000001|2531839003|2531840682|878-52163,100.0,30,0,0,36837,36808,51286,2.92e-07,60.0,52.12533634910111,Caudoviricetes,High-quality,Porphyromonas gingivalis,temperate,IMG_VR
GCA_002529215.1@10_17,Porphyromonas gingivalis,MGV-GENOME-0272237,100.0,30,0,0,5402,5431,35387,2.92e-07,60.0,48.2013168677763,Caudovirales,Medium-quality,Ruminiclostridium siraeum,temperate,MGV
GCA_900100075.1@9_6,Chryseobacterium jejuense,IMGVR_UViG_2681813505_000001|2681813505|2681918585|675256-714161,96.667,30,1,0,37830,37859,38906,7.11e-05,52.0,33.15169896674035,Caudoviricetes,High-quality,Chryseobacterium joostei,temperate,IMG_VR
GCA_900100075.1@9_6,Chryseobacterium jejuense,IMGVR_UViG_2684623028_000001|2684623028|2684692253,96.667,30,1,0,17472,17443,39915,7.11e-05,52.0,34.13253162971314,Caudoviricetes,High-quality,Chryseobacterium oranimense,virulent,IMG_VR
GCA_900100075.1@9_6,Chryseobacterium jejuense,TemPhD_cluster_41486,96.667,30,1,0,39271,39300,42463,7.11e-05,52.0,32.63076089772272,Caudovirales,High-quality,Chryseobacterium joostei,temperate,TEMPHD
GCA_900100075.1@9_3,Chryseobacterium jejuense,IMGVR_UViG_2816332188_000001|2816332188|2816336741|251950-302245,96.667,30,0,1,10283,10311,50296,0.017,44.1,34.448067440750755,Caudoviricetes,High-quality,Chryseobacterium aquifrigidense,temperate,IMG_VR
GCA_014844335.1@14_8,Flavobacterium columnare,Station191_SUR_ALL_assembly_NODE_18_length_111890_cov_446.688988,96.552,29,1,0,79274,79302,111890,0.000281,50.1,33.848422557869334,Caudovirales,Medium-quality,Cellulophaga baltica,virulent,GOV2
GCA_014844335.1@14_8,Flavobacterium columnare,Station188_DCM_ALL_assembly_NODE_2728_length_22965_cov_7.986469,96.552,29,1,0,22930,22958,22965,0.000281,50.1,29.97605051164816,Caudovirales,Low-quality,Clostridioides difficile,virulent,GOV2
GCA_014844335.1@14_8,Flavobacterium columnare,Station194_SUR_ALL_assembly_NODE_5263_length_10389_cov_61.048771,96.552,29,1,0,9760,9788,10389,0.000281,50.1,34.30551544903263,Caudovirales,Low-quality,Bacteroides xylanisolvens,virulent,GOV2
GCA_014844335.1@14_10,Flavobacterium columnare,KM873719.2,100.0,30,0,0,44354,44383,47142,2.92e-07,60.0,30.198124814390564,Caudovirales,High-quality,Campylobacter coli,virulent,GENBANK
GCA_014844335.1@14_10,Flavobacterium columnare,NC_041845.1,100.0,30,0,0,45056,45085,46450,2.92e-07,60.0,29.82346609257266,Caudovirales,High-quality,Flavobacterium columnare,virulent,REFSEQ
GCA_014844335.1@14_9,Flavobacterium columnare,NC_041845.1,100.0,30,0,0,37336,37365,46450,2.92e-07,60.0,29.82346609257266,Caudovirales,High-quality,Flavobacterium columnare,virulent,REFSEQ
GCA_002797135.1@14_4,Prevotella intermedia,MGV-GENOME-0327944,100.0,30,0,0,7804,7775,43218,2.92e-07,60.0,43.53278726456569,Caudovirales,High-quality,Bacteroides vulgatus,virulent,MGV
GCA_002797135.1@14_4,Prevotella intermedia,IMGVR_UViG_2874499349_000001|2874499349|2874499349|50467-102037,100.0,30,0,0,7445,7416,51571,2.92e-07,60.0,43.22778305636889,Caudoviricetes,High-quality,Prevotella intermedia,temperate,IMG_VR
GCA_002797135.1@14_3,Prevotella intermedia,Station84_SUR_COMBINED_FINAL_NODE_2830_length_17118_cov_103.152611,93.103,29,2,0,16664,16636,17118,0.069,42.1,33.99345717957705,,Medium-quality,Parabacteroides gordonii,virulent,GOV2
GCA_900157245.1@15_2,Porphyromonas gingivalis,TemPhD_cluster_26955,100.0,30,0,0,14175,14146,48785,2.92e-07,60.0,48.87362918929999,Caudovirales,High-quality,Porphyromonas gulae,temperate,TEMPHD
GCA_900157245.1@15_4,Porphyromonas gingivalis,uvig_586296,90.0,30,3,0,13149,13178,33819,4.2,36.2,28.306573228067062,Caudovirales,Low-quality,Prevotella copri,virulent,GPD
GCA_014844395.1@14_8,Flavobacterium columnare,Station191_SUR_ALL_assembly_NODE_18_length_111890_cov_446.688988,96.552,29,1,0,79274,79302,111890,0.000281,50.1,33.848422557869334,Caudovirales,Medium-quality,Cellulophaga baltica,virulent,GOV2
GCA_014844395.1@14_8,Flavobacterium columnare,Station188_DCM_ALL_assembly_NODE_2728_length_22965_cov_7.986469,96.552,29,1,0,22930,22958,22965,0.000281,50.1,29.97605051164816,Caudovirales,Low-quality,Clostridioides difficile,virulent,GOV2
GCA_014844395.1@14_8,Flavobacterium columnare,Station194_SUR_ALL_assembly_NODE_5263_length_10389_cov_61.048771,96.552,29,1,0,9760,9788,10389,0.000281,50.1,34.30551544903263,Caudovirales,Low-quality,Bacteroides xylanisolvens,virulent,GOV2
GCA_014844395.1@14_10,Flavobacterium columnare,KM873719.2,100.0,30,0,0,44354,44383,47142,2.92e-07,60.0,30.198124814390564,Caudovirales,High-quality,Campylobacter coli,virulent,GENBANK
GCA_014844395.1@14_10,Flavobacterium columnare,NC_041845.1,100.0,30,0,0,45056,45085,46450,2.92e-07,60.0,29.82346609257266,Caudovirales,High-quality,Flavobacterium columnare,virulent,REFSEQ
GCA_014844395.1@14_9,Flavobacterium columnare,NC_041845.1,100.0,30,0,0,37336,37365,46450,2.92e-07,60.0,29.82346609257266,Caudovirales,High-quality,Flavobacterium columnare,virulent,REFSEQ
